GAME_ID,POSSESSION_ID,PERIOD,START_CLOCK,END_CLOCK,EVENTS,ACTION_TYPES,EVENT_LIST,TEAM,team,TEAM_ID,PLAYER_ID,PLAYER_NAME,HOME_SCORE,AWAY_SCORE,FIRST_SHOT_RESULT,FIRST_SHOT_VALUE,FIRST_SHOT_SUBTYPE,FIRST_SHOT_PLAYER,FIRST_SHOT_X_LEGACY,FIRST_SHOT_Y_LEGACY,FIRST_SHOT_DISTANCE,FIRST_SHOT_SECONDS,POSS_LENGTH,TIME_UNTIL_FIRST_SHOT,SHOT_TIME_FOR_ANALYSIS,TWO_FOR_ONE_ATTEMPT,NO_TWO_FOR_ONE_ATTEMPT,POSS_PTS,FREE_THROW_PTS,TWO_FOR_ONE_SECOND_POSSESSION?,NON_TWO_FOR_ONE_SECOND_POSSESSION?,SECOND_POSSESSION_PTS,SECOND_POSSESSION_SHOT_RESULT,SECOND_POSSESSION_SHOT_SECONDS,TWO_FOR_ONE_SECOND_POSSESSION_PTS,TOTAL_PTS_ON_ALL_2FOR1_POSS,TEAM_ABBREV,logo,Player,Images
0022500001,202,4,PT00M33.50S,PT00M33.50S,1,Missed Shot,MISS Wallace 25' 3PT Jump Shot,OKC,Oklahoma City Thunder,1610612760,1641717,C. Wallace,102,103,Missed,3.0,Jump Shot,C. Wallace,154.0,198.0,25.0,34.0,4.0,0.0,4.0,1,0,0.0,0,1.0,,2.0,Made,3.0,2.0,2.0,OKC,https://cdn.nba.com/logos/nba/1610612760/primary/L/logo.svg,Cason Wallace,https://cdn.nba.com/headshots/nba/latest/1040x760/1641717.png
0022500002,208,4,PT00M39.10S,PT00M35.50S,2,"Timeout, Missed Shot",LAKERS Timeout: Regular (Full 5 Short 0) | MISS Doncic 3PT Fadeaway Jumper,LAL,Los Angeles Lakers,1610612747,1629029,L. Dončić,109,119,Missed,3.0,Fadeaway Jump Shot,L. Dončić,-227.0,22.0,0.0,36.0,3.0,3.0,3.0,1,0,0.0,0,0.0,,,,,0.0,0.0,LAL,https://cdn.nba.com/logos/nba/1610612747/primary/L/logo.svg,Luka Dončić,https://cdn.nba.com/headshots/nba/latest/1040x760/1629029.png
0022500003,213,4,PT00M37.40S,PT00M34.70S,2,"Steal, Made Shot",Anunoby STEAL (3 STL) | Anunoby 1' Running Reverse Dunk Shot (23 PTS) (Brunson 5 AST),NYK,New York Knicks,1610612752,1628384,O. Anunoby,118,108,Made,2.0,Running Reverse Dunk Shot,O. Anunoby,-12.0,2.0,1.0,35.0,2.0,2.0,2.0,1,0,2.0,0,1.0,,0.0,,,0.0,2.0,NYK,https://cdn.nba.com/logos/nba/1610612752/primary/L/logo.svg,OG Anunoby,https://cdn.nba.com/headshots/nba/latest/1040x760/1628384.png
0022500005,219,4,PT00M34.10S,PT00M17.00S,2,"Rebound, Missed Shot",Sheppard REBOUND (Off:0 Def:4) | MISS Siakam 26' 3PT Pullup Jump Shot,IND,Indiana Pacers,1610612754,1627783,P. Siakam,111,112,Missed,3.0,Pullup Jump shot,P. Siakam,-25.0,257.0,26.0,17.0,17.0,17.0,17.0,0,1,0.0,0,,1.0,2.0,Made,7.0,2.0,2.0,IND,https://cdn.nba.com/logos/nba/1610612754/primary/L/logo.svg,Pascal Siakam,https://cdn.nba.com/headshots/nba/latest/1040x760/1627783.png
0022500006,96,2,PT00M38.80S,PT00M33.50S,2,"Rebound, Missed Shot",Murray REBOUND (Off:1 Def:1) | MISS Murray 5' Driving Layup,DEN,Denver Nuggets,1610612743,1627750,J. Murray,57,70,Missed,2.0,Driving Layup Shot,J. Murray,-54.0,-5.0,5.0,34.0,5.0,5.0,5.0,1,0,0.0,0,1.0,,0.0,,,0.0,0.0,DEN,https://cdn.nba.com/logos/nba/1610612743/primary/L/logo.svg,Jamal Murray,https://cdn.nba.com/headshots/nba/latest/1040x760/1627750.png
0022500010,102,2,PT00M34.20S,PT00M26.70S,2,"Rebound, Made Shot",K. Williams REBOUND (Off:1 Def:2) | Wallace 3PT Jump Shot (3 PTS) (Gilgeous-Alexander 2 AST),OKC,Oklahoma City Thunder,1610612760,1641717,C. Wallace,60,69,Made,3.0,Jump Shot,C. Wallace,233.0,22.0,0.0,27.0,7.0,7.0,7.0,1,0,3.0,0,0.0,,,,,0.0,3.0,OKC,https://cdn.nba.com/logos/nba/1610612760/primary/L/logo.svg,Cason Wallace,https://cdn.nba.com/headshots/nba/latest/1040x760/1641717.png
0022500014,48,1,PT00M37.00S,PT00M34.80S,2,"Rebound, Missed Shot",HAWKS Rebound | MISS Okongwu 26' 3PT Jump Shot,ATL,Atlanta Hawks,1610612737,1630168,O. Okongwu,19,18,Missed,3.0,Jump Shot,O. Okongwu,104.0,239.0,26.0,35.0,2.0,2.0,2.0,1,0,0.0,0,1.0,,0.0,Missed,2.0,0.0,0.0,ATL,https://cdn.nba.com/logos/nba/1610612737/primary/L/logo.svg,Onyeka Okongwu,https://cdn.nba.com/headshots/nba/latest/1040x760/1630168.png
0022500014,204,4,PT00M36.10S,PT00M31.10S,2,"Timeout, Missed Shot",HAWKS Timeout: Regular (Full 6 Short 0) | MISS McCollum 2' Driving Floating Jump Shot,ATL,Atlanta Hawks,1610612737,203468,C. McCollum,105,109,Missed,2.0,Driving Floating Jump Shot,C. McCollum,20.0,11.0,2.0,31.0,5.0,5.0,5.0,1,0,0.0,0,1.0,,2.0,Made,26.0,2.0,2.0,ATL,https://cdn.nba.com/logos/nba/1610612737/primary/L/logo.svg,CJ McCollum,https://cdn.nba.com/headshots/nba/latest/1040x760/203468.png
0022500015,113,2,PT00M39.40S,PT00M34.30S,2,"Rebound, Missed Shot",Holmgren REBOUND (Off:1 Def:2) | MISS Gilgeous-Alexander 32' 3PT Pullup Jump Shot,OKC,Oklahoma City Thunder,1610612760,1628983,S. Gilgeous-Alexander,49,66,Missed,3.0,Pullup Jump shot,S. Gilgeous-Alexander,120.0,295.0,32.0,34.0,5.0,5.0,5.0,1,0,0.0,0,0.0,,,,,0.0,0.0,OKC,https://cdn.nba.com/logos/nba/1610612760/primary/L/logo.svg,Shai Gilgeous-Alexander,https://cdn.nba.com/headshots/nba/latest/1040x760/1628983.png
0022500020,49,1,PT00M34.30S,PT00M20.20S,2,"Rebound, Made Shot",Wallace REBOUND (Off:0 Def:2) | Okongwu 24' 3PT Jump Shot (6 PTS) (Wallace 4 AST),ATL,Atlanta Hawks,1610612737,1630168,O. Okongwu,27,32,Made,3.0,Jump Shot,O. Okongwu,240.0,40.0,24.0,20.0,14.0,14.0,14.0,0,1,3.0,0,,0.0,,,,0.0,3.0,ATL,https://cdn.nba.com/logos/nba/1610612737/primary/L/logo.svg,Onyeka Okongwu,https://cdn.nba.com/headshots/nba/latest/1040x760/1630168.png
0022500022,205,4,PT00M36.80S,PT00M28.90S,4,"Timeout, Missed Shot, Rebound, Made Shot",CAVALIERS Timeout: Regular (Full 6 Short 0) | MISS Hunter 25' 3PT Turnaround Jump Shot | Mobley REBOUND (Off:3 Def:5) | Hunter 27' 3PT Pullup Jump Shot (26 PTS) (Mobley 3 AST),CLE,Cleveland Cavaliers,1610612739,1629631,D. Hunter,101,108,Missed,3.0,Turnaround Jump Shot,D. Hunter,228.0,110.0,25.0,34.0,8.0,3.0,3.0,1,0,3.0,0,1.0,,0.0,Missed,12.0,0.0,3.0,CLE,https://cdn.nba.com/logos/nba/1610612739/primary/L/logo.svg,De'Andre Hunter,https://cdn.nba.com/headshots/nba/latest/1040x760/1629631.png
0022500023,101,2,PT00M39.60S,PT00M34.90S,2,"Rebound, Made Shot",Vucevic REBOUND (Off:0 Def:4) | Giddey 25' 3PT Running Jump Shot (18 PTS) (Dosunmu 5 AST),CHI,Chicago Bulls,1610612741,1630581,J. Giddey,69,50,Made,3.0,Running Jump Shot,J. Giddey,-208.0,130.0,25.0,35.0,5.0,5.0,5.0,1,0,3.0,0,1.0,,3.0,Made,5.0,3.0,6.0,CHI,https://cdn.nba.com/logos/nba/1610612741/primary/L/logo.svg,Josh Giddey,https://cdn.nba.com/headshots/nba/latest/1040x760/1630581.png
0022500030,49,1,PT00M36.20S,PT00M29.90S,2,"Rebound, Missed Shot",Wallace REBOUND (Off:0 Def:1) | MISS Daniels 1' Driving Layup,ATL,Atlanta Hawks,1610612737,1630700,D. Daniels,26,24,Missed,2.0,Driving Layup Shot,D. Daniels,-12.0,3.0,1.0,30.0,6.0,6.0,6.0,1,0,0.0,0,1.0,,0.0,Missed,4.0,0.0,0.0,ATL,https://cdn.nba.com/logos/nba/1610612737/primary/L/logo.svg,Dyson Daniels,https://cdn.nba.com/headshots/nba/latest/1040x760/1630700.png
0022500031,107,2,PT00M35.40S,PT00M29.10S,2,"Rebound, Made Shot",Duren REBOUND (Off:1 Def:4) | Cunningham 18' Step Back Jump Shot (14 PTS),DET,Detroit Pistons,1610612765,1630595,C. Cunningham,55,60,Made,2.0,Step Back Jump shot,C. Cunningham,-104.0,145.0,18.0,29.0,6.0,6.0,6.0,1,0,2.0,0,0.0,,,,,0.0,2.0,DET,https://cdn.nba.com/logos/nba/1610612765/primary/L/logo.svg,Cade Cunningham,https://cdn.nba.com/headshots/nba/latest/1040x760/1630595.png
0022500033,168,3,PT00M39.40S,PT00M11.00S,4,"Rebound, Missed Shot, Rebound, Made Shot",Connaughton REBOUND (Off:2 Def:2) | MISS Mann 11' Driving Floating Jump Shot | Diabate REBOUND (Off:6 Def:3) | Diabate Tip Layup Shot (8 PTS),CHA,Charlotte Hornets,1610612766,1631217,M. Diabaté,94,88,Missed,2.0,Driving Floating Jump Shot,T. Mann,6.0,109.0,11.0,15.0,28.0,24.0,24.0,0,1,2.0,0,,0.0,,,,0.0,2.0,CHA,https://cdn.nba.com/logos/nba/1610612766/primary/L/logo.svg,Tre Mann,https://cdn.nba.com/headshots/nba/latest/1040x760/1630544.png
0022500039,107,2,PT00M40.00S,PT00M33.90S,2,"Rebound, Made Shot",Towns REBOUND (Off:0 Def:3) | Hart 2' Driving Finger Roll Layup (7 PTS),NYK,New York Knicks,1610612752,1628404,J. Hart,76,66,Made,2.0,Driving Finger Roll Layup Shot,J. Hart,-7.0,18.0,2.0,34.0,6.0,6.0,6.0,1,0,2.0,0,1.0,,2.0,Made,0.0,2.0,4.0,NYK,https://cdn.nba.com/logos/nba/1610612752/primary/L/logo.svg,Josh Hart,https://cdn.nba.com/headshots/nba/latest/1040x760/1628404.png
0022500041,205,4,PT00M34.70S,PT00M30.00S,4,"Rebound, Timeout, Foul, Missed Shot",76ers Rebound | 76ers Timeout: Regular (Reg.6 Short 0) | LeVert P.FOUL (P2.T4) (J.Butler) | MISS Grimes 5' Driving Reverse Layup,PHI,Philadelphia 76ers,1610612755,1629656,Q. Grimes,114,105,Missed,2.0,Driving Reverse Layup Shot,Q. Grimes,-11.0,46.0,5.0,30.0,5.0,5.0,5.0,1,0,0.0,0,1.0,,0.0,Missed,1.0,0.0,0.0,PHI,https://cdn.nba.com/logos/nba/1610612755/primary/L/logo.svg,Quentin Grimes,https://cdn.nba.com/headshots/nba/latest/1040x760/1629656.png
0022500043,104,2,PT00M37.50S,PT00M17.90S,4,"Steal, Missed Shot, Rebound, Made Shot",Connaughton STEAL (2 STL) | MISS Bridges 26' 3PT Running Pull-Up Jump Shot | Mann REBOUND (Off:1 Def:2) | Diabate 2' Tip Dunk Shot (8 PTS),CHA,Charlotte Hornets,1610612766,1631217,M. Diabaté,61,69,Missed,3.0,Running Pull-Up Jump Shot,M. Bridges,15.0,257.0,26.0,32.0,20.0,6.0,6.0,1,0,2.0,0,0.0,,,,,0.0,2.0,CHA,https://cdn.nba.com/logos/nba/1610612766/primary/L/logo.svg,Miles Bridges,https://cdn.nba.com/headshots/nba/latest/1040x760/1628970.png
0022500044,48,1,PT00M40.10S,PT00M25.70S,6,"Rebound, Missed Shot, Rebound, Missed Shot, Rebound, Made Shot",McDaniels REBOUND (Off:1 Def:1) | MISS Reid 25' 3PT Jump Shot | Randle REBOUND (Off:1 Def:1) | MISS Randle 4' Putback Layup | DiVincenzo REBOUND (Off:1 Def:3) | McDaniels 4' Driving Floating Jump Shot (6 PTS) (Reid 2 AST),MIN,Minnesota Timberwolves,1610612750,1630183,J. McDaniels,34,28,Missed,3.0,Jump Shot,N. Reid,-205.0,148.0,25.0,39.0,14.0,1.0,1.0,1,0,2.0,0,1.0,,1.0,,,1.0,3.0,MIN,https://cdn.nba.com/logos/nba/1610612750/primary/L/logo.svg,Naz Reid,https://cdn.nba.com/headshots/nba/latest/1040x760/1629675.png
0022500046,247,5,PT00M35.30S,PT00M30.60S,2,"Timeout, Made Shot",Clippers Timeout: Regular (Reg.8 Short 0) | Harden 27' 3PT Pullup Jump Shot (37 PTS) (Bogdanovic 3 AST),LAC,LA Clippers,1610612746,201935,J. Harden,121,123,Made,3.0,Pullup Jump shot,J. Harden,-6.0,269.0,27.0,31.0,4.0,4.0,4.0,1,0,3.0,0,1.0,,0.0,Missed,1.0,0.0,3.0,LAC,https://cdn.nba.com/logos/nba/1610612746/primary/L/logo.svg,James Harden,https://cdn.nba.com/headshots/nba/latest/1040x760/201935.png
0022500046,266,6,PT00M36.80S,PT00M33.90S,4,"Rebound, Timeout, Violation, Missed Shot",Marshall REBOUND (Off:2 Def:6) | MAVERICKS Timeout: Regular (Full 8 Short 0) | Batum Violation:Kicked Ball (N.Buchert) | MISS Christie 27' 3PT Pullup Jump Shot,DAL,Dallas Mavericks,1610612742,1631108,M. Christie,127,133,Missed,3.0,Pullup Jump shot,M. Christie,120.0,238.0,27.0,34.0,3.0,3.0,3.0,1,0,0.0,0,1.0,,0.0,,,0.0,0.0,DAL,https://cdn.nba.com/logos/nba/1610612742/primary/L/logo.svg,Max Christie,https://cdn.nba.com/headshots/nba/latest/1040x760/1631108.png
0022500047,206,4,PT00M37.40S,PT00M32.50S,2,"Rebound, Missed Shot",Curry REBOUND (Off:0 Def:4) | MISS Butler III 1' Running Finger Roll Layup,GSW,Golden State Warriors,1610612744,202710,J. Butler III,108,107,Missed,2.0,Running Finger Roll Layup Shot,J. Butler III,-1.0,6.0,1.0,32.0,5.0,5.0,5.0,1,0,0.0,0,1.0,,2.0,,,2.0,2.0,GSW,https://cdn.nba.com/logos/nba/1610612744/primary/L/logo.svg,Jimmy Butler,https://cdn.nba.com/headshots/nba/latest/1040x760/202710.png
0022500048,52,1,PT00M39.30S,PT00M34.60S,2,"Rebound, Missed Shot",Mitchell REBOUND (Off:0 Def:1) | MISS Mitchell 24' 3PT Running Pull-Up Jump Shot,CLE,Cleveland Cavaliers,1610612739,1628378,D. Mitchell,31,31,Missed,3.0,Running Pull-Up Jump Shot,D. Mitchell,11.0,243.0,24.0,35.0,4.0,4.0,4.0,1,0,0.0,0,1.0,,2.0,,,2.0,2.0,CLE,https://cdn.nba.com/logos/nba/1610612739/primary/L/logo.svg,Donovan Mitchell,https://cdn.nba.com/headshots/nba/latest/1040x760/1628378.png
0022500049,202,4,PT00M34.00S,PT00M26.80S,2,"Rebound, Made Shot",Walsh REBOUND (Off:2 Def:4) | Pritchard 6' Running Finger Roll Layup (13 PTS),BOS,Boston Celtics,1610612738,1630202,P. Pritchard,105,113,Made,2.0,Running Finger Roll Layup Shot,P. Pritchard,-55.0,10.0,6.0,27.0,7.0,7.0,7.0,1,0,2.0,0,0.0,,,,,0.0,2.0,BOS,https://cdn.nba.com/logos/nba/1610612738/primary/L/logo.svg,Payton Pritchard,https://cdn.nba.com/headshots/nba/latest/1040x760/1630202.png
0022500060,155,3,PT00M38.80S,PT00M23.50S,2,"Rebound, Missed Shot",White REBOUND (Off:2 Def:5) | MISS White 27' 3PT Pullup Jump Shot,BOS,Boston Celtics,1610612738,1628401,D. White,83,81,Missed,3.0,Pullup Jump shot,D. White,-38.0,267.0,27.0,24.0,15.0,15.0,15.0,0,1,0.0,0,,1.0,3.0,,,3.0,3.0,BOS,https://cdn.nba.com/logos/nba/1610612738/primary/L/logo.svg,Derrick White,https://cdn.nba.com/headshots/nba/latest/1040x760/1628401.png
0022500063,211,4,PT00M34.90S,PT00M14.70S,2,"Rebound, Missed Shot",Huff REBOUND (Off:0 Def:6) | MISS Siakam 5' Driving Finger Roll Layup,IND,Indiana Pacers,1610612754,1627783,P. Siakam,95,95,Missed,2.0,Driving Finger Roll Layup Shot,P. Siakam,32.0,39.0,5.0,15.0,20.0,20.0,20.0,0,1,0.0,0,,1.0,0.0,Missed,0.0,0.0,0.0,IND,https://cdn.nba.com/logos/nba/1610612754/primary/L/logo.svg,Pascal Siakam,https://cdn.nba.com/headshots/nba/latest/1040x760/1627783.png
0022500065,103,2,PT00M39.00S,PT00M37.00S,2,"Rebound, Missed Shot",Bey REBOUND (Off:1 Def:4) | MISS Alvarado 29' 3PT Running Pull-Up Jump Shot,NOP,New Orleans Pelicans,1610612740,1630631,J. Alvarado,68,53,Missed,3.0,Running Pull-Up Jump Shot,J. Alvarado,-201.0,212.0,29.0,37.0,2.0,2.0,2.0,1,0,0.0,0,0.0,,,,,0.0,0.0,NOP,https://cdn.nba.com/logos/nba/1610612740/primary/L/logo.svg,Jose Alvarado,https://cdn.nba.com/headshots/nba/latest/1040x760/1630631.png
0022500066,44,1,PT00M33.70S,PT00M26.80S,2,"Rebound, Missed Shot",Capela REBOUND (Off:4 Def:2) | MISS Sengun 27' 3PT Jump Shot,HOU,Houston Rockets,1610612745,1630578,A. Sengun,25,22,Missed,3.0,Jump Shot,A. Sengun,-170.0,204.0,27.0,27.0,7.0,7.0,7.0,1,0,0.0,0,0.0,,,,,0.0,0.0,HOU,https://cdn.nba.com/logos/nba/1610612745/primary/L/logo.svg,Alperen Şengün,https://cdn.nba.com/headshots/nba/latest/1040x760/1630578.png
0022500067,164,3,PT00M33.90S,PT00M23.70S,2,"Foul, Missed Shot",Grant P.FOUL (P2.T3) (S.Twardoski) | MISS Fox 26' 3PT Step Back Jump Shot,SAS,San Antonio Spurs,1610612759,1628368,D. Fox,83,88,Missed,3.0,Step Back Jump shot,D. Fox,37.0,262.0,26.0,24.0,10.0,10.0,10.0,0,1,0.0,0,,1.0,3.0,Made,2.0,3.0,3.0,SAS,https://cdn.nba.com/logos/nba/1610612759/primary/L/logo.svg,De'Aaron Fox,https://cdn.nba.com/headshots/nba/latest/1040x760/1628368.png
0022500068,101,2,PT00M34.50S,PT00M27.00S,4,"Rebound, Missed Shot, Rebound, Made Shot",Goodwin REBOUND (Off:1 Def:3) | MISS Booker 30' 3PT Running Pull-Up Jump Shot | Goodwin REBOUND (Off:2 Def:3) | Goodwin 8' Putback Layup (4 PTS),PHX,Phoenix Suns,1610612756,1630692,J. Goodwin,45,67,Missed,3.0,Running Pull-Up Jump Shot,D. Booker,113.0,279.0,30.0,29.0,7.0,5.0,5.0,1,0,2.0,0,0.0,,,,,0.0,2.0,PHX,https://cdn.nba.com/logos/nba/1610612756/primary/L/logo.svg,Devin Booker,https://cdn.nba.com/headshots/nba/latest/1040x760/1626164.png
0022500069,221,4,PT00M38.90S,PT00M32.30S,2,"Rebound, Missed Shot",Cavaliers Rebound | MISS Mobley 3PT Jump Shot,CLE,Cleveland Cavaliers,1610612739,1630596,E. Mobley,130,123,Missed,3.0,Jump Shot,E. Mobley,-223.0,2.0,0.0,32.0,7.0,7.0,7.0,1,0,0.0,0,1.0,,0.0,Missed,23.0,0.0,0.0,CLE,https://cdn.nba.com/logos/nba/1610612739/primary/L/logo.svg,Evan Mobley,https://cdn.nba.com/headshots/nba/latest/1040x760/1630596.png
0022500071,169,3,PT00M34.90S,PT00M32.20S,2,"Rebound, Made Shot",HORNETS Rebound | Miller 3PT Pullup Jump Shot (25 PTS) (Sexton 3 AST),CHA,Charlotte Hornets,1610612766,1641706,B. Miller,93,94,Made,3.0,Pullup Jump shot,B. Miller,228.0,47.0,0.0,32.0,3.0,3.0,3.0,1,0,3.0,0,1.0,,0.0,Missed,0.0,0.0,3.0,CHA,https://cdn.nba.com/logos/nba/1610612766/primary/L/logo.svg,Brandon Miller,https://cdn.nba.com/headshots/nba/latest/1040x760/1641706.png
0022500072,65,1,PT00M33.80S,PT00M27.70S,2,"Rebound, Made Shot",Jones REBOUND (Off:0 Def:1) | Black 8' Driving Layup (7 PTS),ORL,Orlando Magic,1610612753,1641710,A. Black,33,29,Made,2.0,Driving Layup Shot,A. Black,51.0,57.0,8.0,28.0,6.0,6.0,6.0,1,0,2.0,0,1.0,,2.0,,,2.0,4.0,ORL,https://cdn.nba.com/logos/nba/1610612753/primary/L/logo.svg,Anthony Black,https://cdn.nba.com/headshots/nba/latest/1040x760/1641710.png
0022500072,169,3,PT00M34.00S,PT00M12.70S,4,"Rebound, Foul, Free Throw, Missed Shot",Carter Jr. REBOUND (Off:1 Def:7) | Cunningham T.FOUL (P2.PN) (D.Guthrie) | Bane Free Throw Technical (30 PTS) | MISS Bane 5' Driving Layup,ORL,Orlando Magic,1610612753,1630217,D. Bane,82,89,Missed,2.0,Driving Layup Shot,D. Bane,53.0,7.0,5.0,13.0,21.0,21.0,21.0,0,1,1.0,1,,1.0,0.0,Missed,10.0,0.0,1.0,ORL,https://cdn.nba.com/logos/nba/1610612753/primary/L/logo.svg,Desmond Bane,https://cdn.nba.com/headshots/nba/latest/1040x760/1630217.png
0022500073,55,1,PT00M35.80S,PT00M23.40S,3,"Missed Shot, Rebound, Missed Shot",MISS George 27' 3PT Step Back Jump Shot | Vukcevic REBOUND (Off:1 Def:0) | MISS Vukcevic 27' 3PT Jump Shot,WAS,Washington Wizards,1610612764,1641774,T. Vukcevic,28,24,Missed,3.0,Step Back Jump shot,K. George,12.0,267.0,27.0,36.0,25.0,0.0,25.0,0,1,0.0,0,,0.0,,,,0.0,0.0,WAS,https://cdn.nba.com/logos/nba/1610612764/primary/L/logo.svg,Kyshawn George,https://cdn.nba.com/headshots/nba/latest/1040x760/1642273.png
0022500074,101,2,PT00M33.70S,PT00M14.10S,2,"Rebound, Made Shot",KNICKS Rebound | Bridges 6' Driving Floating Jump Shot (5 PTS) (Brunson 3 AST),NYK,New York Knicks,1610612752,1628969,M. Bridges,61,59,Made,2.0,Driving Floating Jump Shot,M. Bridges,-62.0,8.0,6.0,14.0,20.0,20.0,20.0,0,1,2.0,0,,1.0,0.0,,,0.0,2.0,NYK,https://cdn.nba.com/logos/nba/1610612752/primary/L/logo.svg,Mikal Bridges,https://cdn.nba.com/headshots/nba/latest/1040x760/1628969.png
0022500075,55,1,PT00M35.50S,PT00M30.10S,2,"Steal, Missed Shot",Caruso STEAL (1 STL) | MISS Gilgeous-Alexander 2' Running Layup,OKC,Oklahoma City Thunder,1610612760,1628983,S. Gilgeous-Alexander,25,23,Missed,2.0,Running Layup Shot,S. Gilgeous-Alexander,-13.0,-15.0,2.0,30.0,6.0,6.0,6.0,1,0,0.0,0,1.0,,0.0,Missed,2.0,0.0,0.0,OKC,https://cdn.nba.com/logos/nba/1610612760/primary/L/logo.svg,Shai Gilgeous-Alexander,https://cdn.nba.com/headshots/nba/latest/1040x760/1628983.png
0022500075,222,4,PT00M36.20S,PT00M22.80S,2,"Rebound, Missed Shot",Booker REBOUND (Off:2 Def:6) | MISS Brooks 3PT Jump Shot,PHX,Phoenix Suns,1610612756,1628415,D. Brooks,120,117,Missed,3.0,Jump Shot,D. Brooks,-227.0,-25.0,0.0,23.0,13.0,13.0,13.0,0,1,0.0,0,,1.0,2.0,Made,14.0,2.0,2.0,PHX,https://cdn.nba.com/logos/nba/1610612756/primary/L/logo.svg,Dillon Brooks,https://cdn.nba.com/headshots/nba/latest/1040x760/1628415.png
0022500076,51,1,PT00M34.70S,PT00M16.90S,2,"Rebound, Made Shot",Johnson REBOUND (Off:0 Def:2) | Kornet 1' Alley Oop Dunk (4 PTS) (Champagnie 1 AST),SAS,San Antonio Spurs,1610612759,1628436,L. Kornet,33,41,Made,2.0,Alley Oop Dunk Shot,L. Kornet,-5.0,14.0,1.0,17.0,18.0,18.0,18.0,0,1,2.0,0,,1.0,0.0,Missed,1.0,0.0,2.0,SAS,https://cdn.nba.com/logos/nba/1610612759/primary/L/logo.svg,Luke Kornet,https://cdn.nba.com/headshots/nba/latest/1040x760/1628436.png
0022500077,211,4,PT00M40.50S,PT00M37.90S,2,"Rebound, Made Shot",Westbrook REBOUND (Off:4 Def:8) | Raynaud 5' Running Dunk (11 PTS) (Westbrook 13 AST),SAC,Sacramento Kings,1610612758,1642875,M. Raynaud,120,111,Made,2.0,Running Dunk Shot,M. Raynaud,-38.0,31.0,5.0,38.0,2.0,2.0,2.0,1,0,2.0,0,1.0,,2.0,Made,30.0,2.0,4.0,SAC,https://cdn.nba.com/logos/nba/1610612758/primary/L/logo.svg,Maxime Raynaud,https://cdn.nba.com/headshots/nba/latest/1040x760/1642875.png
0022500078,102,2,PT00M33.60S,PT00M27.80S,2,"Steal, Made Shot",Washington STEAL (1 STL) | Christie 24' 3PT Running Jump Shot (11 PTS) (Washington 1 AST),DAL,Dallas Mavericks,1610612742,1631108,M. Christie,58,62,Made,3.0,Running Jump Shot,M. Christie,-234.0,22.0,24.0,28.0,6.0,6.0,6.0,1,0,3.0,0,1.0,,0.0,Missed,2.0,0.0,3.0,DAL,https://cdn.nba.com/logos/nba/1610612742/primary/L/logo.svg,Max Christie,https://cdn.nba.com/headshots/nba/latest/1040x760/1631108.png
0022500081,114,2,PT00M36.40S,PT00M32.40S,2,"Rebound, Missed Shot",Jovic REBOUND (Off:0 Def:3) | MISS Jovic 27' 3PT Running Jump Shot,MIA,Miami Heat,1610612748,1631107,N. Jović,69,65,Missed,3.0,Running Jump Shot,N. Jović,27.0,273.0,27.0,32.0,4.0,4.0,4.0,1,0,0.0,0,0.0,,,,,0.0,0.0,MIA,https://cdn.nba.com/logos/nba/1610612748/primary/L/logo.svg,Nikola Jović,https://cdn.nba.com/headshots/nba/latest/1040x760/1631107.png
0022500082,57,1,PT00M39.00S,PT00M33.50S,2,"Rebound, Missed Shot",Porzingis REBOUND (Off:1 Def:3) | MISS Young 29' 3PT Running Pull-Up Jump Shot,ATL,Atlanta Hawks,1610612737,1629027,T. Young,31,34,Missed,3.0,Running Pull-Up Jump Shot,T. Young,15.0,294.0,29.0,34.0,5.0,5.0,5.0,1,0,0.0,0,1.0,,3.0,Made,7.0,3.0,3.0,ATL,https://cdn.nba.com/logos/nba/1610612737/primary/L/logo.svg,Trae Young,https://cdn.nba.com/headshots/nba/latest/1040x760/1629027.png
0022500082,118,2,PT00M35.50S,PT00M34.20S,2,"Rebound, Made Shot",Raptors Rebound | Dick 13' Fadeaway Jumper (9 PTS) (Quickley 5 AST),TOR,Toronto Raptors,1610612761,1641711,G. Dick,57,65,Made,2.0,Fadeaway Jump Shot,G. Dick,129.0,27.0,13.0,34.0,2.0,2.0,2.0,1,0,2.0,0,0.0,,,,,0.0,2.0,TOR,https://cdn.nba.com/logos/nba/1610612761/primary/L/logo.svg,Gradey Dick,https://cdn.nba.com/headshots/nba/latest/1040x760/1641711.png
0022500085,55,1,PT00M36.10S,PT00M32.80S,2,"Rebound, Made Shot",Morant REBOUND (Off:0 Def:3) | Wells 26' 3PT Running Jump Shot (6 PTS) (Morant 2 AST),MEM,Memphis Grizzlies,1610612763,1642377,J. Wells,27,28,Made,3.0,Running Jump Shot,J. Wells,-194.0,169.0,26.0,33.0,3.0,3.0,3.0,1,0,3.0,0,1.0,,0.0,Missed,1.0,0.0,3.0,MEM,https://cdn.nba.com/logos/nba/1610612763/primary/L/logo.svg,Jaylen Wells,https://cdn.nba.com/headshots/nba/latest/1040x760/1642377.png
0022500085,114,2,PT00M36.40S,PT00M33.10S,2,"Rebound, Made Shot",Jones REBOUND (Off:0 Def:4) | Jones 2' Running Finger Roll Layup (10 PTS),NOP,New Orleans Pelicans,1610612740,1630529,H. Jones,56,67,Made,2.0,Running Finger Roll Layup Shot,H. Jones,16.0,0.0,2.0,33.0,3.0,3.0,3.0,1,0,2.0,0,1.0,,0.0,Missed,2.0,0.0,2.0,NOP,https://cdn.nba.com/logos/nba/1610612740/primary/L/logo.svg,Herbert Jones,https://cdn.nba.com/headshots/nba/latest/1040x760/1630529.png
0022500086,172,3,PT00M34.40S,PT00M14.40S,4,"Rebound, Missed Shot, Rebound, Missed Shot",Wizards Rebound | MISS George 10' Driving Floating Jump Shot | Champagnie REBOUND (Off:2 Def:0) | MISS Champagnie Putback Dunk,WAS,Washington Wizards,1610612764,1630551,J. Champagnie,99,90,Missed,2.0,Driving Floating Jump Shot,K. George,49.0,83.0,10.0,22.0,20.0,12.0,12.0,0,1,0.0,0,,0.0,,,,0.0,0.0,WAS,https://cdn.nba.com/logos/nba/1610612764/primary/L/logo.svg,Kyshawn George,https://cdn.nba.com/headshots/nba/latest/1040x760/1642273.png
0022500087,153,3,PT00M36.80S,PT00M31.90S,2,"Rebound, Missed Shot",Zubac REBOUND (Off:2 Def:4) | MISS Collins 8' Floating Jump Shot,LAC,LA Clippers,1610612746,1628381,J. Collins,106,77,Missed,2.0,Floating Jump shot,J. Collins,80.0,8.0,8.0,32.0,5.0,5.0,5.0,1,0,0.0,0,1.0,,1.0,Made,0.0,1.0,1.0,LAC,https://cdn.nba.com/logos/nba/1610612746/primary/L/logo.svg,John Collins,https://cdn.nba.com/headshots/nba/latest/1040x760/1628381.png
0022500090,114,2,PT00M39.70S,PT00M23.90S,4,"Rebound, Missed Shot, Rebound, Made Shot",Wagner REBOUND (Off:0 Def:3) | MISS Banchero 3PT Jump Shot | Wagner REBOUND (Off:1 Def:3) | Wagner 2' Putback Layup (19 PTS),ORL,Orlando Magic,1610612753,1630532,F. Wagner,61,51,Missed,3.0,Jump Shot,P. Banchero,228.0,15.0,0.0,26.0,16.0,14.0,14.0,0,1,2.0,0,,0.0,,,,0.0,2.0,ORL,https://cdn.nba.com/logos/nba/1610612753/primary/L/logo.svg,Paolo Banchero,https://cdn.nba.com/headshots/nba/latest/1040x760/1631094.png
0022500090,164,3,PT00M38.40S,PT00M31.50S,2,"Rebound, Missed Shot",Okongwu REBOUND (Off:0 Def:4) | MISS Young 7' Driving Layup,ATL,Atlanta Hawks,1610612737,1629027,T. Young,82,78,Missed,2.0,Driving Layup Shot,T. Young,-39.0,53.0,7.0,32.0,6.0,6.0,6.0,1,0,0.0,0,1.0,,0.0,Missed,1.0,0.0,0.0,ATL,https://cdn.nba.com/logos/nba/1610612737/primary/L/logo.svg,Trae Young,https://cdn.nba.com/headshots/nba/latest/1040x760/1629027.png
0022500091,54,1,PT00M39.30S,PT00M33.30S,2,"Rebound, Missed Shot",Wade REBOUND (Off:0 Def:2) | MISS Proctor 16' Step Back Jump Shot,CLE,Cleveland Cavaliers,1610612739,1642878,T. Proctor,20,34,Missed,2.0,Step Back Jump shot,T. Proctor,-159.0,-1.0,16.0,33.0,6.0,6.0,6.0,1,0,0.0,0,1.0,,0.0,,,0.0,0.0,CLE,https://cdn.nba.com/logos/nba/1610612739/primary/L/logo.svg,Tyrese Proctor,https://cdn.nba.com/headshots/nba/latest/1040x760/1642878.png
0022500091,218,4,PT00M35.20S,PT00M21.80S,2,"Rebound, Missed Shot",Mobley REBOUND (Off:3 Def:5) | MISS Merrill 14' Jump Bank Shot,CLE,Cleveland Cavaliers,1610612739,1630241,S. Merrill,120,127,Missed,2.0,Jump Bank Shot,S. Merrill,-121.0,73.0,14.0,22.0,13.0,13.0,13.0,0,1,0.0,0,,1.0,2.0,,,2.0,2.0,CLE,https://cdn.nba.com/logos/nba/1610612739/primary/L/logo.svg,Sam Merrill,https://cdn.nba.com/headshots/nba/latest/1040x760/1630241.png
0022500093,106,2,PT00M35.40S,PT00M33.20S,2,"Steal, Made Shot",Thompson STEAL (1 STL) | Thompson 3' Running Dunk (12 PTS),DET,Detroit Pistons,1610612765,1641709,A. Thompson,53,60,Made,2.0,Running Dunk Shot,A. Thompson,-2.0,29.0,3.0,33.0,2.0,2.0,2.0,1,0,2.0,0,1.0,,3.0,Made,6.0,3.0,5.0,DET,https://cdn.nba.com/logos/nba/1610612765/primary/L/logo.svg,Ausar Thompson,https://cdn.nba.com/headshots/nba/latest/1040x760/1641709.png
0022500093,163,3,PT00M33.90S,PT00M27.50S,2,"Rebound, Made Shot",Green REBOUND (Off:0 Def:4) | Robinson 9' Driving Floating Jump Shot (17 PTS),DET,Detroit Pistons,1610612765,1629130,D. Robinson,86,87,Made,2.0,Driving Floating Jump Shot,D. Robinson,70.0,54.0,9.0,28.0,6.0,6.0,6.0,1,0,2.0,0,1.0,,0.0,Missed,0.0,0.0,2.0,DET,https://cdn.nba.com/logos/nba/1610612765/primary/L/logo.svg,Duncan Robinson,https://cdn.nba.com/headshots/nba/latest/1040x760/1629130.png
0022500098,154,3,PT00M33.60S,PT00M28.60S,2,"Rebound, Made Shot",Westbrook REBOUND (Off:0 Def:1) | Westbrook 5' Running Layup (4 PTS),SAC,Sacramento Kings,1610612758,201566,R. Westbrook,75,73,Made,2.0,Running Layup Shot,R. Westbrook,51.0,-11.0,5.0,29.0,5.0,5.0,5.0,1,0,2.0,0,1.0,,3.0,Made,2.0,3.0,5.0,SAC,https://cdn.nba.com/logos/nba/1610612758/primary/L/logo.svg,Russell Westbrook,https://cdn.nba.com/headshots/nba/latest/1040x760/201566.png
0022500100,56,1,PT00M37.10S,PT00M31.40S,2,"Rebound, Made Shot",Bitadze REBOUND (Off:0 Def:2) | Wagner 6' Driving Floating Jump Shot (8 PTS),ORL,Orlando Magic,1610612753,1630532,F. Wagner,30,29,Made,2.0,Driving Floating Jump Shot,F. Wagner,7.0,64.0,6.0,31.0,6.0,6.0,6.0,1,0,2.0,0,1.0,,0.0,,,0.0,2.0,ORL,https://cdn.nba.com/logos/nba/1610612753/primary/L/logo.svg,Franz Wagner,https://cdn.nba.com/headshots/nba/latest/1040x760/1630532.png
0022500102,222,4,PT00M34.00S,PT00M15.00S,2,"Rebound, Made Shot",Drummond REBOUND (Off:6 Def:6) | Grimes 27' 3PT Jump Shot (24 PTS) (Maxey 9 AST),PHI,Philadelphia 76ers,1610612755,1629656,Q. Grimes,122,119,Made,3.0,Jump Shot,Q. Grimes,176.0,200.0,27.0,15.0,19.0,19.0,19.0,0,1,3.0,0,,1.0,1.0,,546.0,1.0,4.0,PHI,https://cdn.nba.com/logos/nba/1610612755/primary/L/logo.svg,Quentin Grimes,https://cdn.nba.com/headshots/nba/latest/1040x760/1629656.png
0022500104,156,3,PT00M34.20S,PT00M30.70S,2,"Steal, Made Shot",Brown STEAL (1 STL) | Braun 2' Running Dunk (17 PTS) (Brown 3 AST),DEN,Denver Nuggets,1610612743,1631128,C. Braun,98,81,Made,2.0,Running Dunk Shot,C. Braun,15.0,6.0,2.0,31.0,3.0,3.0,3.0,1,0,2.0,0,1.0,,2.0,,,2.0,4.0,DEN,https://cdn.nba.com/logos/nba/1610612743/primary/L/logo.svg,Christian Braun,https://cdn.nba.com/headshots/nba/latest/1040x760/1631128.png
0022500106,168,3,PT00M36.00S,PT00M33.30S,2,"Steal, Made Shot",Jenkins STEAL (1 STL) | Holland II 3' Running Dunk (5 PTS) (Thompson 2 AST),DET,Detroit Pistons,1610612765,1641842,R. Holland II,94,81,Made,2.0,Running Dunk Shot,R. Holland II,15.0,26.0,3.0,33.0,3.0,3.0,3.0,1,0,2.0,0,0.0,,,,,0.0,2.0,DET,https://cdn.nba.com/logos/nba/1610612765/primary/L/logo.svg,Ron Holland,
0022500106,220,4,PT00M39.60S,PT00M17.50S,2,"Steal, Missed Shot",Robinson STEAL (1 STL) | MISS Robinson 24' 3PT Jump Shot,DET,Detroit Pistons,1610612765,1629130,D. Robinson,119,113,Missed,3.0,Jump Shot,D. Robinson,229.0,63.0,24.0,18.0,22.0,22.0,22.0,0,1,0.0,0,,0.0,,,,0.0,0.0,DET,https://cdn.nba.com/logos/nba/1610612765/primary/L/logo.svg,Duncan Robinson,https://cdn.nba.com/headshots/nba/latest/1040x760/1629130.png
0022500107,158,3,PT00M38.30S,PT00M32.00S,2,"Steal, Missed Shot",Mitchell STEAL (1 STL) | MISS Ball 25' 3PT Running Jump Shot,CLE,Cleveland Cavaliers,1610612739,1628366,L. Ball,85,82,Missed,3.0,Running Jump Shot,L. Ball,-232.0,80.0,25.0,32.0,6.0,6.0,6.0,1,0,0.0,0,1.0,,1.0,,,1.0,1.0,CLE,https://cdn.nba.com/logos/nba/1610612739/primary/L/logo.svg,Lonzo Ball,https://cdn.nba.com/headshots/nba/latest/1040x760/1628366.png
0022500107,210,4,PT00M36.40S,PT00M24.40S,4,"Steal, Missed Shot, Rebound, Made Shot",Rollins STEAL (3 STL) | MISS G. Antetokounmpo 1' Layup | G. Antetokounmpo REBOUND (Off:5 Def:9) | G. Antetokounmpo Tip Layup Shot (40 PTS),MIL,Milwaukee Bucks,1610612749,203507,G. Antetokounmpo,112,109,Missed,2.0,Layup Shot,G. Antetokounmpo,5.0,13.0,1.0,28.0,12.0,8.0,8.0,0,1,2.0,0,,1.0,3.0,Made,4.0,3.0,5.0,MIL,https://cdn.nba.com/logos/nba/1610612749/primary/L/logo.svg,Giannis Antetokounmpo,https://cdn.nba.com/headshots/nba/latest/1040x760/203507.png
0022500110,48,1,PT00M34.30S,PT00M34.30S,1,Missed Shot,MISS Walker 25' 3PT Jump Shot,IND,Indiana Pacers,1610612754,1641716,J. Walker,28,26,Missed,3.0,Jump Shot,J. Walker,188.0,167.0,25.0,34.0,4.0,0.0,4.0,1,0,0.0,0,1.0,,2.0,Made,1.0,2.0,2.0,IND,https://cdn.nba.com/logos/nba/1610612754/primary/L/logo.svg,Jarace Walker,https://cdn.nba.com/headshots/nba/latest/1040x760/1641716.png
0022500110,158,3,PT00M36.80S,PT00M22.60S,2,"Rebound, Made Shot",DiVincenzo REBOUND (Off:1 Def:1) | Hyland 26' 3PT Step Back Jump Shot (5 PTS),MIN,Minnesota Timberwolves,1610612750,1630538,B. Hyland,86,77,Made,3.0,Step Back Jump shot,B. Hyland,201.0,158.0,26.0,23.0,14.0,14.0,14.0,0,1,3.0,0,,0.0,,,,0.0,3.0,MIN,https://cdn.nba.com/logos/nba/1610612750/primary/L/logo.svg,Bones Hyland,https://cdn.nba.com/headshots/nba/latest/1040x760/1630538.png
0022500111,167,3,PT00M40.20S,PT00M35.20S,2,"Rebound, Missed Shot",Marshall REBOUND (Off:1 Def:5) | MISS Christie 3PT Running Jump Shot,DAL,Dallas Mavericks,1610612742,1631108,M. Christie,100,91,Missed,3.0,Running Jump Shot,M. Christie,222.0,-10.0,0.0,35.0,5.0,5.0,5.0,1,0,0.0,0,1.0,,2.0,Made,11.0,2.0,2.0,DAL,https://cdn.nba.com/logos/nba/1610612742/primary/L/logo.svg,Max Christie,https://cdn.nba.com/headshots/nba/latest/1040x760/1631108.png
0022500115,115,2,PT00M40.00S,PT00M17.90S,4,"Rebound, Missed Shot, Rebound, Made Shot",Vucevic REBOUND (Off:1 Def:5) | MISS Williams 26' 3PT Jump Shot | Jones REBOUND (Off:1 Def:4) | Vucevic 6' Hook Shot (8 PTS) (Giddey 2 AST),CHI,Chicago Bulls,1610612741,202696,N. Vučević,57,58,Missed,3.0,Jump Shot,P. Williams,-151.0,209.0,26.0,29.0,22.0,11.0,11.0,0,1,2.0,0,,0.0,,,,0.0,2.0,CHI,https://cdn.nba.com/logos/nba/1610612741/primary/L/logo.svg,Patrick Williams,https://cdn.nba.com/headshots/nba/latest/1040x760/1630172.png
0022500120,217,4,PT00M34.80S,PT00M34.10S,5,"Missed Shot, Rebound, Missed Shot, Rebound, Made Shot",MISS Markkanen 6' Driving Layup | Kessler REBOUND (Off:5 Def:2) | MISS Kessler Tip Layup Shot | Kessler REBOUND (Off:6 Def:2) | Kessler Tip Layup Shot (25 PTS),UTA,Utah Jazz,1610612762,1631117,W. Kessler,120,115,Missed,2.0,Driving Layup Shot,L. Markkanen,-59.0,9.0,6.0,35.0,1.0,0.0,1.0,1,0,2.0,0,1.0,,2.0,,,2.0,4.0,UTA,https://cdn.nba.com/logos/nba/1610612762/primary/L/logo.svg,Lauri Markkanen,https://cdn.nba.com/headshots/nba/latest/1040x760/1628374.png
0022500120,218,4,PT00M34.10S,PT00M27.90S,4,"Timeout, Missed Shot, Rebound, Turnover",Suns Timeout: Regular (Reg.5 Short 0) | MISS Gillespie 29' 3PT Jump Shot | O'Neale REBOUND (Off:4 Def:8) | O'Neale Bad Pass Turnover (P4.T14),PHX,Phoenix Suns,1610612756,1626220,R. O'Neale,120,115,Missed,3.0,Jump Shot,C. Gillespie,-229.0,180.0,29.0,33.0,,1.0,1.0,1,0,0.0,0,1.0,,3.0,Made,19.0,3.0,3.0,PHX,https://cdn.nba.com/logos/nba/1610612756/primary/L/logo.svg,Collin Gillespie,https://cdn.nba.com/headshots/nba/latest/1040x760/1631221.png
0022500121,167,3,PT00M37.70S,PT00M21.20S,4,"Rebound, Missed Shot, Rebound, Turnover",Morant REBOUND (Off:0 Def:3) | MISS Morant 28' 3PT Jump Shot | Coward REBOUND (Off:1 Def:2) | Aldama Lost Ball Turnover (P2.T11),MEM,Memphis Grizzlies,1610612763,1630583,S. Aldama,99,85,Missed,3.0,Jump Shot,J. Morant,-116.0,253.0,28.0,32.0,,6.0,6.0,1,0,0.0,0,1.0,,0.0,,,0.0,0.0,MEM,https://cdn.nba.com/logos/nba/1610612763/primary/L/logo.svg,Ja Morant,https://cdn.nba.com/headshots/nba/latest/1040x760/1629630.png
0022500123,236,5,PT00M35.40S,PT00M27.60S,4,"Rebound, Missed Shot, Rebound, Made Shot",Grimes REBOUND (Off:1 Def:6) | MISS Maxey 8' Driving Floating Jump Shot | Bona REBOUND (Off:3 Def:2) | Bona Tip Dunk Shot (2 PTS),PHI,Philadelphia 76ers,1610612755,1641737,A. Bona,131,132,Missed,2.0,Driving Floating Jump Shot,T. Maxey,-43.0,62.0,8.0,28.0,7.0,7.0,7.0,1,0,2.0,0,1.0,,2.0,,,2.0,4.0,PHI,https://cdn.nba.com/logos/nba/1610612755/primary/L/logo.svg,Tyrese Maxey,https://cdn.nba.com/headshots/nba/latest/1040x760/1630178.png
0022500125,200,4,PT00M37.30S,PT00M27.30S,4,"Foul, Missed Shot, Rebound, Made Shot",G. Antetokounmpo P.FOUL (P3.T4) (J.Goble) | MISS Brunson 13' Pullup Jump Shot | Bridges REBOUND (Off:3 Def:8) | Bridges 2' Putback Layup (24 PTS),NYK,New York Knicks,1610612752,1628969,M. Bridges,119,111,Missed,2.0,Pullup Jump shot,J. Brunson,-80.0,106.0,13.0,30.0,10.0,7.0,7.0,1,0,2.0,0,1.0,,0.0,,,0.0,2.0,NYK,https://cdn.nba.com/logos/nba/1610612752/primary/L/logo.svg,Jalen Brunson,https://cdn.nba.com/headshots/nba/latest/1040x760/1628973.png
0022500127,99,2,PT00M33.60S,PT00M01.90S,4,"Rebound, Missed Shot, Rebound, Missed Shot",Batum REBOUND (Off:2 Def:4) | MISS Jones Jr. 24' 3PT Jump Shot | Dunn REBOUND (Off:2 Def:0) | MISS Harden 26' 3PT Step Back Jump Shot,LAC,LA Clippers,1610612746,201935,J. Harden,46,49,Missed,3.0,Jump Shot,D. Jones Jr.,232.0,70.0,24.0,13.0,32.0,21.0,21.0,0,1,0.0,0,,0.0,,,,0.0,0.0,LAC,https://cdn.nba.com/logos/nba/1610612746/primary/L/logo.svg,Derrick Jones Jr.,https://cdn.nba.com/headshots/nba/latest/1040x760/1627884.png
0022500130,105,2,PT00M34.50S,PT00M30.40S,2,"Rebound, Missed Shot",Claxton REBOUND (Off:2 Def:6) | MISS Mann 26' 3PT Running Pull-Up Jump Shot,BKN,Brooklyn Nets,1610612751,1629611,T. Mann,51,62,Missed,3.0,Running Pull-Up Jump Shot,T. Mann,33.0,257.0,26.0,30.0,4.0,4.0,4.0,1,0,0.0,0,0.0,,,,,0.0,0.0,BKN,https://cdn.nba.com/logos/nba/1610612751/primary/L/logo.svg,Terance Mann,https://cdn.nba.com/headshots/nba/latest/1040x760/1629611.png
0022500131,103,2,PT00M34.30S,PT00M23.80S,4,"Rebound, Missed Shot, Rebound, Made Shot",Smith Jr. REBOUND (Off:1 Def:3) | MISS Sengun 26' 3PT Running Jump Shot | Thompson REBOUND (Off:3 Def:0) | Durant 27' 3PT Jump Shot (14 PTS) (Thompson 4 AST),HOU,Houston Rockets,1610612745,201142,K. Durant,63,70,Missed,3.0,Running Jump Shot,A. Sengun,130.0,227.0,26.0,29.0,10.0,5.0,5.0,1,0,3.0,0,0.0,,,,,0.0,3.0,HOU,https://cdn.nba.com/logos/nba/1610612745/primary/L/logo.svg,Alperen Şengün,https://cdn.nba.com/headshots/nba/latest/1040x760/1630578.png
0022500132,105,2,PT00M33.50S,PT00M29.90S,2,"Steal, Made Shot",Jones STEAL (1 STL) | Giddey 1' Running Reverse Layup (12 PTS) (Jones 2 AST),CHI,Chicago Bulls,1610612741,1630581,J. Giddey,62,64,Made,2.0,Running Reverse Layup Shot,J. Giddey,-12.0,5.0,1.0,30.0,4.0,4.0,4.0,1,0,2.0,0,1.0,,0.0,,,0.0,2.0,CHI,https://cdn.nba.com/logos/nba/1610612741/primary/L/logo.svg,Josh Giddey,https://cdn.nba.com/headshots/nba/latest/1040x760/1630581.png
0022500134,145,3,PT00M38.40S,PT00M32.00S,2,"Rebound, Made Shot",Alvarado REBOUND (Off:0 Def:2) | Poole 1' Running Reverse Layup (8 PTS) (Alvarado 1 AST),NOP,New Orleans Pelicans,1610612740,1629673,J. Poole,92,58,Made,2.0,Running Reverse Layup Shot,J. Poole,-11.0,6.0,1.0,32.0,6.0,6.0,6.0,1,0,2.0,0,1.0,,0.0,,,0.0,2.0,NOP,https://cdn.nba.com/logos/nba/1610612740/primary/L/logo.svg,Jordan Poole,https://cdn.nba.com/headshots/nba/latest/1040x760/1629673.png
0022500135,227,4,PT00M39.60S,PT00M35.10S,2,"Steal, Made Shot",George STEAL (1 STL) | Williams 6' Running Layup (4 PTS) (George 8 AST),UTA,Utah Jazz,1610612762,1642262,C. Williams,129,132,Made,2.0,Running Layup Shot,C. Williams,60.0,21.0,6.0,35.0,5.0,5.0,5.0,1,0,2.0,0,1.0,,2.0,,,2.0,4.0,UTA,https://cdn.nba.com/logos/nba/1610612762/primary/L/logo.svg,Cody Williams,https://cdn.nba.com/headshots/nba/latest/1040x760/1642262.png
0022500135,228,4,PT00M35.10S,PT00M15.40S,2,"Timeout, Missed Shot",Trail Blazers Timeout: Regular (Reg.6 Short 0) | MISS Sharpe 4' Driving Finger Roll Layup,POR,Portland Trail Blazers,1610612757,1631101,S. Sharpe,129,132,Missed,2.0,Driving Finger Roll Layup Shot,S. Sharpe,-10.0,42.0,4.0,15.0,20.0,20.0,20.0,0,1,0.0,0,,1.0,2.0,,,2.0,2.0,POR,https://cdn.nba.com/logos/nba/1610612757/primary/L/logo.svg,Shaedon Sharpe,https://cdn.nba.com/headshots/nba/latest/1040x760/1631101.png
0022500136,104,2,PT00M35.10S,PT00M29.30S,2,"Steal, Made Shot",Reaves STEAL (2 STL) | Ayton 5' Hook Shot (12 PTS) (Reaves 9 AST),LAL,Los Angeles Lakers,1610612747,1629028,D. Ayton,58,60,Made,2.0,Hook Shot,D. Ayton,1.0,49.0,5.0,29.0,6.0,6.0,6.0,1,0,2.0,0,1.0,,2.0,Made,1.0,2.0,4.0,LAL,https://cdn.nba.com/logos/nba/1610612747/primary/L/logo.svg,Deandre Ayton,https://cdn.nba.com/headshots/nba/latest/1040x760/1629028.png
0022500137,217,4,PT00M39.10S,PT00M17.10S,2,"Rebound, Missed Shot",Gillespie REBOUND (Off:0 Def:6) | MISS Booker 25' 3PT Step Back Jump Shot,PHX,Phoenix Suns,1610612756,1626164,D. Booker,113,112,Missed,3.0,Step Back Jump shot,D. Booker,-173.0,180.0,25.0,17.0,22.0,22.0,22.0,0,1,0.0,0,,1.0,0.0,Missed,2.0,0.0,0.0,PHX,https://cdn.nba.com/logos/nba/1610612756/primary/L/logo.svg,Devin Booker,https://cdn.nba.com/headshots/nba/latest/1040x760/1626164.png
0022500141,57,1,PT00M34.50S,PT00M10.10S,2,"Rebound, Missed Shot",Wembanyama REBOUND (Off:1 Def:2) | MISS Harper 27' 3PT Pullup Jump Shot,SAS,San Antonio Spurs,1610612759,1642844,D. Harper,33,29,Missed,3.0,Pullup Jump shot,D. Harper,-156.0,217.0,27.0,10.0,24.0,24.0,24.0,0,1,0.0,0,,0.0,,,,0.0,0.0,SAS,https://cdn.nba.com/logos/nba/1610612759/primary/L/logo.svg,Dylan Harper,https://cdn.nba.com/headshots/nba/latest/1040x760/1642844.png
0022500144,214,4,PT00M35.30S,PT00M29.90S,2,"Timeout, Missed Shot",Warriors Timeout: Regular (Reg.6 Short 0) | MISS Kuminga 25' 3PT Jump Shot,GSW,Golden State Warriors,1610612744,1630228,J. Kuminga,112,109,Missed,3.0,Jump Shot,J. Kuminga,-244.0,-25.0,25.0,30.0,5.0,5.0,5.0,1,0,0.0,0,1.0,,0.0,Missed,3.0,0.0,0.0,GSW,https://cdn.nba.com/logos/nba/1610612744/primary/L/logo.svg,Jonathan Kuminga,https://cdn.nba.com/headshots/nba/latest/1040x760/1630228.png
0022500160,56,1,PT00M36.90S,PT00M29.70S,5,"Rebound, Foul, Missed Shot, Rebound, Missed Shot",Mavericks Rebound | Adams L.B.FOUL (P1.T2) (M.Ervin) | MISS Washington 10' Floating Jump Shot | Cisse REBOUND (Off:1 Def:0) | MISS Cisse Tip Layup Shot,DAL,Dallas Mavericks,1610612742,1630619,M. Cisse,24,28,Missed,2.0,Floating Jump shot,P. Washington,9.0,98.0,10.0,31.0,7.0,6.0,6.0,1,0,0.0,0,1.0,,0.0,,,0.0,0.0,DAL,https://cdn.nba.com/logos/nba/1610612742/primary/L/logo.svg,P.J. Washington,https://cdn.nba.com/headshots/nba/latest/1040x760/1629023.png
0022500161,55,1,PT00M37.20S,PT00M32.30S,2,"Steal, Missed Shot",Caldwell-Pope STEAL (1 STL) | MISS Caldwell-Pope 3' Running Reverse Layup,MEM,Memphis Grizzlies,1610612763,203484,K. Caldwell-Pope,25,30,Missed,2.0,Running Reverse Layup Shot,K. Caldwell-Pope,26.0,19.0,3.0,32.0,5.0,5.0,5.0,1,0,0.0,0,1.0,,0.0,Missed,0.0,0.0,0.0,MEM,https://cdn.nba.com/logos/nba/1610612763/primary/L/logo.svg,Kentavious Caldwell-Pope,https://cdn.nba.com/headshots/nba/latest/1040x760/203484.png
0022500161,206,4,PT00M37.50S,PT00M36.30S,2,"Timeout, Made Shot",GRIZZLIES Timeout: Regular (Full 6 Short 0) | Spencer 27' 3PT Jump Shot (13 PTS) (Coward 2 AST),MEM,Memphis Grizzlies,1610612763,1642285,C. Spencer,106,112,Made,3.0,Jump Shot,C. Spencer,-6.0,265.0,27.0,36.0,2.0,2.0,2.0,1,0,3.0,0,1.0,,0.0,Missed,21.0,0.0,3.0,MEM,https://cdn.nba.com/logos/nba/1610612763/primary/L/logo.svg,Cam Spencer,https://cdn.nba.com/headshots/nba/latest/1040x760/1642285.png
0022500162,224,4,PT00M38.50S,PT00M36.00S,2,"Rebound, Missed Shot",Westbrook REBOUND (Off:1 Def:11) | MISS LaVine 29' 3PT Running Jump Shot,SAC,Sacramento Kings,1610612758,203897,Z. LaVine,130,122,Missed,3.0,Running Jump Shot,Z. LaVine,138.0,259.0,29.0,36.0,2.0,2.0,2.0,1,0,0.0,0,1.0,,2.0,Made,10.0,2.0,2.0,SAC,https://cdn.nba.com/logos/nba/1610612758/primary/L/logo.svg,Zach LaVine,https://cdn.nba.com/headshots/nba/latest/1040x760/203897.png
0022500162,225,4,PT00M33.70S,PT00M18.00S,2,"Rebound, Missed Shot",NUGGETS Rebound | MISS Gordon 3PT Jump Shot,DEN,Denver Nuggets,1610612743,203932,A. Gordon,130,122,Missed,3.0,Jump Shot,A. Gordon,222.0,40.0,0.0,18.0,16.0,16.0,16.0,0,1,0.0,0,,1.0,0.0,,,0.0,0.0,DEN,https://cdn.nba.com/logos/nba/1610612743/primary/L/logo.svg,Aaron Gordon,https://cdn.nba.com/headshots/nba/latest/1040x760/203932.png
0022500163,53,1,PT00M34.10S,PT00M27.30S,2,"Rebound, Missed Shot",Smart REBOUND (Off:0 Def:1) | MISS Smart 25' 3PT Pullup Jump Shot,LAL,Los Angeles Lakers,1610612747,203935,M. Smart,31,22,Missed,3.0,Pullup Jump shot,M. Smart,-130.0,219.0,25.0,27.0,7.0,7.0,7.0,1,0,0.0,0,1.0,,2.0,Made,0.0,2.0,2.0,LAL,https://cdn.nba.com/logos/nba/1610612747/primary/L/logo.svg,Marcus Smart,https://cdn.nba.com/headshots/nba/latest/1040x760/203935.png
0022500164,111,2,PT00M40.40S,PT00M36.20S,2,"Steal, Made Shot",Mitchell STEAL (1 STL) | Powell 3' Running Reverse Layup (9 PTS) (Mitchell 4 AST),MIA,Miami Heat,1610612748,1626181,N. Powell,71,62,Made,2.0,Running Reverse Layup Shot,N. Powell,13.0,27.0,3.0,36.0,4.0,4.0,4.0,1,0,2.0,0,1.0,,1.0,,,1.0,3.0,MIA,https://cdn.nba.com/logos/nba/1610612748/primary/L/logo.svg,Norman Powell,https://cdn.nba.com/headshots/nba/latest/1040x760/1626181.png
0022500165,56,1,PT00M37.30S,PT00M32.60S,2,"Steal, Missed Shot",Barnes STEAL (2 STL) | MISS Quickley 26' 3PT Running Jump Shot,TOR,Toronto Raptors,1610612761,1630193,I. Quickley,37,29,Missed,3.0,Running Jump Shot,I. Quickley,105.0,235.0,26.0,33.0,4.0,4.0,4.0,1,0,0.0,0,1.0,,0.0,Missed,26.0,0.0,0.0,TOR,https://cdn.nba.com/logos/nba/1610612761/primary/L/logo.svg,Immanuel Quickley,https://cdn.nba.com/headshots/nba/latest/1040x760/1630193.png
0022500165,111,2,PT00M37.70S,PT00M32.30S,2,"Rebound, Made Shot",Quickley REBOUND (Off:0 Def:2) | Mamukelashvili 26' 3PT Running Jump Shot (8 PTS) (Quickley 6 AST),TOR,Toronto Raptors,1610612761,1630572,S. Mamukelashvili,73,52,Made,3.0,Running Jump Shot,S. Mamukelashvili,168.0,204.0,26.0,32.0,6.0,6.0,6.0,1,0,3.0,0,1.0,,0.0,Missed,4.0,0.0,3.0,TOR,https://cdn.nba.com/logos/nba/1610612761/primary/L/logo.svg,Sandro Mamukelashvili,https://cdn.nba.com/headshots/nba/latest/1040x760/1630572.png
0022500165,164,3,PT00M36.90S,PT00M31.10S,2,"Rebound, Missed Shot",Dick REBOUND (Off:0 Def:1) | MISS Quickley 10' Driving Floating Bank Jump Shot,TOR,Toronto Raptors,1610612761,1630193,I. Quickley,102,80,Missed,2.0,Driving Floating Bank Jump Shot,I. Quickley,93.0,32.0,10.0,31.0,6.0,6.0,6.0,1,0,0.0,0,1.0,,2.0,Made,2.0,2.0,2.0,TOR,https://cdn.nba.com/logos/nba/1610612761/primary/L/logo.svg,Immanuel Quickley,https://cdn.nba.com/headshots/nba/latest/1040x760/1630193.png
0022500167,217,4,PT00M35.70S,PT00M15.70S,2,"Steal, Missed Shot",Embiid STEAL (3 STL) | MISS Maxey 26' 3PT Step Back Jump Shot,PHI,Philadelphia 76ers,1610612755,1630178,T. Maxey,110,111,Missed,3.0,Step Back Jump shot,T. Maxey,-124.0,231.0,26.0,16.0,20.0,20.0,20.0,0,1,0.0,0,,1.0,0.0,Missed,2.0,0.0,0.0,PHI,https://cdn.nba.com/logos/nba/1610612755/primary/L/logo.svg,Tyrese Maxey,https://cdn.nba.com/headshots/nba/latest/1040x760/1630178.png
0022500171,108,2,PT00M38.80S,PT00M34.10S,2,"Rebound, Missed Shot",Maxey REBOUND (Off:0 Def:3) | MISS Maxey 29' 3PT Running Pull-Up Jump Shot,PHI,Philadelphia 76ers,1610612755,1630178,T. Maxey,68,65,Missed,3.0,Running Pull-Up Jump Shot,T. Maxey,172.0,229.0,29.0,34.0,5.0,5.0,5.0,1,0,0.0,0,1.0,,2.0,Made,6.0,2.0,2.0,PHI,https://cdn.nba.com/logos/nba/1610612755/primary/L/logo.svg,Tyrese Maxey,https://cdn.nba.com/headshots/nba/latest/1040x760/1630178.png
0022500172,108,2,PT00M38.10S,PT00M30.70S,2,"Rebound, Made Shot",Stewart REBOUND (Off:0 Def:4) | Duren 4' Layup (18 PTS) (Thompson 1 AST),DET,Detroit Pistons,1610612765,1631105,J. Duren,53,55,Made,2.0,Layup Shot,J. Duren,-32.0,19.0,4.0,31.0,7.0,7.0,7.0,1,0,2.0,0,0.0,,,,,0.0,2.0,DET,https://cdn.nba.com/logos/nba/1610612765/primary/L/logo.svg,Jalen Duren,https://cdn.nba.com/headshots/nba/latest/1040x760/1631105.png
0022500174,160,3,PT00M37.30S,PT00M31.50S,2,"Rebound, Made Shot",Minott REBOUND (Off:1 Def:1) | Hauser 28' 3PT Jump Shot (3 PTS) (Pritchard 5 AST),BOS,Boston Celtics,1610612738,1630573,S. Hauser,100,78,Made,3.0,Jump Shot,S. Hauser,81.0,272.0,28.0,32.0,5.0,5.0,5.0,1,0,3.0,0,1.0,,2.0,Made,1.0,2.0,5.0,BOS,https://cdn.nba.com/logos/nba/1610612738/primary/L/logo.svg,Sam Hauser,https://cdn.nba.com/headshots/nba/latest/1040x760/1630573.png
0022500177,57,1,PT00M37.40S,PT00M33.00S,2,"Rebound, Missed Shot",Alvarado REBOUND (Off:0 Def:1) | MISS Alvarado 26' 3PT Running Pull-Up Jump Shot,NOP,New Orleans Pelicans,1610612740,1630631,J. Alvarado,19,29,Missed,3.0,Running Pull-Up Jump Shot,J. Alvarado,112.0,231.0,26.0,33.0,4.0,4.0,4.0,1,0,0.0,0,1.0,,0.0,Missed,0.0,0.0,0.0,NOP,https://cdn.nba.com/logos/nba/1610612740/primary/L/logo.svg,Jose Alvarado,https://cdn.nba.com/headshots/nba/latest/1040x760/1630631.png
0022500177,109,2,PT00M34.40S,PT00M34.40S,1,Made Shot,Williams 3' Driving Layup (8 PTS),DAL,Dallas Mavericks,1610612742,1630314,B. Williams,49,50,Made,2.0,Driving Layup Shot,B. Williams,26.0,21.0,3.0,34.0,6.0,0.0,6.0,1,0,2.0,0,1.0,,0.0,Missed,7.0,0.0,2.0,DAL,https://cdn.nba.com/logos/nba/1610612742/primary/L/logo.svg,Brandon Williams,https://cdn.nba.com/headshots/nba/latest/1040x760/1585.png
0022500178,113,2,PT00M34.90S,PT00M09.50S,2,"Rebound, Missed Shot",Larsson REBOUND (Off:0 Def:2) | MISS Powell 3' Driving Layup,MIA,Miami Heat,1610612748,1626181,N. Powell,68,60,Missed,2.0,Driving Layup Shot,N. Powell,-12.0,31.0,3.0,10.0,25.0,25.0,25.0,0,1,0.0,0,,0.0,,,,0.0,0.0,MIA,https://cdn.nba.com/logos/nba/1610612748/primary/L/logo.svg,Norman Powell,https://cdn.nba.com/headshots/nba/latest/1040x760/1626181.png
0022500178,220,4,PT00M39.20S,PT00M35.90S,2,"Steal, Missed Shot",Ware STEAL (3 STL) | MISS Powell 27' 3PT Running Jump Shot,MIA,Miami Heat,1610612748,1626181,N. Powell,120,112,Missed,3.0,Running Jump Shot,N. Powell,-161.0,215.0,27.0,36.0,3.0,3.0,3.0,1,0,0.0,0,1.0,,0.0,,,0.0,0.0,MIA,https://cdn.nba.com/logos/nba/1610612748/primary/L/logo.svg,Norman Powell,https://cdn.nba.com/headshots/nba/latest/1040x760/1626181.png
0022500179,48,1,PT00M39.00S,PT00M36.70S,2,"Steal, Made Shot",Sochan STEAL (1 STL) | Sochan 6' Driving Finger Roll Layup (2 PTS),SAS,San Antonio Spurs,1610612759,1631110,J. Sochan,23,29,Made,2.0,Driving Finger Roll Layup Shot,J. Sochan,-6.0,59.0,6.0,37.0,2.0,2.0,2.0,1,0,2.0,0,1.0,,0.0,Missed,1.0,0.0,2.0,SAS,https://cdn.nba.com/logos/nba/1610612759/primary/L/logo.svg,Jeremy Sochan,https://cdn.nba.com/headshots/nba/latest/1040x760/1631110.png
0022500180,220,4,PT00M36.30S,PT00M31.60S,2,"Timeout, Made Shot",Thunder Timeout: Regular (Reg.6 Short 0) | Gilgeous-Alexander 2' Cutting Layup Shot (33 PTS) (Hartenstein 3 AST),OKC,Oklahoma City Thunder,1610612760,1628983,S. Gilgeous-Alexander,119,116,Made,2.0,Cutting Layup Shot,S. Gilgeous-Alexander,21.0,4.0,2.0,32.0,4.0,4.0,4.0,1,0,2.0,0,1.0,,2.0,,,2.0,4.0,OKC,https://cdn.nba.com/logos/nba/1610612760/primary/L/logo.svg,Shai Gilgeous-Alexander,https://cdn.nba.com/headshots/nba/latest/1040x760/1628983.png
0022500183,55,1,PT00M36.90S,PT00M24.30S,4,"Rebound, Missed Shot, Rebound, Made Shot",Flagg REBOUND (Off:1 Def:1) | MISS Williams 3' Driving Layup | Marshall REBOUND (Off:1 Def:1) | Marshall 17' Pullup Jump Shot (9 PTS),DAL,Dallas Mavericks,1610612742,1630230,N. Marshall,24,35,Missed,2.0,Driving Layup Shot,B. Williams,25.0,-10.0,3.0,33.0,13.0,4.0,4.0,1,0,2.0,0,0.0,,,,,0.0,2.0,DAL,https://cdn.nba.com/logos/nba/1610612742/primary/L/logo.svg,Brandon Williams,https://cdn.nba.com/headshots/nba/latest/1040x760/1585.png
0022500184,223,4,PT00M33.80S,PT00M33.80S,1,Missed Shot,MISS Quickley 27' 3PT Jump Shot,TOR,Toronto Raptors,1610612761,1630193,I. Quickley,130,120,Missed,3.0,Jump Shot,I. Quickley,-99.0,253.0,27.0,34.0,5.0,0.0,5.0,1,0,0.0,0,0.0,,,,,0.0,0.0,TOR,https://cdn.nba.com/logos/nba/1610612761/primary/L/logo.svg,Immanuel Quickley,https://cdn.nba.com/headshots/nba/latest/1040x760/1630193.png
0022500186,111,2,PT00M39.30S,PT00M34.70S,2,"Steal, Made Shot",Vucevic STEAL (2 STL) | Giddey 2' Running Dunk (13 PTS) (Vucevic 2 AST),CHI,Chicago Bulls,1610612741,1630581,J. Giddey,53,72,Made,2.0,Running Dunk Shot,J. Giddey,16.0,-3.0,2.0,35.0,4.0,4.0,4.0,1,0,2.0,0,1.0,,0.0,Missed,1.0,0.0,2.0,CHI,https://cdn.nba.com/logos/nba/1610612741/primary/L/logo.svg,Josh Giddey,https://cdn.nba.com/headshots/nba/latest/1040x760/1630581.png
0022500186,162,3,PT00M37.30S,PT00M31.50S,2,"Steal, Made Shot",Giddey STEAL (2 STL) | Smith 26' 3PT Running Jump Shot (18 PTS) (Giddey 5 AST),CHI,Chicago Bulls,1610612741,1630188,J. Smith,93,96,Made,3.0,Running Jump Shot,J. Smith,-188.0,177.0,26.0,32.0,5.0,5.0,5.0,1,0,3.0,0,1.0,,1.0,Made,295.0,1.0,4.0,CHI,https://cdn.nba.com/logos/nba/1610612741/primary/L/logo.svg,Jalen Smith,https://cdn.nba.com/headshots/nba/latest/1040x760/1630188.png
0022500191,99,2,PT00M37.50S,PT00M31.80S,2,"Steal, Made Shot",Turner STEAL (2 STL) | Kuzma 28' 3PT Running Pull-Up Jump Shot (8 PTS),MIL,Milwaukee Bucks,1610612749,1628398,K. Kuzma,61,50,Made,3.0,Running Pull-Up Jump Shot,K. Kuzma,-219.0,169.0,28.0,32.0,6.0,6.0,6.0,1,0,3.0,0,1.0,,0.0,Missed,0.0,0.0,3.0,MIL,https://cdn.nba.com/logos/nba/1610612749/primary/L/logo.svg,Kyle Kuzma,https://cdn.nba.com/headshots/nba/latest/1040x760/1628398.png
0022500193,148,3,PT00M34.30S,PT00M30.70S,2,"Jump Ball, Missed Shot",Jump Ball Jones vs. Brown: Tip to Simons | MISS Simons 26' 3PT Pullup Jump Shot,BOS,Boston Celtics,1610612738,1629014,A. Simons,79,78,Missed,3.0,Pullup Jump shot,A. Simons,83.0,247.0,26.0,31.0,3.0,3.0,3.0,1,0,0.0,0,1.0,,0.0,,423.0,0.0,0.0,BOS,https://cdn.nba.com/logos/nba/1610612738/primary/L/logo.svg,Anfernee Simons,https://cdn.nba.com/headshots/nba/latest/1040x760/1629014.png
0022500193,201,4,PT00M34.90S,PT00M32.80S,2,"Rebound, Made Shot",MAGIC Rebound | Suggs 3' Layup (20 PTS) (Bane 6 AST),ORL,Orlando Magic,1610612753,1630591,J. Suggs,105,107,Made,2.0,Layup Shot,J. Suggs,20.0,18.0,3.0,33.0,2.0,2.0,2.0,1,0,2.0,0,1.0,,0.0,Missed,8.0,0.0,2.0,ORL,https://cdn.nba.com/logos/nba/1610612753/primary/L/logo.svg,Jalen Suggs,https://cdn.nba.com/headshots/nba/latest/1040x760/1630591.png
0022500194,53,1,PT00M37.40S,PT00M29.90S,2,"Rebound, Missed Shot",Gilgeous-Alexander REBOUND (Off:1 Def:2) | MISS Gilgeous-Alexander 27' 3PT Step Back Jump Shot,OKC,Oklahoma City Thunder,1610612760,1628983,S. Gilgeous-Alexander,31,25,Missed,3.0,Step Back Jump shot,S. Gilgeous-Alexander,78.0,254.0,27.0,30.0,7.0,7.0,7.0,1,0,0.0,0,1.0,,0.0,Missed,0.0,0.0,0.0,OKC,https://cdn.nba.com/logos/nba/1610612760/primary/L/logo.svg,Shai Gilgeous-Alexander,https://cdn.nba.com/headshots/nba/latest/1040x760/1628983.png
0022500196,160,3,PT00M36.10S,PT00M28.80S,7,"Rebound, Missed Shot, Rebound, Foul, Free Throw, Rebound, Free Throw",Huff REBOUND (Off:0 Def:8) | MISS Nembhard 16' Running Pull-Up Jump Shot | Huff REBOUND (Off:1 Def:8) | Moody S.FOUL (P3.PN) (C.Kirkland) | MISS Huff Free Throw 1 of 2 | Pacers Rebound | MISS Huff Free Throw 2 of 2,IND,Indiana Pacers,1610612754,1630643,J. Huff,71,65,Missed,2.0,Running Pull-Up Jump Shot,A. Nembhard,-49.0,156.0,16.0,31.0,,5.0,5.0,1,0,0.0,0,1.0,,0.0,,,0.0,0.0,IND,https://cdn.nba.com/logos/nba/1610612754/primary/L/logo.svg,Andrew Nembhard,https://cdn.nba.com/headshots/nba/latest/1040x760/1629614.png
0022500197,162,3,PT00M39.20S,PT00M31.60S,2,"Rebound, Made Shot",DiVincenzo REBOUND (Off:3 Def:1) | Reid 27' 3PT Jump Shot (11 PTS) (Conley 3 AST),MIN,Minnesota Timberwolves,1610612750,1629675,N. Reid,84,111,Made,3.0,Jump Shot,N. Reid,-126.0,244.0,27.0,32.0,7.0,7.0,7.0,1,0,3.0,0,1.0,,0.0,Missed,0.0,0.0,3.0,MIN,https://cdn.nba.com/logos/nba/1610612750/primary/L/logo.svg,Naz Reid,https://cdn.nba.com/headshots/nba/latest/1040x760/1629675.png
0022500199,118,2,PT00M38.50S,PT00M34.90S,2,"Rebound, Made Shot",Duren REBOUND (Off:3 Def:4) | Cunningham 4' Running Dunk (21 PTS) (Duren 2 AST),DET,Detroit Pistons,1610612765,1630595,C. Cunningham,67,61,Made,2.0,Running Dunk Shot,C. Cunningham,9.0,36.0,4.0,35.0,3.0,3.0,3.0,1,0,2.0,0,1.0,,0.0,Missed,0.0,0.0,2.0,DET,https://cdn.nba.com/logos/nba/1610612765/primary/L/logo.svg,Cade Cunningham,https://cdn.nba.com/headshots/nba/latest/1040x760/1630595.png
0022500199,214,4,PT00M36.50S,PT00M32.40S,2,"Rebound, Made Shot",Green REBOUND (Off:3 Def:6) | Cunningham 6' Running Layup (42 PTS),DET,Detroit Pistons,1610612765,1630595,C. Cunningham,121,124,Made,2.0,Running Layup Shot,C. Cunningham,45.0,40.0,6.0,32.0,4.0,4.0,4.0,1,0,2.0,0,1.0,,3.0,Made,8.0,3.0,5.0,DET,https://cdn.nba.com/logos/nba/1610612765/primary/L/logo.svg,Cade Cunningham,https://cdn.nba.com/headshots/nba/latest/1040x760/1630595.png
0022500200,103,2,PT00M35.30S,PT00M30.80S,2,"Rebound, Made Shot",Wagner REBOUND (Off:2 Def:3) | Banchero 5' Driving Layup (15 PTS) (Wagner 3 AST),ORL,Orlando Magic,1610612753,1631094,P. Banchero,58,54,Made,2.0,Driving Layup Shot,P. Banchero,17.0,50.0,5.0,31.0,4.0,4.0,4.0,1,0,2.0,0,1.0,,1.0,,,1.0,3.0,ORL,https://cdn.nba.com/logos/nba/1610612753/primary/L/logo.svg,Paolo Banchero,https://cdn.nba.com/headshots/nba/latest/1040x760/1631094.png
0022500201,107,2,PT00M37.30S,PT00M32.60S,2,"Rebound, Made Shot",Jaquez Jr. REBOUND (Off:1 Def:6) | Wiggins 3PT Running Jump Shot (7 PTS) (Mitchell 4 AST),MIA,Miami Heat,1610612748,203952,A. Wiggins,62,50,Made,3.0,Running Jump Shot,A. Wiggins,230.0,36.0,0.0,33.0,4.0,4.0,4.0,1,0,3.0,0,1.0,,0.0,Missed,1.0,0.0,3.0,MIA,https://cdn.nba.com/logos/nba/1610612748/primary/L/logo.svg,Andrew Wiggins,https://cdn.nba.com/headshots/nba/latest/1040x760/203952.png
0022500203,52,1,PT00M39.10S,PT00M33.40S,2,"Rebound, Missed Shot",G. Antetokounmpo REBOUND (Off:0 Def:1) | MISS Anthony 12' Driving Floating Jump Shot,MIL,Milwaukee Bucks,1610612749,1630175,C. Anthony,29,24,Missed,2.0,Driving Floating Jump Shot,C. Anthony,-97.0,75.0,12.0,33.0,6.0,6.0,6.0,1,0,0.0,0,1.0,,0.0,,,0.0,0.0,MIL,https://cdn.nba.com/logos/nba/1610612749/primary/L/logo.svg,Cole Anthony,https://cdn.nba.com/headshots/nba/latest/1040x760/1630175.png
0022500204,95,2,PT00M36.40S,PT00M34.20S,2,"Rebound, Missed Shot",Alvarado REBOUND (Off:0 Def:2) | MISS Fears 28' 3PT Running Jump Shot,NOP,New Orleans Pelicans,1610612740,1642847,J. Fears,61,41,Missed,3.0,Running Jump Shot,J. Fears,-158.0,232.0,28.0,34.0,2.0,2.0,2.0,1,0,0.0,0,1.0,,0.0,Missed,1.0,0.0,0.0,NOP,https://cdn.nba.com/logos/nba/1610612740/primary/L/logo.svg,Jeremiah Fears,https://cdn.nba.com/headshots/nba/latest/1040x760/1642847.png
0022500205,215,4,PT00M34.70S,PT00M31.30S,2,"Rebound, Made Shot",Clayton Jr. REBOUND (Off:0 Def:3) | Bailey Reverse Dunk (10 PTS) (Clayton Jr. 2 AST),UTA,Utah Jazz,1610612762,1642846,A. Bailey,111,118,Made,2.0,Reverse Dunk Shot,A. Bailey,0.0,0.0,0.0,31.0,4.0,4.0,4.0,1,0,2.0,0,1.0,,0.0,Missed,15.0,0.0,2.0,UTA,https://cdn.nba.com/logos/nba/1610612762/primary/L/logo.svg,Ace Bailey,https://cdn.nba.com/headshots/nba/latest/1040x760/1642846.png
0022500207,95,2,PT00M34.00S,PT00M27.00S,3,"Rebound, Foul, Missed Shot",Clowney REBOUND (Off:0 Def:3) | Quickley P.FOUL (P1.T3) (J.Goble) | MISS Claxton 7' Driving Floating Jump Shot,BKN,Brooklyn Nets,1610612751,1629651,N. Claxton,52,59,Missed,2.0,Driving Floating Jump Shot,N. Claxton,39.0,57.0,7.0,27.0,7.0,7.0,7.0,1,0,0.0,0,1.0,,0.0,,,0.0,0.0,BKN,https://cdn.nba.com/logos/nba/1610612751/primary/L/logo.svg,Nic Claxton,https://cdn.nba.com/headshots/nba/latest/1040x760/1629651.png
0022500208,51,1,PT00M34.80S,PT00M28.10S,2,"Rebound, Made Shot",Yabusele REBOUND (Off:0 Def:2) | Hart Running Reverse Layup (4 PTS),NYK,New York Knicks,1610612752,1628404,J. Hart,39,30,Made,2.0,Running Reverse Layup Shot,J. Hart,0.0,2.0,0.0,28.0,7.0,7.0,7.0,1,0,2.0,0,1.0,,1.0,,,1.0,3.0,NYK,https://cdn.nba.com/logos/nba/1610612752/primary/L/logo.svg,Josh Hart,https://cdn.nba.com/headshots/nba/latest/1040x760/1628404.png
0022500211,108,2,PT00M34.20S,PT00M29.60S,2,"Rebound, Missed Shot",JAZZ Rebound | MISS Filipowski 11' Driving Floating Jump Shot,UTA,Utah Jazz,1610612762,1642271,K. Filipowski,68,56,Missed,2.0,Driving Floating Jump Shot,K. Filipowski,7.0,105.0,11.0,30.0,4.0,4.0,4.0,1,0,0.0,0,1.0,,2.0,Made,3.0,2.0,2.0,UTA,https://cdn.nba.com/logos/nba/1610612762/primary/L/logo.svg,Kyle Filipowski,https://cdn.nba.com/headshots/nba/latest/1040x760/1642271.png
0022500224,157,3,PT00M40.20S,PT00M36.40S,2,"Rebound, Missed Shot",Harden REBOUND (Off:0 Def:8) | MISS Bogdanovic 26' 3PT Running Jump Shot,LAC,LA Clippers,1610612746,203992,B. Bogdanović,90,102,Missed,3.0,Running Jump Shot,B. Bogdanović,-157.0,204.0,26.0,36.0,4.0,4.0,4.0,1,0,0.0,0,1.0,,0.0,,,0.0,0.0,LAC,https://cdn.nba.com/logos/nba/1610612746/primary/L/logo.svg,Bogdan Bogdanović,https://cdn.nba.com/headshots/nba/latest/1040x760/203992.png
0022500224,158,3,PT00M33.70S,PT00M21.10S,2,"Rebound, Made Shot",Murray REBOUND (Off:1 Def:4) | Watson 4' Cutting Dunk Shot (2 PTS) (Jokic 6 AST),DEN,Denver Nuggets,1610612743,1631212,P. Watson,90,104,Made,2.0,Cutting Dunk Shot,P. Watson,-12.0,33.0,4.0,21.0,13.0,13.0,13.0,0,1,2.0,0,,1.0,2.0,Made,1.0,2.0,4.0,DEN,https://cdn.nba.com/logos/nba/1610612743/primary/L/logo.svg,Peyton Watson,https://cdn.nba.com/headshots/nba/latest/1040x760/1631212.png
0022500232,103,2,PT00M39.80S,PT00M36.00S,2,"Rebound, Made Shot",DiVincenzo REBOUND (Off:0 Def:2) | Conley 24' 3PT Running Jump Shot (5 PTS) (Edwards 4 AST),MIN,Minnesota Timberwolves,1610612750,201144,M. Conley,57,53,Made,3.0,Running Jump Shot,M. Conley,-190.0,145.0,24.0,36.0,4.0,4.0,4.0,1,0,3.0,0,1.0,,2.0,Made,12.0,2.0,5.0,MIN,https://cdn.nba.com/logos/nba/1610612750/primary/L/logo.svg,Mike Conley,https://cdn.nba.com/headshots/nba/latest/1040x760/201144.png
0022500234,110,2,PT00M39.00S,PT00M35.70S,2,"Steal, Made Shot",Monk STEAL (1 STL) | Monk 1' Running Dunk (6 PTS),SAC,Sacramento Kings,1610612758,1628370,M. Monk,65,57,Made,2.0,Running Dunk Shot,M. Monk,10.0,11.0,1.0,36.0,3.0,3.0,3.0,1,0,2.0,0,1.0,,2.0,Made,1.0,2.0,4.0,SAC,https://cdn.nba.com/logos/nba/1610612758/primary/L/logo.svg,Malik Monk,https://cdn.nba.com/headshots/nba/latest/1040x760/1628370.png
0022500236,48,1,PT00M38.30S,PT00M34.10S,2,"Rebound, Missed Shot",Bane REBOUND (Off:0 Def:2) | MISS Bane 27' 3PT Running Pull-Up Jump Shot,ORL,Orlando Magic,1610612753,1630217,D. Bane,21,30,Missed,3.0,Running Pull-Up Jump Shot,D. Bane,-102.0,255.0,27.0,34.0,4.0,4.0,4.0,1,0,0.0,0,1.0,,0.0,Missed,9.0,0.0,0.0,ORL,https://cdn.nba.com/logos/nba/1610612753/primary/L/logo.svg,Desmond Bane,https://cdn.nba.com/headshots/nba/latest/1040x760/1630217.png
0022500238,163,3,PT00M34.70S,PT00M30.30S,2,"Rebound, Missed Shot",Camara REBOUND (Off:3 Def:4) | MISS Camara 25' 3PT Running Jump Shot,POR,Portland Trail Blazers,1610612757,1641739,T. Camara,85,91,Missed,3.0,Running Jump Shot,T. Camara,212.0,137.0,25.0,30.0,5.0,5.0,5.0,1,0,0.0,0,1.0,,0.0,Missed,23.0,0.0,0.0,POR,https://cdn.nba.com/logos/nba/1610612757/primary/L/logo.svg,Toumani Camara,https://cdn.nba.com/headshots/nba/latest/1040x760/1641739.png
0022500239,106,2,PT00M38.90S,PT00M32.80S,2,"Rebound, Missed Shot",Goodwin REBOUND (Off:0 Def:2) | MISS Brooks 28' 3PT Jump Shot,PHX,Phoenix Suns,1610612756,1628415,D. Brooks,54,57,Missed,3.0,Jump Shot,D. Brooks,158.0,232.0,28.0,33.0,6.0,6.0,6.0,1,0,0.0,0,1.0,,4.0,,,4.0,4.0,PHX,https://cdn.nba.com/logos/nba/1610612756/primary/L/logo.svg,Dillon Brooks,https://cdn.nba.com/headshots/nba/latest/1040x760/1628415.png
0022500239,158,3,PT00M40.40S,PT00M37.30S,2,"Steal, Made Shot",Goodwin STEAL (1 STL) | Brooks 1' Running Layup (28 PTS) (Goodwin 2 AST),PHX,Phoenix Suns,1610612756,1628415,D. Brooks,93,77,Made,2.0,Running Layup Shot,D. Brooks,0.0,-5.0,1.0,37.0,3.0,3.0,3.0,1,0,2.0,0,1.0,,2.0,Made,2.0,2.0,4.0,PHX,https://cdn.nba.com/logos/nba/1610612756/primary/L/logo.svg,Dillon Brooks,https://cdn.nba.com/headshots/nba/latest/1040x760/1628415.png
0022500239,159,3,PT00M35.10S,PT00M22.20S,2,"Violation, Missed Shot",SUNS Violation: Delay of game Violation | MISS Gueye 24' 3PT Jump Shot,ATL,Atlanta Hawks,1610612737,1631243,M. Gueye,93,77,Missed,3.0,Jump Shot,M. Gueye,-241.0,-3.0,24.0,22.0,13.0,13.0,13.0,0,1,0.0,0,,0.0,,,,0.0,0.0,ATL,https://cdn.nba.com/logos/nba/1610612737/primary/L/logo.svg,Mouhamed Gueye,https://cdn.nba.com/headshots/nba/latest/1040x760/1631243.png
0022500241,51,1,PT00M37.50S,PT00M33.20S,2,"Rebound, Missed Shot",CAVALIERS Rebound | MISS Mobley 7' Driving Floating Bank Jump Shot,CLE,Cleveland Cavaliers,1610612739,1630596,E. Mobley,26,33,Missed,2.0,Driving Floating Bank Jump Shot,E. Mobley,61.0,42.0,7.0,33.0,5.0,5.0,5.0,1,0,0.0,0,1.0,,0.0,Missed,8.0,0.0,0.0,CLE,https://cdn.nba.com/logos/nba/1610612739/primary/L/logo.svg,Evan Mobley,https://cdn.nba.com/headshots/nba/latest/1040x760/1630596.png
0022500243,157,3,PT00M39.60S,PT00M33.50S,2,"Steal, Made Shot",Batum STEAL (1 STL) | Sanders 28' 3PT Running Jump Shot (13 PTS) (Bogdanovic 4 AST),LAC,LA Clippers,1610612746,1642920,K. Sanders,71,80,Made,3.0,Running Jump Shot,K. Sanders,-168.0,228.0,28.0,34.0,6.0,6.0,6.0,1,0,3.0,0,1.0,,2.0,Made,1.0,2.0,5.0,LAC,https://cdn.nba.com/logos/nba/1610612746/primary/L/logo.svg,Kobe Sanders,https://cdn.nba.com/headshots/nba/latest/1040x760/1642920.png
0022500245,212,4,PT00M33.60S,PT00M18.40S,2,"Rebound, Made Shot",Ingram REBOUND (Off:2 Def:4) | Barrett 2' Cutting Finger Roll Layup Shot (16 PTS) (Ingram 3 AST),TOR,Toronto Raptors,1610612761,1629628,R. Barrett,110,108,Made,2.0,Cutting Finger Roll Layup Shot,R. Barrett,13.0,17.0,2.0,18.0,16.0,16.0,16.0,0,1,2.0,0,,0.0,,,,0.0,2.0,TOR,https://cdn.nba.com/logos/nba/1610612761/primary/L/logo.svg,RJ Barrett,https://cdn.nba.com/headshots/nba/latest/1040x760/1629628.png
0022500248,211,4,PT00M38.50S,PT00M33.40S,4,"Rebound, Timeout, Instant Replay, Made Shot",Bulls Rebound | NUGGETS Timeout: Regular (Full 6 Short 0) | Instant Replay4th Period (11:14 PM EST) | Vucevic 26' 3PT Jump Shot (8 PTS) (Huerter 1 AST),CHI,Chicago Bulls,1610612741,202696,N. Vučević,122,126,Made,3.0,Jump Shot,N. Vučević,-44.0,255.0,26.0,33.0,5.0,5.0,5.0,1,0,3.0,0,1.0,,2.0,,,2.0,5.0,CHI,https://cdn.nba.com/logos/nba/1610612741/primary/L/logo.svg,Nikola Vučević,https://cdn.nba.com/headshots/nba/latest/1040x760/202696.png
0022500252,103,2,PT00M36.70S,PT00M18.20S,2,"Rebound, Missed Shot",Sochan REBOUND (Off:0 Def:3) | MISS Johnson 5' Turnaround Jump Shot,SAS,San Antonio Spurs,1610612759,1629640,K. Johnson,49,47,Missed,2.0,Turnaround Jump Shot,K. Johnson,31.0,38.0,5.0,18.0,19.0,19.0,19.0,0,1,0.0,0,,0.0,,,,0.0,0.0,SAS,https://cdn.nba.com/logos/nba/1610612759/primary/L/logo.svg,Keldon Johnson,https://cdn.nba.com/headshots/nba/latest/1040x760/1629640.png
0022500256,107,2,PT00M36.70S,PT00M22.80S,3,"Missed Shot, Rebound, Made Shot",MISS Siakam 28' 3PT Pullup Jump Shot | Mathurin REBOUND (Off:1 Def:4) | Mathurin 26' 3PT Pullup Jump Shot (16 PTS) (Huff 4 AST),IND,Indiana Pacers,1610612754,1631097,B. Mathurin,70,54,Missed,3.0,Pullup Jump shot,P. Siakam,-107.0,258.0,28.0,37.0,41.0,0.0,41.0,0,1,3.0,0,,0.0,,,,0.0,3.0,IND,https://cdn.nba.com/logos/nba/1610612754/primary/L/logo.svg,Pascal Siakam,https://cdn.nba.com/headshots/nba/latest/1040x760/1627783.png
0022500256,216,4,PT00M36.80S,PT00M34.00S,2,"Steal, Made Shot",Connaughton STEAL (1 STL) | Connaughton 3' Running Layup (13 PTS),CHA,Charlotte Hornets,1610612766,1626192,P. Connaughton,125,118,Made,2.0,Running Layup Shot,P. Connaughton,-31.0,8.0,3.0,34.0,3.0,3.0,3.0,1,0,2.0,0,1.0,,0.0,Missed,19.0,0.0,2.0,CHA,https://cdn.nba.com/logos/nba/1610612766/primary/L/logo.svg,Pat Connaughton,https://cdn.nba.com/headshots/nba/latest/1040x760/1626192.png
0022500257,60,1,PT00M34.40S,PT00M17.50S,2,"Rebound, Made Shot",Post REBOUND (Off:0 Def:2) | Moody 25' 3PT Jump Shot (5 PTS) (Hield 1 AST),GSW,Golden State Warriors,1610612744,1630541,M. Moody,29,20,Made,3.0,Jump Shot,M. Moody,202.0,155.0,25.0,18.0,16.0,16.0,16.0,0,1,3.0,0,,0.0,,,,0.0,3.0,GSW,https://cdn.nba.com/logos/nba/1610612744/primary/L/logo.svg,Moses Moody,https://cdn.nba.com/headshots/nba/latest/1040x760/1630541.png
0022500258,206,4,PT00M38.20S,PT00M36.80S,2,"Timeout, Missed Shot",76ERS Timeout: Regular (Full 5 Short 0) | MISS Edgecombe 25' 3PT Jump Shot,PHI,Philadelphia 76ers,1610612755,1642845,V. Edgecombe,112,121,Missed,3.0,Jump Shot,V. Edgecombe,-176.0,184.0,25.0,37.0,1.0,1.0,1.0,1,0,0.0,0,0.0,,,,,0.0,0.0,PHI,https://cdn.nba.com/logos/nba/1610612755/primary/L/logo.svg,VJ Edgecombe,https://cdn.nba.com/headshots/nba/latest/1040x760/1642845.png
0022500265,50,1,PT00M40.40S,PT00M35.20S,2,"Rebound, Missed Shot",Konchar REBOUND (Off:0 Def:3) | MISS Coward 25' 3PT Running Jump Shot,MEM,Memphis Grizzlies,1610612763,1642907,C. Coward,35,22,Missed,3.0,Running Jump Shot,C. Coward,179.0,176.0,25.0,35.0,5.0,5.0,5.0,1,0,0.0,0,1.0,,0.0,Missed,1.0,0.0,0.0,MEM,https://cdn.nba.com/logos/nba/1610612763/primary/L/logo.svg,Cedric Coward,https://cdn.nba.com/headshots/nba/latest/1040x760/1642907.png
0022500266,153,3,PT00M37.30S,PT00M30.00S,2,"Rebound, Missed Shot",Grimes REBOUND (Off:0 Def:1) | MISS McCain 25' 3PT Running Jump Shot,PHI,Philadelphia 76ers,1610612755,1642272,J. McCain,79,76,Missed,3.0,Running Jump Shot,J. McCain,217.0,131.0,25.0,30.0,7.0,7.0,7.0,1,0,0.0,0,1.0,,0.0,Missed,4.0,0.0,0.0,PHI,https://cdn.nba.com/logos/nba/1610612755/primary/L/logo.svg,Jared McCain,https://cdn.nba.com/headshots/nba/latest/1040x760/1642272.png
0022500271,221,4,PT00M34.20S,PT00M29.80S,2,"Timeout, Missed Shot",Wizards Timeout: Regular (Reg.6 Short 0) | MISS George 18' Fadeaway Jumper,WAS,Washington Wizards,1610612764,1642273,K. George,121,120,Missed,2.0,Fadeaway Jump Shot,K. George,107.0,150.0,18.0,30.0,4.0,4.0,4.0,1,0,0.0,0,1.0,,0.0,,,0.0,0.0,WAS,https://cdn.nba.com/logos/nba/1610612764/primary/L/logo.svg,Kyshawn George,https://cdn.nba.com/headshots/nba/latest/1040x760/1642273.png
0022500272,50,1,PT00M36.20S,PT00M31.70S,2,"Steal, Made Shot",LeVert STEAL (1 STL) | Ivey 1' Running Layup (2 PTS) (LeVert 1 AST),DET,Detroit Pistons,1610612765,1631093,J. Ivey,26,27,Made,2.0,Running Layup Shot,J. Ivey,-1.0,7.0,1.0,32.0,4.0,4.0,4.0,1,0,2.0,0,1.0,,3.0,Made,0.0,3.0,5.0,DET,https://cdn.nba.com/logos/nba/1610612765/primary/L/logo.svg,Jaden Ivey,https://cdn.nba.com/headshots/nba/latest/1040x760/1631093.png
0022500273,95,2,PT00M39.80S,PT00M33.60S,2,"Rebound, Made Shot",Christie REBOUND (Off:0 Def:2) | Gafford 3' Running Finger Roll Layup (2 PTS) (Washington 3 AST),DAL,Dallas Mavericks,1610612742,1629655,D. Gafford,46,43,Made,2.0,Running Finger Roll Layup Shot,D. Gafford,-20.0,23.0,3.0,34.0,6.0,6.0,6.0,1,0,2.0,0,1.0,,1.0,,,1.0,3.0,DAL,https://cdn.nba.com/logos/nba/1610612742/primary/L/logo.svg,Daniel Gafford,https://cdn.nba.com/headshots/nba/latest/1040x760/1629655.png
0022500274,207,4,PT00M36.10S,PT00M29.40S,2,"Timeout, Made Shot",NUGGETS Timeout: Regular (Full 6 Short 0) | Jokic 26' 3PT Jump Shot (41 PTS) (Watson 1 AST),DEN,Denver Nuggets,1610612743,203999,N. Jokić,120,123,Made,3.0,Jump Shot,N. Jokić,22.0,258.0,26.0,29.0,7.0,7.0,7.0,1,0,3.0,0,1.0,,3.0,,,3.0,6.0,DEN,https://cdn.nba.com/logos/nba/1610612743/primary/L/logo.svg,Nikola Jokić,https://cdn.nba.com/headshots/nba/latest/1040x760/203999.png
0022500278,155,3,PT00M36.20S,PT00M34.00S,2,"Rebound, Made Shot",Mitchell REBOUND (Off:1 Def:6) | Mitchell 27' 3PT Running Pull-Up Jump Shot (30 PTS),CLE,Cleveland Cavaliers,1610612739,1628378,D. Mitchell,90,79,Made,3.0,Running Pull-Up Jump Shot,D. Mitchell,-164.0,211.0,27.0,34.0,2.0,2.0,2.0,1,0,3.0,0,1.0,,2.0,Made,4.0,2.0,5.0,CLE,https://cdn.nba.com/logos/nba/1610612739/primary/L/logo.svg,Donovan Mitchell,https://cdn.nba.com/headshots/nba/latest/1040x760/1628378.png
0022500279,104,2,PT00M36.30S,PT00M30.30S,2,"Steal, Missed Shot",Porter Jr. STEAL (1 STL) | MISS Porter Jr. 4' Driving Floating Jump Shot,BKN,Brooklyn Nets,1610612751,1629008,M. Porter Jr.,63,56,Missed,2.0,Driving Floating Jump Shot,M. Porter Jr.,13.0,42.0,4.0,30.0,6.0,6.0,6.0,1,0,0.0,0,1.0,,2.0,,,2.0,2.0,BKN,https://cdn.nba.com/logos/nba/1610612751/primary/L/logo.svg,Michael Porter Jr.,https://cdn.nba.com/headshots/nba/latest/1040x760/1629008.png
0022500281,152,3,PT00M33.60S,PT00M33.60S,1,Made Shot,Booker 26' 3PT Pullup Jump Shot (21 PTS) (Goodwin 3 AST),PHX,Phoenix Suns,1610612756,1626164,D. Booker,86,79,Made,3.0,Pullup Jump shot,D. Booker,7.0,255.0,26.0,34.0,6.0,0.0,6.0,1,0,3.0,0,1.0,,0.0,Missed,0.0,0.0,3.0,PHX,https://cdn.nba.com/logos/nba/1610612756/primary/L/logo.svg,Devin Booker,https://cdn.nba.com/headshots/nba/latest/1040x760/1626164.png
0022500292,49,1,PT00M35.70S,PT00M30.00S,2,"Steal, Missed Shot",DeRozan STEAL (1 STL) | MISS Monk 5' Running Layup,SAC,Sacramento Kings,1610612758,1628370,M. Monk,23,24,Missed,2.0,Running Layup Shot,M. Monk,29.0,43.0,5.0,30.0,6.0,6.0,6.0,1,0,0.0,0,1.0,,0.0,Missed,3.0,0.0,0.0,SAC,https://cdn.nba.com/logos/nba/1610612758/primary/L/logo.svg,Malik Monk,https://cdn.nba.com/headshots/nba/latest/1040x760/1628370.png
0022500293,204,4,PT00M35.70S,PT00M14.00S,2,"Rebound, Made Shot",Randle REBOUND (Off:0 Def:9) | Edwards 26' 3PT Jump Shot (39 PTS),MIN,Minnesota Timberwolves,1610612750,1630162,A. Edwards,118,112,Made,3.0,Jump Shot,A. Edwards,-6.0,257.0,26.0,14.0,22.0,22.0,22.0,0,1,3.0,0,,1.0,1.0,,,1.0,4.0,MIN,https://cdn.nba.com/logos/nba/1610612750/primary/L/logo.svg,Anthony Edwards,https://cdn.nba.com/headshots/nba/latest/1040x760/1630162.png
0022500295,201,4,PT00M34.00S,PT00M20.80S,2,"Rebound, Missed Shot",Bulls Rebound | MISS Huerter 3' Cutting Layup Shot,CHI,Chicago Bulls,1610612741,1628989,K. Huerter,100,99,Missed,2.0,Cutting Layup Shot,K. Huerter,-6.0,31.0,3.0,21.0,13.0,13.0,13.0,0,1,0.0,0,,1.0,0.0,Missed,16.0,0.0,0.0,CHI,https://cdn.nba.com/logos/nba/1610612741/primary/L/logo.svg,Kevin Huerter,https://cdn.nba.com/headshots/nba/latest/1040x760/1628989.png
0022500296,176,3,PT00M34.80S,PT00M29.70S,2,"Rebound, Made Shot",Jenkins REBOUND (Off:0 Def:1) | Ivey 25' 3PT Running Jump Shot (9 PTS) (Jenkins 1 AST),DET,Detroit Pistons,1610612765,1631093,J. Ivey,89,108,Made,3.0,Running Jump Shot,J. Ivey,76.0,241.0,25.0,30.0,5.0,5.0,5.0,1,0,3.0,0,0.0,,,,,0.0,3.0,DET,https://cdn.nba.com/logos/nba/1610612765/primary/L/logo.svg,Jaden Ivey,https://cdn.nba.com/headshots/nba/latest/1040x760/1631093.png
0022500296,231,4,PT00M40.50S,PT00M34.20S,4,"Timeout, Missed Shot, Rebound, Made Shot",HEAT Timeout: Regular (Full 6 Short 0) | MISS Powell 2' Driving Finger Roll Layup | Adebayo REBOUND (Off:2 Def:8) | Adebayo Tip Layup Shot (15 PTS),MIA,Miami Heat,1610612748,1628389,B. Adebayo,131,133,Missed,2.0,Driving Finger Roll Layup Shot,N. Powell,16.0,2.0,2.0,36.0,6.0,4.0,4.0,1,0,2.0,0,1.0,,0.0,Missed,16.0,0.0,2.0,MIA,https://cdn.nba.com/logos/nba/1610612748/primary/L/logo.svg,Norman Powell,https://cdn.nba.com/headshots/nba/latest/1040x760/1626181.png
0022500300,53,1,PT00M34.00S,PT00M12.30S,2,"Rebound, Missed Shot",Sanders REBOUND (Off:0 Def:1) | MISS Brown 28' 3PT Jump Shot,LAC,LA Clippers,1610612746,1641738,K. Brown,28,23,Missed,3.0,Jump Shot,K. Brown,-137.0,243.0,28.0,12.0,22.0,22.0,22.0,0,1,0.0,0,,0.0,,,,0.0,0.0,LAC,https://cdn.nba.com/logos/nba/1610612746/primary/L/logo.svg,Kobe Brown,https://cdn.nba.com/headshots/nba/latest/1040x760/1641738.png
0022500302,98,2,PT00M38.80S,PT00M29.70S,4,"Rebound, Missed Shot, Rebound, Made Shot",Walsh REBOUND (Off:2 Def:3) | MISS Brown 30' 3PT Running Pull-Up Jump Shot | Walsh REBOUND (Off:3 Def:3) | Tillman 7' Floating Jump Shot (5 PTS) (Walsh 1 AST),BOS,Boston Celtics,1610612738,1630214,X. Tillman,51,55,Missed,3.0,Running Pull-Up Jump Shot,J. Brown,200.0,222.0,30.0,34.0,9.0,5.0,5.0,1,0,2.0,0,1.0,,3.0,Made,2.0,3.0,5.0,BOS,https://cdn.nba.com/logos/nba/1610612738/primary/L/logo.svg,Jaylen Brown,https://cdn.nba.com/headshots/nba/latest/1040x760/1627759.png
0022500302,149,3,PT00M38.30S,PT00M30.90S,2,"Rebound, Made Shot",Mitchell REBOUND (Off:1 Def:5) | Mobley 26' 3PT Jump Shot (25 PTS) (Mitchell 6 AST),CLE,Cleveland Cavaliers,1610612739,1630596,E. Mobley,79,90,Made,3.0,Jump Shot,E. Mobley,104.0,237.0,26.0,31.0,7.0,7.0,7.0,1,0,3.0,0,1.0,,0.0,Missed,0.0,0.0,3.0,CLE,https://cdn.nba.com/logos/nba/1610612739/primary/L/logo.svg,Evan Mobley,https://cdn.nba.com/headshots/nba/latest/1040x760/1630596.png
0022500305,110,2,PT00M36.70S,PT00M30.30S,2,"Rebound, Made Shot",Jal. Williams REBOUND (Off:0 Def:4) | Gilgeous-Alexander 3' Running Layup (12 PTS),OKC,Oklahoma City Thunder,1610612760,1628983,S. Gilgeous-Alexander,52,54,Made,2.0,Running Layup Shot,S. Gilgeous-Alexander,17.0,22.0,3.0,30.0,7.0,7.0,7.0,1,0,2.0,0,1.0,,0.0,Missed,2.0,0.0,2.0,OKC,https://cdn.nba.com/logos/nba/1610612760/primary/L/logo.svg,Shai Gilgeous-Alexander,https://cdn.nba.com/headshots/nba/latest/1040x760/1628983.png
0022500306,47,1,PT00M34.30S,PT00M34.30S,1,Made Shot,Fox 26' 3PT Pullup Jump Shot (11 PTS),SAS,San Antonio Spurs,1610612759,1628368,D. Fox,30,37,Made,3.0,Pullup Jump shot,D. Fox,-85.0,244.0,26.0,34.0,4.0,0.0,4.0,1,0,3.0,0,1.0,,0.0,,,0.0,3.0,SAS,https://cdn.nba.com/logos/nba/1610612759/primary/L/logo.svg,De'Aaron Fox,https://cdn.nba.com/headshots/nba/latest/1040x760/1628368.png
0022500309,208,4,PT00M34.10S,PT00M28.10S,2,"Foul, Missed Shot",Stewart P.FOUL (P2.T4) (G.Petraitis) | MISS Okongwu 3PT Jump Shot,ATL,Atlanta Hawks,1610612737,1630168,O. Okongwu,97,95,Missed,3.0,Jump Shot,O. Okongwu,227.0,55.0,0.0,28.0,6.0,6.0,6.0,1,0,0.0,0,1.0,,0.0,Missed,13.0,0.0,0.0,ATL,https://cdn.nba.com/logos/nba/1610612737/primary/L/logo.svg,Onyeka Okongwu,https://cdn.nba.com/headshots/nba/latest/1040x760/1630168.png
0022500313,167,3,PT00M37.20S,PT00M31.50S,2,"Rebound, Made Shot",Clippers Rebound | Leonard 27' 3PT Jump Shot (17 PTS) (Collins 1 AST),LAC,LA Clippers,1610612746,202695,K. Leonard,112,82,Made,3.0,Jump Shot,K. Leonard,88.0,258.0,27.0,32.0,5.0,5.0,5.0,1,0,3.0,0,1.0,,0.0,Missed,2.0,0.0,3.0,LAC,https://cdn.nba.com/logos/nba/1610612746/primary/L/logo.svg,Kawhi Leonard,https://cdn.nba.com/headshots/nba/latest/1040x760/202695.png
0022500315,52,1,PT00M35.10S,PT00M29.10S,2,"Rebound, Made Shot",Hardaway Jr. REBOUND (Off:0 Def:1) | Hardaway Jr. 16' Pullup Jump Shot (4 PTS),DEN,Denver Nuggets,1610612743,203501,T. Hardaway Jr.,40,25,Made,2.0,Pullup Jump shot,T. Hardaway Jr.,108.0,115.0,16.0,29.0,6.0,6.0,6.0,1,0,2.0,0,1.0,,1.0,,,1.0,3.0,DEN,https://cdn.nba.com/logos/nba/1610612743/primary/L/logo.svg,Tim Hardaway Jr.,https://cdn.nba.com/headshots/nba/latest/1040x760/203501.png
0022500316,110,2,PT00M35.30S,PT00M29.10S,2,"Rebound, Missed Shot",Markkanen REBOUND (Off:2 Def:3) | MISS Clayton Jr. 4' Running Layup,UTA,Utah Jazz,1610612762,1642383,W. Clayton Jr.,66,55,Missed,2.0,Running Layup Shot,W. Clayton Jr.,-33.0,27.0,4.0,29.0,6.0,6.0,6.0,1,0,0.0,0,1.0,,2.0,Made,2.0,2.0,2.0,UTA,https://cdn.nba.com/logos/nba/1610612762/primary/L/logo.svg,Walter Clayton,https://cdn.nba.com/headshots/nba/latest/1040x760/1642383.png
0022500319,216,4,PT00M38.80S,PT00M17.20S,3,"Timeout, Instant Replay, Made Shot",Trail Blazers Timeout: Regular (Reg.6 Short 0) | Instant Replay4th Period (9:57 PM EST) | Ingram 1' Cutting Dunk Shot (19 PTS) (Shead 5 AST),TOR,Toronto Raptors,1610612761,1627742,B. Ingram,119,115,Made,2.0,Cutting Dunk Shot,B. Ingram,-6.0,-5.0,1.0,17.0,22.0,22.0,22.0,0,1,2.0,0,,1.0,1.0,,,1.0,3.0,TOR,https://cdn.nba.com/logos/nba/1610612761/primary/L/logo.svg,Brandon Ingram,https://cdn.nba.com/headshots/nba/latest/1040x760/1627742.png
0022500321,211,4,PT00M40.10S,PT00M35.60S,2,"Steal, Made Shot",DiVincenzo STEAL (1 STL) | McDaniels 6' Running Pull-Up Jump Shot (17 PTS),MIN,Minnesota Timberwolves,1610612750,1630183,J. McDaniels,129,127,Made,2.0,Running Pull-Up Jump Shot,J. McDaniels,-64.0,8.0,6.0,36.0,4.0,4.0,4.0,1,0,2.0,0,1.0,,2.0,Made,2.0,2.0,4.0,MIN,https://cdn.nba.com/logos/nba/1610612750/primary/L/logo.svg,Jaden McDaniels,https://cdn.nba.com/headshots/nba/latest/1040x760/1630183.png
0022500324,55,1,PT00M40.40S,PT00M29.30S,4,"Rebound, Missed Shot, Rebound, Missed Shot",Hansen REBOUND (Off:0 Def:1) | MISS Sharpe 2' Running Layup | Rupert REBOUND (Off:1 Def:0) | MISS Rupert Tip Layup Shot,POR,Portland Trail Blazers,1610612757,1641712,R. Rupert,31,33,Missed,2.0,Running Layup Shot,S. Sharpe,-5.0,17.0,2.0,33.0,11.0,7.0,7.0,1,0,0.0,0,1.0,,3.0,Made,8.0,3.0,3.0,POR,https://cdn.nba.com/logos/nba/1610612757/primary/L/logo.svg,Shaedon Sharpe,https://cdn.nba.com/headshots/nba/latest/1040x760/1631101.png
0022500328,46,1,PT00M39.70S,PT00M09.90S,10,"Rebound, Foul, Instant Replay, Free Throw, Free Throw, Rebound, Free Throw, Missed Shot, Rebound, Made Shot",KNICKS Rebound | Bridges FLAGRANT.FOUL.TYPE1 (P1.T2) (T.Ford) | Instant Replay1st Period (8:04 PM EST) | Brunson Free Throw Flagrant 1 of 3 (5 PTS) | MISS Brunson Free Throw Flagrant 2 of 3 | KNICKS Rebound | Brunson Free Throw Flagrant 3 of 3 (6 PTS) | MISS Brunson 17' Pullup Jump Shot | Hukporti REBOUND (Off:1 Def:0) | McBride 26' 3PT Pullup Jump Shot (3 PTS),NYK,New York Knicks,1610612752,1630540,M. McBride,27,12,Missed,2.0,Pullup Jump shot,J. Brunson,82.0,145.0,17.0,22.0,30.0,18.0,18.0,0,1,2.0,2,,0.0,,,,0.0,2.0,NYK,https://cdn.nba.com/logos/nba/1610612752/primary/L/logo.svg,Jalen Brunson,https://cdn.nba.com/headshots/nba/latest/1040x760/1628973.png
0022500329,214,4,PT00M39.40S,PT00M32.00S,2,"Rebound, Missed Shot",Carter REBOUND (Off:1 Def:2) | MISS Miller 2' Driving Finger Roll Layup,CHI,Chicago Bulls,1610612741,1641801,E. Miller,103,113,Missed,2.0,Driving Finger Roll Layup Shot,E. Miller,1.0,21.0,2.0,32.0,7.0,7.0,7.0,1,0,0.0,0,0.0,,,,,0.0,0.0,CHI,https://cdn.nba.com/logos/nba/1610612741/primary/L/logo.svg,Emanuel Miller,https://cdn.nba.com/headshots/nba/latest/1040x760/1641801.png
0022500332,115,2,PT00M34.40S,PT00M12.90S,4,"Rebound, Missed Shot, Rebound, Made Shot",Davis REBOUND (Off:1 Def:9) | MISS Davis 6' Driving Floating Jump Shot | Marshall REBOUND (Off:2 Def:1) | Marshall 1' Putback Layup (7 PTS),DAL,Dallas Mavericks,1610612742,1630230,N. Marshall,64,53,Missed,2.0,Driving Floating Jump Shot,A. Davis,-34.0,49.0,6.0,15.0,21.0,19.0,19.0,0,1,2.0,0,,0.0,,,,0.0,2.0,DAL,https://cdn.nba.com/logos/nba/1610612742/primary/L/logo.svg,Anthony Davis,https://cdn.nba.com/headshots/nba/latest/1040x760/203076.png
0022500334,50,1,PT00M37.40S,PT00M35.90S,2,"Rebound, Missed Shot",Celtics Rebound | MISS Pritchard 25' 3PT Jump Shot,BOS,Boston Celtics,1610612738,1630202,P. Pritchard,23,29,Missed,3.0,Jump Shot,P. Pritchard,250.0,32.0,25.0,36.0,1.0,1.0,1.0,1,0,0.0,0,1.0,,3.0,Made,1.0,3.0,3.0,BOS,https://cdn.nba.com/logos/nba/1610612738/primary/L/logo.svg,Payton Pritchard,https://cdn.nba.com/headshots/nba/latest/1040x760/1630202.png
0022500339,110,2,PT00M39.00S,PT00M34.70S,2,"Rebound, Made Shot",Wagner REBOUND (Off:0 Def:2) | Wagner 26' 3PT Step Back Jump Shot (13 PTS),ORL,Orlando Magic,1610612753,1630532,F. Wagner,57,58,Made,3.0,Step Back Jump shot,F. Wagner,-36.0,255.0,26.0,35.0,4.0,4.0,4.0,1,0,3.0,0,1.0,,0.0,,,0.0,3.0,ORL,https://cdn.nba.com/logos/nba/1610612753/primary/L/logo.svg,Franz Wagner,https://cdn.nba.com/headshots/nba/latest/1040x760/1630532.png
0022500339,170,3,PT00M40.40S,PT00M34.40S,2,"Rebound, Missed Shot",Jaquez Jr. REBOUND (Off:0 Def:3) | MISS Smith 26' 3PT Jump Shot,MIA,Miami Heat,1610612748,1630696,D. Smith,87,79,Missed,3.0,Jump Shot,D. Smith,87.0,240.0,26.0,34.0,6.0,6.0,6.0,1,0,0.0,0,0.0,,,,,0.0,0.0,MIA,https://cdn.nba.com/logos/nba/1610612748/primary/L/logo.svg,Dru Smith,https://cdn.nba.com/headshots/nba/latest/1040x760/1630696.png
0022500340,51,1,PT00M39.40S,PT00M35.20S,2,"Rebound, Missed Shot",Nuggets Rebound | MISS Hardaway Jr. 26' 3PT Jump Shot,DEN,Denver Nuggets,1610612743,203501,T. Hardaway Jr.,39,23,Missed,3.0,Jump Shot,T. Hardaway Jr.,-112.0,238.0,26.0,35.0,4.0,4.0,4.0,1,0,0.0,0,1.0,,0.0,Missed,2.0,0.0,0.0,DEN,https://cdn.nba.com/logos/nba/1610612743/primary/L/logo.svg,Tim Hardaway Jr.,https://cdn.nba.com/headshots/nba/latest/1040x760/203501.png
0022500343,51,1,PT00M36.00S,PT00M31.30S,2,"Rebound, Missed Shot",Robinson REBOUND (Off:1 Def:3) | MISS Clarkson 25' 3PT Running Jump Shot,NYK,New York Knicks,1610612752,203903,J. Clarkson,38,10,Missed,3.0,Running Jump Shot,J. Clarkson,-183.0,168.0,25.0,31.0,5.0,5.0,5.0,1,0,0.0,0,1.0,,3.0,Made,2.0,3.0,3.0,NYK,https://cdn.nba.com/logos/nba/1610612752/primary/L/logo.svg,Jordan Clarkson,https://cdn.nba.com/headshots/nba/latest/1040x760/203903.png
0022500343,104,2,PT00M34.30S,PT00M29.40S,2,"Rebound, Made Shot",Markkanen REBOUND (Off:3 Def:4) | Markkanen 4' Running Layup (10 PTS),UTA,Utah Jazz,1610612762,1628374,L. Markkanen,68,47,Made,2.0,Running Layup Shot,L. Markkanen,-26.0,33.0,4.0,29.0,5.0,5.0,5.0,1,0,2.0,0,1.0,,0.0,,,0.0,2.0,UTA,https://cdn.nba.com/logos/nba/1610612762/primary/L/logo.svg,Lauri Markkanen,https://cdn.nba.com/headshots/nba/latest/1040x760/1628374.png
0022500348,154,3,PT00M38.70S,PT00M15.70S,5,"Steal, Foul, Missed Shot, Rebound, Missed Shot",McCain STEAL (2 STL) | Trent Jr. P.FOUL (P1.T2) (J.Schroeder) | MISS Walker 26' 3PT Jump Shot | Grimes REBOUND (Off:1 Def:3) | MISS Walker 24' 3PT Jump Shot,PHI,Philadelphia 76ers,1610612755,1631133,J. Walker,75,93,Missed,3.0,Jump Shot,J. Walker,217.0,134.0,26.0,24.0,23.0,15.0,15.0,0,1,0.0,0,,1.0,0.0,Missed,0.0,0.0,0.0,PHI,https://cdn.nba.com/logos/nba/1610612755/primary/L/logo.svg,Jabari Walker,https://cdn.nba.com/headshots/nba/latest/1040x760/1631133.png
0022500351,54,1,PT00M39.40S,PT00M36.30S,2,"Foul, Missed Shot",Krejci P.FOUL (P2.T4) (M.Davis) | MISS Branham 7' Driving Layup,WAS,Washington Wizards,1610612764,1631103,M. Branham,23,35,Missed,2.0,Driving Layup Shot,M. Branham,64.0,12.0,7.0,36.0,3.0,3.0,3.0,1,0,0.0,0,1.0,,2.0,Made,35.0,2.0,2.0,WAS,https://cdn.nba.com/logos/nba/1610612764/primary/L/logo.svg,Malaki Branham,https://cdn.nba.com/headshots/nba/latest/1040x760/1631103.png
0022500351,55,1,PT00M36.30S,PT00M34.70S,2,"Rebound, Made Shot",WIZARDS Rebound | Vukcevic 2' Driving Layup (6 PTS) (George 1 AST),WAS,Washington Wizards,1610612764,1641774,T. Vukcevic,25,35,Made,2.0,Driving Layup Shot,T. Vukcevic,12.0,15.0,2.0,35.0,1.0,1.0,1.0,1,0,2.0,0,1.0,,1.0,,,1.0,3.0,WAS,https://cdn.nba.com/logos/nba/1610612764/primary/L/logo.svg,Tristan Vukcevic,https://cdn.nba.com/headshots/nba/latest/1040x760/1641774.png
0022500352,153,3,PT00M38.00S,PT00M32.70S,2,"Rebound, Made Shot",Post REBOUND (Off:1 Def:5) | Podziemski 25' 3PT Running Pull-Up Jump Shot (8 PTS),GSW,Golden State Warriors,1610612744,1641764,B. Podziemski,62,72,Made,3.0,Running Pull-Up Jump Shot,B. Podziemski,-89.0,236.0,25.0,33.0,5.0,5.0,5.0,1,0,3.0,0,1.0,,0.0,Missed,0.0,0.0,3.0,GSW,https://cdn.nba.com/logos/nba/1610612744/primary/L/logo.svg,Brandin Podziemski,https://cdn.nba.com/headshots/nba/latest/1040x760/1641764.png
0022500353,47,1,PT00M34.40S,PT00M01.50S,5,"Rebound, Missed Shot, Rebound, Foul, Missed Shot",Reed REBOUND (Off:1 Def:1) | MISS Reed 5' Cutting Layup Shot | Reed REBOUND (Off:2 Def:1) | Ivey L.B.FOUL (P1.T4) (M.Lindsay) | MISS Kuzma 27' 3PT Jump Shot,MIL,Milwaukee Bucks,1610612749,1628398,K. Kuzma,29,22,Missed,2.0,Cutting Layup Shot,P. Reed,2.0,52.0,5.0,18.0,32.0,16.0,16.0,0,1,0.0,0,,0.0,,,,0.0,0.0,MIL,https://cdn.nba.com/logos/nba/1610612749/primary/L/logo.svg,,
0022500354,50,1,PT00M35.10S,PT00M24.40S,4,"Rebound, Missed Shot, Rebound, Made Shot",Adebayo REBOUND (Off:1 Def:2) | MISS Jaquez Jr. 6' Driving Floating Jump Shot | Adebayo REBOUND (Off:2 Def:2) | Fontecchio 25' 3PT Jump Shot (6 PTS) (Adebayo 2 AST),MIA,Miami Heat,1610612748,1631323,S. Fontecchio,31,34,Missed,2.0,Driving Floating Jump Shot,J. Jaquez Jr.,-4.0,58.0,6.0,29.0,11.0,6.0,6.0,1,0,3.0,0,0.0,,,,,0.0,3.0,MIA,https://cdn.nba.com/logos/nba/1610612748/primary/L/logo.svg,Jaime Jaquez Jr.,https://cdn.nba.com/headshots/nba/latest/1040x760/1631170.png
0022500354,106,2,PT00M37.60S,PT00M32.80S,2,"Rebound, Made Shot",LaVine REBOUND (Off:0 Def:5) | LaVine 1' Running Layup (29 PTS),SAC,Sacramento Kings,1610612758,203897,Z. LaVine,55,72,Made,2.0,Running Layup Shot,Z. LaVine,-10.0,5.0,1.0,33.0,5.0,5.0,5.0,1,0,2.0,0,0.0,,,,,0.0,2.0,SAC,https://cdn.nba.com/logos/nba/1610612758/primary/L/logo.svg,Zach LaVine,https://cdn.nba.com/headshots/nba/latest/1040x760/203897.png
0022500356,51,1,PT00M34.70S,PT00M18.50S,2,"Rebound, Missed Shot",Washington REBOUND (Off:0 Def:4) | MISS Williams 3' Driving Reverse Layup,DAL,Dallas Mavericks,1610612742,1630314,B. Williams,27,26,Missed,2.0,Driving Reverse Layup Shot,B. Williams,25.0,24.0,3.0,18.0,17.0,17.0,17.0,0,1,0.0,0,,1.0,2.0,Made,1.0,2.0,2.0,DAL,https://cdn.nba.com/logos/nba/1610612742/primary/L/logo.svg,Brandon Williams,https://cdn.nba.com/headshots/nba/latest/1040x760/1585.png
0022500357,97,2,PT00M37.00S,PT00M31.00S,2,"Rebound, Made Shot",Carter Jr. REBOUND (Off:0 Def:4) | Black 26' 3PT Running Pull-Up Jump Shot (9 PTS) (Bane 3 AST),ORL,Orlando Magic,1610612753,1641710,A. Black,54,55,Made,3.0,Running Pull-Up Jump Shot,A. Black,28.0,257.0,26.0,31.0,6.0,6.0,6.0,1,0,3.0,0,1.0,,0.0,,,0.0,3.0,ORL,https://cdn.nba.com/logos/nba/1610612753/primary/L/logo.svg,Anthony Black,https://cdn.nba.com/headshots/nba/latest/1040x760/1641710.png
0022500359,96,2,PT00M34.30S,PT00M24.00S,2,"Rebound, Made Shot",Johnson REBOUND (Off:1 Def:1) | Jokic 26' 3PT Jump Shot (10 PTS),DEN,Denver Nuggets,1610612743,203999,N. Jokić,56,57,Made,3.0,Jump Shot,N. Jokić,27.0,263.0,26.0,24.0,10.0,10.0,10.0,0,1,3.0,0,,1.0,0.0,Missed,0.0,0.0,3.0,DEN,https://cdn.nba.com/logos/nba/1610612743/primary/L/logo.svg,Nikola Jokić,https://cdn.nba.com/headshots/nba/latest/1040x760/203999.png
0022500360,113,2,PT00M35.70S,PT00M30.90S,2,"Rebound, Made Shot",Camara REBOUND (Off:2 Def:3) | Sharpe 2' Driving Reverse Layup (12 PTS) (Avdija 4 AST),POR,Portland Trail Blazers,1610612757,1631101,S. Sharpe,66,46,Made,2.0,Driving Reverse Layup Shot,S. Sharpe,20.0,10.0,2.0,31.0,5.0,5.0,5.0,1,0,2.0,0,1.0,,0.0,Missed,2.0,0.0,2.0,POR,https://cdn.nba.com/logos/nba/1610612757/primary/L/logo.svg,Shaedon Sharpe,https://cdn.nba.com/headshots/nba/latest/1040x760/1631101.png
0022500361,153,3,PT00M35.00S,PT00M28.60S,2,"Rebound, Made Shot",Collins REBOUND (Off:1 Def:2) | Carter 25' 3PT Jump Shot (11 PTS) (Terry 3 AST),CHI,Chicago Bulls,1610612741,1628975,J. Carter,76,86,Made,3.0,Jump Shot,J. Carter,125.0,222.0,25.0,29.0,6.0,6.0,6.0,1,0,3.0,0,1.0,,0.0,Missed,0.0,0.0,3.0,CHI,https://cdn.nba.com/logos/nba/1610612741/primary/L/logo.svg,Jevon Carter,https://cdn.nba.com/headshots/nba/latest/1040x760/1628975.png
0022500362,56,1,PT00M34.70S,PT00M25.00S,6,"Steal, Missed Shot, Rebound, Foul, Free Throw, Free Throw",Embiid STEAL (1 STL) | MISS Embiid 5' Running Layup | Grimes REBOUND (Off:1 Def:1) | Hachimura S.FOUL (P2.PN) (K.Lane) | Grimes Free Throw 1 of 2 (1 PTS) | Grimes Free Throw 2 of 2 (2 PTS),PHI,Philadelphia 76ers,1610612755,1629656,Q. Grimes,30,27,Missed,2.0,Running Layup Shot,J. Embiid,42.0,22.0,5.0,28.0,,7.0,7.0,1,0,2.0,2,1.0,,0.0,Missed,0.0,0.0,2.0,PHI,https://cdn.nba.com/logos/nba/1610612755/primary/L/logo.svg,Joel Embiid,https://cdn.nba.com/headshots/nba/latest/1040x760/203954.png
0022500362,155,3,PT00M35.00S,PT00M22.70S,6,"Steal, Missed Shot, Rebound, Foul, Free Throw, Free Throw",Maxey STEAL (1 STL) | MISS Grimes 25' 3PT Running Jump Shot | Grimes REBOUND (Off:2 Def:4) | Hayes S.FOUL (P3.T4) (Z.Zarba) | Maxey Free Throw 1 of 2 (23 PTS) | MISS Maxey Free Throw 2 of 2,PHI,Philadelphia 76ers,1610612755,1630178,T. Maxey,83,87,Missed,3.0,Running Jump Shot,Q. Grimes,-221.0,117.0,25.0,31.0,,4.0,4.0,1,0,1.0,1,1.0,,1.0,,,1.0,2.0,PHI,https://cdn.nba.com/logos/nba/1610612755/primary/L/logo.svg,Quentin Grimes,https://cdn.nba.com/headshots/nba/latest/1040x760/1629656.png
0022500376,165,3,PT00M37.70S,PT00M28.60S,4,"Steal, Missed Shot, Rebound, Missed Shot",Jenkins STEAL (1 STL) | MISS Sasser 3PT Jump Shot | Green REBOUND (Off:3 Def:2) | MISS Green 3' Layup,DET,Detroit Pistons,1610612765,1629750,J. Green,91,79,Missed,3.0,Jump Shot,M. Sasser,224.0,-1.0,0.0,33.0,9.0,5.0,5.0,1,0,0.0,0,1.0,,0.0,Missed,21.0,0.0,0.0,DET,https://cdn.nba.com/logos/nba/1610612765/primary/L/logo.svg,Marcus Sasser,https://cdn.nba.com/headshots/nba/latest/1040x760/1631204.png
0022500376,236,5,PT00M34.30S,PT00M17.30S,2,"Rebound, Missed Shot",Marshall REBOUND (Off:0 Def:3) | MISS Flagg 27' 3PT Pullup Jump Shot,DAL,Dallas Mavericks,1610612742,1642843,C. Flagg,116,114,Missed,3.0,Pullup Jump shot,C. Flagg,96.0,252.0,27.0,17.0,17.0,17.0,17.0,0,1,0.0,0,,0.0,,,,0.0,0.0,DAL,https://cdn.nba.com/logos/nba/1610612742/primary/L/logo.svg,Cooper Flagg,https://cdn.nba.com/headshots/nba/latest/1040x760/1642843.png
0022500378,102,2,PT00M34.30S,PT00M23.00S,2,"Rebound, Missed Shot",Ighodaro REBOUND (Off:2 Def:6) | MISS Gillespie 1' Driving Layup,PHX,Phoenix Suns,1610612756,1631221,C. Gillespie,46,53,Missed,2.0,Driving Layup Shot,C. Gillespie,6.0,11.0,1.0,23.0,11.0,11.0,11.0,0,1,0.0,0,,1.0,0.0,Missed,3.0,0.0,0.0,PHX,https://cdn.nba.com/logos/nba/1610612756/primary/L/logo.svg,Collin Gillespie,https://cdn.nba.com/headshots/nba/latest/1040x760/1631221.png
0022500378,206,4,PT00M35.50S,PT00M31.20S,2,"Timeout, Made Shot",SUNS Timeout: Regular (Full 5 Short 0) | Booker 18' Pullup Jump Shot (25 PTS) (Goodwin 3 AST),PHX,Phoenix Suns,1610612756,1626164,D. Booker,98,96,Made,2.0,Pullup Jump shot,D. Booker,53.0,172.0,18.0,31.0,5.0,5.0,5.0,1,0,2.0,0,1.0,,1.0,,2.0,1.0,3.0,PHX,https://cdn.nba.com/logos/nba/1610612756/primary/L/logo.svg,Devin Booker,https://cdn.nba.com/headshots/nba/latest/1040x760/1626164.png
0022500380,105,2,PT00M38.60S,PT00M31.50S,2,"Rebound, Missed Shot",Grant REBOUND (Off:0 Def:2) | MISS Camara 26' 3PT Running Jump Shot,POR,Portland Trail Blazers,1610612757,1641739,T. Camara,63,60,Missed,3.0,Running Jump Shot,T. Camara,212.0,148.0,26.0,32.0,7.0,7.0,7.0,1,0,0.0,0,1.0,,0.0,Missed,1.0,0.0,0.0,POR,https://cdn.nba.com/logos/nba/1610612757/primary/L/logo.svg,Toumani Camara,https://cdn.nba.com/headshots/nba/latest/1040x760/1641739.png
0022500383,51,1,PT00M35.70S,PT00M30.40S,2,"Rebound, Missed Shot",Gueye REBOUND (Off:0 Def:1) | MISS Okongwu 26' 3PT Running Jump Shot,ATL,Atlanta Hawks,1610612737,1630168,O. Okongwu,19,32,Missed,3.0,Running Jump Shot,O. Okongwu,-16.0,264.0,26.0,30.0,6.0,6.0,6.0,1,0,0.0,0,1.0,,0.0,,,0.0,0.0,ATL,https://cdn.nba.com/logos/nba/1610612737/primary/L/logo.svg,Onyeka Okongwu,https://cdn.nba.com/headshots/nba/latest/1040x760/1630168.png
0022500385,157,3,PT00M33.90S,PT00M33.90S,1,Missed Shot,MISS Gilgeous-Alexander 13' Pullup Jump Shot,OKC,Oklahoma City Thunder,1610612760,1628983,S. Gilgeous-Alexander,81,83,Missed,2.0,Pullup Jump shot,S. Gilgeous-Alexander,33.0,124.0,13.0,34.0,5.0,0.0,5.0,1,0,0.0,0,1.0,,2.0,,,2.0,2.0,OKC,https://cdn.nba.com/logos/nba/1610612760/primary/L/logo.svg,Shai Gilgeous-Alexander,https://cdn.nba.com/headshots/nba/latest/1040x760/1628983.png
0022500385,214,4,PT00M37.80S,PT00M28.40S,4,"Timeout, Missed Shot, Rebound, Missed Shot",Thunder Timeout: Regular (Reg.6 Short 0) | MISS Gilgeous-Alexander 1' Driving Layup | Caruso REBOUND (Off:2 Def:10) | MISS J. Williams 24' 3PT Jump Shot,OKC,Oklahoma City Thunder,1610612760,1631114,J. Williams,108,107,Missed,2.0,Driving Layup Shot,S. Gilgeous-Alexander,-2.0,10.0,1.0,33.0,10.0,5.0,5.0,1,0,0.0,0,1.0,,0.0,,,0.0,0.0,OKC,https://cdn.nba.com/logos/nba/1610612760/primary/L/logo.svg,Shai Gilgeous-Alexander,https://cdn.nba.com/headshots/nba/latest/1040x760/1628983.png
0022500386,94,2,PT00M33.80S,PT00M19.30S,3,"Timeout, Instant Replay, Missed Shot",Rockets Timeout: Regular (Reg.3 Short 0) | Instant Replay2nd Period (6:01 PM EST) | MISS Jokic 16' Jump Shot,DEN,Denver Nuggets,1610612743,203999,N. Jokić,45,53,Missed,2.0,Jump Shot,N. Jokić,5.0,157.0,16.0,19.0,15.0,15.0,15.0,0,1,0.0,0,,0.0,,,,0.0,0.0,DEN,https://cdn.nba.com/logos/nba/1610612743/primary/L/logo.svg,Nikola Jokić,https://cdn.nba.com/headshots/nba/latest/1040x760/203999.png
0022500387,114,2,PT00M35.30S,PT00M35.30S,1,Made Shot,Williams Driving Layup (8 PTS),DAL,Dallas Mavericks,1610612742,1630314,B. Williams,66,60,Made,2.0,Driving Layup Shot,B. Williams,-1.0,0.0,0.0,35.0,5.0,0.0,5.0,1,0,2.0,0,1.0,,2.0,Made,1.0,2.0,4.0,DAL,https://cdn.nba.com/logos/nba/1610612742/primary/L/logo.svg,Brandon Williams,https://cdn.nba.com/headshots/nba/latest/1040x760/1585.png
0022500387,165,3,PT00M38.20S,PT00M32.00S,2,"Rebound, Made Shot",Washington REBOUND (Off:0 Def:6) | Thompson 10' Driving Floating Jump Shot (9 PTS) (Washington 1 AST),DAL,Dallas Mavericks,1610612742,202691,K. Thompson,91,97,Made,2.0,Driving Floating Jump Shot,K. Thompson,13.0,100.0,10.0,32.0,6.0,6.0,6.0,1,0,2.0,0,1.0,,0.0,Missed,2.0,0.0,2.0,DAL,https://cdn.nba.com/logos/nba/1610612742/primary/L/logo.svg,Klay Thompson,https://cdn.nba.com/headshots/nba/latest/1040x760/202691.png
0022500390,56,1,PT00M34.90S,PT00M24.00S,2,"Rebound, Made Shot",Stewart REBOUND (Off:0 Def:1) | Robinson 3PT Step Back Jump Shot (3 PTS) (Thompson 2 AST),DET,Detroit Pistons,1610612765,1629130,D. Robinson,33,27,Made,3.0,Step Back Jump shot,D. Robinson,-230.0,31.0,0.0,24.0,11.0,11.0,11.0,0,1,3.0,0,,1.0,0.0,,,0.0,3.0,DET,https://cdn.nba.com/logos/nba/1610612765/primary/L/logo.svg,Duncan Robinson,https://cdn.nba.com/headshots/nba/latest/1040x760/1629130.png
0022500390,168,3,PT00M35.50S,PT00M35.50S,1,Missed Shot,MISS Holland II 5' Putback Layup,DET,Detroit Pistons,1610612765,1641842,R. Holland II,79,72,Missed,2.0,Putback Layup Shot,R. Holland II,22.0,50.0,5.0,36.0,-36.0,0.0,-36.0,1,0,0.0,0,0.0,,,,,0.0,0.0,DET,https://cdn.nba.com/logos/nba/1610612765/primary/L/logo.svg,Ron Holland,
0022500393,107,2,PT00M38.90S,PT00M33.10S,2,"Rebound, Made Shot",Filipowski REBOUND (Off:0 Def:3) | Sensabaugh 4' Driving Floating Jump Shot (10 PTS) (Williams 2 AST),UTA,Utah Jazz,1610612762,1641729,B. Sensabaugh,60,63,Made,2.0,Driving Floating Jump Shot,B. Sensabaugh,0.0,38.0,4.0,33.0,6.0,6.0,6.0,1,0,2.0,0,1.0,,0.0,Missed,1.0,0.0,2.0,UTA,https://cdn.nba.com/logos/nba/1610612762/primary/L/logo.svg,Brice Sensabaugh,https://cdn.nba.com/headshots/nba/latest/1040x760/1641729.png
0022500394,208,4,PT00M39.80S,PT00M36.60S,2,"Rebound, Made Shot",KINGS Rebound | DeRozan 3PT Jump Shot (15 PTS) (Westbrook 7 AST),SAC,Sacramento Kings,1610612758,201942,D. DeRozan,92,96,Made,3.0,Jump Shot,D. DeRozan,-230.0,32.0,0.0,37.0,3.0,3.0,3.0,1,0,3.0,0,1.0,,1.0,,,1.0,4.0,SAC,https://cdn.nba.com/logos/nba/1610612758/primary/L/logo.svg,DeMar DeRozan,https://cdn.nba.com/headshots/nba/latest/1040x760/201942.png
0022500399,103,2,PT00M38.00S,PT00M30.90S,2,"Rebound, Missed Shot",Champagnie REBOUND (Off:0 Def:1) | MISS Wembanyama 1' Dunk,SAS,San Antonio Spurs,1610612759,1641705,V. Wembanyama,49,67,Missed,2.0,Dunk Shot,V. Wembanyama,-6.0,4.0,1.0,31.0,7.0,7.0,7.0,1,0,0.0,0,1.0,,2.0,Made,10.0,2.0,2.0,SAS,https://cdn.nba.com/logos/nba/1610612759/primary/L/logo.svg,Victor Wembanyama,https://cdn.nba.com/headshots/nba/latest/1040x760/1641705.png
0022500399,161,3,PT00M39.00S,PT00M34.80S,2,"Rebound, Made Shot",McCollum REBOUND (Off:0 Def:2) | Riley 1' Running Dunk (8 PTS) (McCollum 4 AST),WAS,Washington Wizards,1610612764,1642860,W. Riley,86,98,Made,2.0,Running Dunk Shot,W. Riley,-7.0,8.0,1.0,35.0,4.0,4.0,4.0,1,0,2.0,0,0.0,,,,,0.0,2.0,WAS,https://cdn.nba.com/logos/nba/1610612764/primary/L/logo.svg,Will Riley,https://cdn.nba.com/headshots/nba/latest/1040x760/1642860.png
0022500400,207,4,PT00M35.20S,PT00M21.80S,2,"Foul, Made Shot",Kuzma P.FOUL (P3.T1) (T.Brothers) | Edwards 3' Driving Finger Roll Layup (24 PTS) (DiVincenzo 4 AST),MIN,Minnesota Timberwolves,1610612750,1630162,A. Edwards,103,97,Made,2.0,Driving Finger Roll Layup Shot,A. Edwards,18.0,18.0,3.0,22.0,13.0,13.0,13.0,0,1,2.0,0,,0.0,,,,0.0,2.0,MIN,https://cdn.nba.com/logos/nba/1610612750/primary/L/logo.svg,Anthony Edwards,https://cdn.nba.com/headshots/nba/latest/1040x760/1630162.png
0022500401,98,2,PT00M37.90S,PT00M33.50S,2,"Steal, Missed Shot",Westbrook STEAL (1 STL) | MISS Westbrook 4' Running Layup,SAC,Sacramento Kings,1610612758,201566,R. Westbrook,57,63,Missed,2.0,Running Layup Shot,R. Westbrook,-38.0,17.0,4.0,34.0,4.0,4.0,4.0,1,0,0.0,0,1.0,,0.0,Missed,182.0,0.0,0.0,SAC,https://cdn.nba.com/logos/nba/1610612758/primary/L/logo.svg,Russell Westbrook,https://cdn.nba.com/headshots/nba/latest/1040x760/201566.png
0022500401,99,2,PT00M33.50S,PT00M28.70S,2,"Rebound, Made Shot",Okogie REBOUND (Off:0 Def:1) | Thompson 5' Running Alley Oop Dunk Shot (6 PTS) (Durant 4 AST),HOU,Houston Rockets,1610612745,1641708,A. Thompson,57,65,Made,2.0,Running Alley Oop Dunk Shot,A. Thompson,9.0,50.0,5.0,29.0,5.0,5.0,5.0,1,0,2.0,0,1.0,,3.0,,2.0,3.0,5.0,HOU,https://cdn.nba.com/logos/nba/1610612745/primary/L/logo.svg,Amen Thompson,https://cdn.nba.com/headshots/nba/latest/1040x760/1641708.png
0022500404,57,1,PT00M37.70S,PT00M28.30S,4,"Rebound, Missed Shot, Rebound, Made Shot",Thompson REBOUND (Off:1 Def:1) | MISS Williams 5' Running Layup | Martin REBOUND (Off:1 Def:0) | Thompson 26' 3PT Jump Shot (14 PTS) (Marshall 4 AST),DAL,Dallas Mavericks,1610612742,202691,K. Thompson,34,34,Missed,2.0,Running Layup Shot,B. Williams,28.0,38.0,5.0,34.0,10.0,4.0,4.0,1,0,3.0,0,1.0,,0.0,Missed,4.0,0.0,3.0,DAL,https://cdn.nba.com/logos/nba/1610612742/primary/L/logo.svg,Brandon Williams,https://cdn.nba.com/headshots/nba/latest/1040x760/1585.png
0022500404,223,4,PT00M37.30S,PT00M33.60S,2,"Rebound, Made Shot",Martin REBOUND (Off:1 Def:1) | Marshall 2' Running Layup (13 PTS),DAL,Dallas Mavericks,1610612742,1630230,N. Marshall,117,111,Made,2.0,Running Layup Shot,N. Marshall,17.0,16.0,2.0,34.0,3.0,3.0,3.0,1,0,2.0,0,1.0,,2.0,Made,18.0,2.0,4.0,DAL,https://cdn.nba.com/logos/nba/1610612742/primary/L/logo.svg,Naji Marshall,https://cdn.nba.com/headshots/nba/latest/1040x760/1630230.png
0022500407,105,2,PT00M33.90S,PT00M22.70S,2,"Rebound, Missed Shot",Green REBOUND (Off:1 Def:6) | MISS Podziemski 27' 3PT Jump Shot,GSW,Golden State Warriors,1610612744,1641764,B. Podziemski,58,57,Missed,3.0,Jump Shot,B. Podziemski,162.0,210.0,27.0,23.0,11.0,11.0,11.0,0,1,0.0,0,,0.0,,,,0.0,0.0,GSW,https://cdn.nba.com/logos/nba/1610612744/primary/L/logo.svg,Brandin Podziemski,https://cdn.nba.com/headshots/nba/latest/1040x760/1641764.png
0022500409,102,2,PT00M34.80S,PT00M31.10S,2,"Rebound, Made Shot",Bridges REBOUND (Off:0 Def:3) | Salaun 3' Running Layup (5 PTS) (Miller 3 AST),CHA,Charlotte Hornets,1610612766,1642275,T. Salaün,61,63,Made,2.0,Running Layup Shot,T. Salaün,11.0,26.0,3.0,31.0,4.0,4.0,4.0,1,0,2.0,0,1.0,,1.0,,,1.0,3.0,CHA,https://cdn.nba.com/logos/nba/1610612766/primary/L/logo.svg,Tidjane Salaün,https://cdn.nba.com/headshots/nba/latest/1040x760/1642275.png
0022500411,227,4,PT00M39.30S,PT00M36.10S,2,"Timeout, Made Shot",HAWKS Timeout: Regular (Full 6 Short 0) | Young 1' Cutting Layup Shot (22 PTS) (Okongwu 3 AST),ATL,Atlanta Hawks,1610612737,1629027,T. Young,121,122,Made,2.0,Cutting Layup Shot,T. Young,4.0,13.0,1.0,36.0,3.0,3.0,3.0,1,0,2.0,0,1.0,,2.0,Made,2.0,2.0,4.0,ATL,https://cdn.nba.com/logos/nba/1610612737/primary/L/logo.svg,Trae Young,https://cdn.nba.com/headshots/nba/latest/1040x760/1629027.png
0022500413,49,1,PT00M38.40S,PT00M36.40S,2,"Rebound, Missed Shot",Bucks Rebound | MISS Kuzma 1' Cutting Dunk Shot,MIL,Milwaukee Bucks,1610612749,1628398,K. Kuzma,19,24,Missed,2.0,Cutting Dunk Shot,K. Kuzma,-7.0,-6.0,1.0,36.0,2.0,2.0,2.0,1,0,0.0,0,1.0,,2.0,Made,22.0,2.0,2.0,MIL,https://cdn.nba.com/logos/nba/1610612749/primary/L/logo.svg,Kyle Kuzma,https://cdn.nba.com/headshots/nba/latest/1040x760/1628398.png
0022500419,171,3,PT00M38.30S,PT00M33.80S,2,"Foul, Missed Shot",Small Personal Take Foul (P3.T3) (J.Butler) | MISS Collier 27' 3PT Pullup Jump Shot,UTA,Utah Jazz,1610612762,1642268,I. Collier,99,106,Missed,3.0,Pullup Jump shot,I. Collier,107.0,247.0,27.0,34.0,4.0,4.0,4.0,1,0,0.0,0,1.0,,2.0,Made,4.0,2.0,2.0,UTA,https://cdn.nba.com/logos/nba/1610612762/primary/L/logo.svg,Isaiah Collier,https://cdn.nba.com/headshots/nba/latest/1040x760/1642268.png
0022500420,99,2,PT00M38.50S,PT00M22.30S,6,"Rebound, Missed Shot, Rebound, Missed Shot, Rebound, Missed Shot",Carter Jr. REBOUND (Off:1 Def:4) | MISS Black 24' 3PT Running Jump Shot | Penda REBOUND (Off:2 Def:1) | MISS Black 6' Driving Floating Jump Shot | Carter Jr. REBOUND (Off:2 Def:4) | MISS Carter Jr. 5' Putback Layup,ORL,Orlando Magic,1610612753,1628976,W. Carter Jr.,48,60,Missed,3.0,Running Jump Shot,A. Black,-228.0,77.0,24.0,32.0,16.0,6.0,6.0,1,0,0.0,0,1.0,,2.0,Made,10.0,2.0,2.0,ORL,https://cdn.nba.com/logos/nba/1610612753/primary/L/logo.svg,Anthony Black,https://cdn.nba.com/headshots/nba/latest/1040x760/1641710.png
0022500420,202,4,PT00M38.90S,PT00M37.10S,2,"Timeout, Missed Shot",Magic Timeout: Regular (Reg.6 Short 0) | MISS Bane 14' Pullup Jump Shot,ORL,Orlando Magic,1610612753,1630217,D. Bane,106,107,Missed,2.0,Pullup Jump shot,D. Bane,142.0,22.0,14.0,37.0,2.0,2.0,2.0,1,0,0.0,0,1.0,,2.0,,,2.0,2.0,ORL,https://cdn.nba.com/logos/nba/1610612753/primary/L/logo.svg,Desmond Bane,https://cdn.nba.com/headshots/nba/latest/1040x760/1630217.png
0022500423,114,2,PT00M36.70S,PT00M19.60S,2,"Rebound, Missed Shot",Ware REBOUND (Off:2 Def:6) | MISS Wiggins 25' 3PT Pullup Jump Shot,MIA,Miami Heat,1610612748,203952,A. Wiggins,49,63,Missed,3.0,Pullup Jump shot,A. Wiggins,31.0,247.0,25.0,20.0,17.0,17.0,17.0,0,1,0.0,0,,0.0,,,,0.0,0.0,MIA,https://cdn.nba.com/logos/nba/1610612748/primary/L/logo.svg,Andrew Wiggins,https://cdn.nba.com/headshots/nba/latest/1040x760/203952.png
0022500428,167,3,PT00M35.40S,PT00M21.60S,2,"Rebound, Made Shot",Sims REBOUND (Off:1 Def:3) | Rollins 24' 3PT Step Back Jump Shot (13 PTS),MIL,Milwaukee Bucks,1610612749,1631157,R. Rollins,92,83,Made,3.0,Step Back Jump shot,R. Rollins,-99.0,222.0,24.0,22.0,13.0,13.0,13.0,0,1,3.0,0,,0.0,,,,0.0,3.0,MIL,https://cdn.nba.com/logos/nba/1610612749/primary/L/logo.svg,Ryan Rollins,https://cdn.nba.com/headshots/nba/latest/1040x760/1631157.png
0022500429,102,2,PT00M35.10S,PT00M31.10S,2,"Rebound, Made Shot",Williamson REBOUND (Off:2 Def:2) | Fears 2' Running Finger Roll Layup (7 PTS) (Williamson 5 AST),NOP,New Orleans Pelicans,1610612740,1642847,J. Fears,48,53,Made,2.0,Running Finger Roll Layup Shot,J. Fears,10.0,17.0,2.0,31.0,4.0,4.0,4.0,1,0,2.0,0,1.0,,0.0,,,0.0,2.0,NOP,https://cdn.nba.com/logos/nba/1610612740/primary/L/logo.svg,Jeremiah Fears,https://cdn.nba.com/headshots/nba/latest/1040x760/1642847.png
0022500429,159,3,PT00M38.90S,PT00M34.20S,2,"Rebound, Made Shot",Alvarado REBOUND (Off:0 Def:2) | Missi 1' Running Dunk (5 PTS) (Poole 2 AST),NOP,New Orleans Pelicans,1610612740,1642274,Y. Missi,80,81,Made,2.0,Running Dunk Shot,Y. Missi,7.0,5.0,1.0,34.0,5.0,5.0,5.0,1,0,2.0,0,1.0,,0.0,,,0.0,2.0,NOP,https://cdn.nba.com/logos/nba/1610612740/primary/L/logo.svg,Yves Missi,https://cdn.nba.com/headshots/nba/latest/1040x760/1642274.png
0022500430,56,1,PT00M37.10S,PT00M31.70S,2,"Steal, Made Shot",Collier STEAL (2 STL) | Markkanen 24' 3PT Jump Shot (12 PTS) (Collier 3 AST),UTA,Utah Jazz,1610612762,1628374,L. Markkanen,31,36,Made,3.0,Jump Shot,L. Markkanen,-239.0,17.0,24.0,32.0,5.0,5.0,5.0,1,0,3.0,0,1.0,,2.0,Made,2.0,2.0,5.0,UTA,https://cdn.nba.com/logos/nba/1610612762/primary/L/logo.svg,Lauri Markkanen,https://cdn.nba.com/headshots/nba/latest/1040x760/1628374.png
0022500431,134,3,PT00M39.20S,PT00M34.00S,2,"Rebound, Missed Shot",Williams III REBOUND (Off:2 Def:5) | MISS Love 27' 3PT Pullup Jump Shot,POR,Portland Trail Blazers,1610612757,1631126,C. Love,77,85,Missed,3.0,Pullup Jump shot,C. Love,-5.0,272.0,27.0,34.0,5.0,5.0,5.0,1,0,0.0,0,1.0,,1.0,,,1.0,1.0,POR,https://cdn.nba.com/logos/nba/1610612757/primary/L/logo.svg,Caleb Love,https://cdn.nba.com/headshots/nba/latest/1040x760/1631126.png
0022500431,135,3,PT00M34.00S,PT00M10.20S,2,"Rebound, Missed Shot",Niederhauser REBOUND (Off:0 Def:1) | MISS Harden 27' 3PT Step Back Jump Shot,LAC,LA Clippers,1610612746,201935,J. Harden,77,85,Missed,3.0,Step Back Jump shot,J. Harden,112.0,241.0,27.0,10.0,24.0,24.0,24.0,0,1,0.0,0,,0.0,,,,0.0,0.0,LAC,https://cdn.nba.com/logos/nba/1610612746/primary/L/logo.svg,James Harden,https://cdn.nba.com/headshots/nba/latest/1040x760/201935.png
0022500433,46,1,PT00M38.20S,PT00M33.80S,2,"Rebound, Made Shot",Brown REBOUND (Off:0 Def:1) | Hardaway Jr. 3PT Running Jump Shot (5 PTS) (Strawther 1 AST),DEN,Denver Nuggets,1610612743,203501,T. Hardaway Jr.,23,31,Made,3.0,Running Jump Shot,T. Hardaway Jr.,-225.0,6.0,0.0,34.0,4.0,4.0,4.0,1,0,3.0,0,1.0,,0.0,Missed,0.0,0.0,3.0,DEN,https://cdn.nba.com/logos/nba/1610612743/primary/L/logo.svg,Tim Hardaway Jr.,https://cdn.nba.com/headshots/nba/latest/1040x760/203501.png
0022500433,209,4,PT00M37.10S,PT00M33.30S,2,"Timeout, Made Shot",MAGIC Timeout: Regular (Full 6 Short 0) | da Silva 7' Driving Floating Jump Shot (17 PTS) (Carter Jr. 4 AST),ORL,Orlando Magic,1610612753,1641783,T. da Silva,125,124,Made,2.0,Driving Floating Jump Shot,T. da Silva,-31.0,61.0,7.0,33.0,4.0,4.0,4.0,1,0,2.0,0,1.0,,2.0,,,2.0,4.0,ORL,https://cdn.nba.com/logos/nba/1610612753/primary/L/logo.svg,Tristan Da Silva,https://cdn.nba.com/headshots/nba/latest/1040x760/1641783.png
0022500435,51,1,PT00M33.60S,PT00M33.60S,1,Made Shot,Brunson 7' Driving Floating Bank Jump Shot (8 PTS),NYK,New York Knicks,1610612752,1628973,J. Brunson,27,30,Made,2.0,Driving Floating Bank Jump Shot,J. Brunson,44.0,50.0,7.0,34.0,5.0,0.0,5.0,1,0,2.0,0,1.0,,3.0,Made,3.0,3.0,5.0,NYK,https://cdn.nba.com/logos/nba/1610612752/primary/L/logo.svg,Jalen Brunson,https://cdn.nba.com/headshots/nba/latest/1040x760/1628973.png
0022500435,104,2,PT00M35.90S,PT00M30.80S,2,"Rebound, Made Shot",Daniels REBOUND (Off:3 Def:2) | Newell 24' 3PT Running Jump Shot (10 PTS) (Young 5 AST),ATL,Atlanta Hawks,1610612737,1642854,A. Newell,55,66,Made,3.0,Running Jump Shot,A. Newell,-234.0,38.0,24.0,31.0,5.0,5.0,5.0,1,0,3.0,0,1.0,,0.0,Missed,4.0,0.0,3.0,ATL,https://cdn.nba.com/logos/nba/1610612737/primary/L/logo.svg,Asa Newell,https://cdn.nba.com/headshots/nba/latest/1040x760/1642854.png
0022500436,170,3,PT00M38.50S,PT00M32.20S,4,"Steal, Missed Shot, Rebound, Made Shot",Jakucionis STEAL (3 STL) | MISS Smith 2' Running Layup | Wiggins REBOUND (Off:5 Def:1) | Wiggins 1' Putback Layup (21 PTS),MIA,Miami Heat,1610612748,203952,A. Wiggins,96,94,Missed,2.0,Running Layup Shot,D. Smith,15.0,3.0,2.0,34.0,6.0,4.0,4.0,1,0,2.0,0,1.0,,2.0,Made,1.0,2.0,4.0,MIA,https://cdn.nba.com/logos/nba/1610612748/primary/L/logo.svg,Dru Smith,https://cdn.nba.com/headshots/nba/latest/1040x760/1630696.png
0022500438,152,3,PT00M40.10S,PT00M16.40S,4,"Rebound, Missed Shot, Rebound, Missed Shot",ROCKETS Rebound | MISS Sheppard 28' 3PT Jump Shot | Capela REBOUND (Off:3 Def:2) | MISS Smith Jr. 20' Pullup Jump Shot,HOU,Houston Rockets,1610612745,1631095,J. Smith Jr.,90,63,Missed,3.0,Jump Shot,R. Sheppard,172.0,215.0,28.0,27.0,24.0,13.0,13.0,0,1,0.0,0,,0.0,,,,0.0,0.0,HOU,https://cdn.nba.com/logos/nba/1610612745/primary/L/logo.svg,Reed Sheppard,https://cdn.nba.com/headshots/nba/latest/1040x760/1642263.png
0022500440,161,3,PT00M35.00S,PT00M18.00S,4,"Rebound, Missed Shot, Rebound, Made Shot",Harper REBOUND (Off:0 Def:4) | MISS Bryant 25' 3PT Jump Shot | Harper REBOUND (Off:1 Def:4) | Wembanyama 1' Alley Oop Dunk (22 PTS) (Harper 8 AST),SAS,San Antonio Spurs,1610612759,1641705,V. Wembanyama,86,98,Missed,3.0,Jump Shot,C. Bryant,112.0,227.0,25.0,23.0,17.0,12.0,12.0,0,1,2.0,0,,1.0,1.0,,,1.0,3.0,SAS,https://cdn.nba.com/logos/nba/1610612759/primary/L/logo.svg,Carter Bryant,https://cdn.nba.com/headshots/nba/latest/1040x760/1642868.png
0022500441,164,3,PT00M37.10S,PT00M28.40S,4,"Steal, Missed Shot, Rebound, Made Shot",Mamukelashvili STEAL (2 STL) | MISS Barnes 2' Running Layup | Dick REBOUND (Off:1 Def:1) | Mamukelashvili 1' Cutting Finger Roll Layup Shot (9 PTS) (Dick 1 AST),TOR,Toronto Raptors,1610612761,1630572,S. Mamukelashvili,94,100,Missed,2.0,Running Layup Shot,S. Barnes,-16.0,18.0,2.0,32.0,9.0,5.0,5.0,1,0,2.0,0,1.0,,2.0,Made,12.0,2.0,4.0,TOR,https://cdn.nba.com/logos/nba/1610612761/primary/L/logo.svg,Scottie Barnes,https://cdn.nba.com/headshots/nba/latest/1040x760/1630567.png
0022500442,160,3,PT00M34.50S,PT00M30.10S,2,"Rebound, Missed Shot",THUNDER Rebound | MISS Gilgeous-Alexander 26' 3PT Pullup Jump Shot,OKC,Oklahoma City Thunder,1610612760,1628983,S. Gilgeous-Alexander,99,83,Missed,3.0,Pullup Jump shot,S. Gilgeous-Alexander,47.0,252.0,26.0,30.0,4.0,4.0,4.0,1,0,0.0,0,1.0,,2.0,Made,16.0,2.0,2.0,OKC,https://cdn.nba.com/logos/nba/1610612760/primary/L/logo.svg,Shai Gilgeous-Alexander,https://cdn.nba.com/headshots/nba/latest/1040x760/1628983.png
0022500443,182,3,PT00M38.40S,PT00M34.50S,2,"Rebound, Missed Shot",Aldama REBOUND (Off:2 Def:7) | MISS Prosper 6' Running Layup,MEM,Memphis Grizzlies,1610612763,1641765,O. Prosper,82,88,Missed,2.0,Running Layup Shot,O. Prosper,-22.0,53.0,6.0,34.0,4.0,4.0,4.0,1,0,0.0,0,1.0,,0.0,Missed,0.0,0.0,0.0,MEM,https://cdn.nba.com/logos/nba/1610612763/primary/L/logo.svg,Olivier-Maxence Prosper,https://cdn.nba.com/headshots/nba/latest/1040x760/1641765.png
0022500444,50,1,PT00M39.40S,PT00M38.70S,2,"Steal, Made Shot",Love STEAL (1 STL) | Love 1' Driving Layup (5 PTS),POR,Portland Trail Blazers,1610612757,1631126,C. Love,31,27,Made,2.0,Driving Layup Shot,C. Love,-12.0,7.0,1.0,39.0,0.0,0.0,0.0,1,0,2.0,0,1.0,,0.0,,,0.0,2.0,POR,https://cdn.nba.com/logos/nba/1610612757/primary/L/logo.svg,Caleb Love,https://cdn.nba.com/headshots/nba/latest/1040x760/1631126.png
0022500445,141,3,PT00M35.00S,PT00M16.20S,2,"Rebound, Missed Shot",CLIPPERS Rebound | MISS Leonard 20' Pullup Jump Shot,LAC,LA Clippers,1610612746,202695,K. Leonard,92,69,Missed,2.0,Pullup Jump shot,K. Leonard,147.0,131.0,20.0,16.0,19.0,19.0,19.0,0,1,0.0,0,,0.0,,,,0.0,0.0,LAC,https://cdn.nba.com/logos/nba/1610612746/primary/L/logo.svg,Kawhi Leonard,https://cdn.nba.com/headshots/nba/latest/1040x760/202695.png
0022500447,156,3,PT00M36.30S,PT00M29.40S,2,"Rebound, Missed Shot",Harris REBOUND (Off:0 Def:1) | MISS Porter Jr. 17' Pullup Jump Shot,MIL,Milwaukee Bucks,1610612749,1629645,K. Porter Jr.,88,93,Missed,2.0,Pullup Jump shot,K. Porter Jr.,108.0,133.0,17.0,29.0,7.0,7.0,7.0,1,0,0.0,0,1.0,,2.0,,,2.0,2.0,MIL,https://cdn.nba.com/logos/nba/1610612749/primary/L/logo.svg,Kevin Porter Jr.,https://cdn.nba.com/headshots/nba/latest/1040x760/1629645.png
0022500451,205,4,PT00M35.60S,PT00M15.10S,2,"Rebound, Missed Shot",Murray-Boyles REBOUND (Off:7 Def:5) | MISS Ingram 12' Pullup Jump Shot,TOR,Toronto Raptors,1610612761,1627742,B. Ingram,107,106,Missed,2.0,Pullup Jump shot,B. Ingram,-120.0,20.0,12.0,15.0,21.0,21.0,21.0,0,1,0.0,0,,0.0,,,,0.0,0.0,TOR,https://cdn.nba.com/logos/nba/1610612761/primary/L/logo.svg,Brandon Ingram,https://cdn.nba.com/headshots/nba/latest/1040x760/1627742.png
0022500452,100,2,PT00M34.00S,PT00M12.70S,2,"Rebound, Made Shot",Gobert REBOUND (Off:0 Def:6) | Randle 6' Driving Layup (8 PTS) (Edwards 3 AST),MIN,Minnesota Timberwolves,1610612750,203944,J. Randle,50,55,Made,2.0,Driving Layup Shot,J. Randle,-54.0,15.0,6.0,13.0,21.0,21.0,21.0,0,1,2.0,0,,0.0,,,,0.0,2.0,MIN,https://cdn.nba.com/logos/nba/1610612750/primary/L/logo.svg,Julius Randle,https://cdn.nba.com/headshots/nba/latest/1040x760/203944.png
0022500458,54,1,PT00M33.80S,PT00M29.90S,2,"Rebound, Missed Shot",Bona REBOUND (Off:0 Def:2) | MISS McCain 26' 3PT Running Pull-Up Jump Shot,PHI,Philadelphia 76ers,1610612755,1642272,J. McCain,37,34,Missed,3.0,Running Pull-Up Jump Shot,J. McCain,-186.0,181.0,26.0,30.0,4.0,4.0,4.0,1,0,0.0,0,1.0,,0.0,Missed,2.0,0.0,0.0,PHI,https://cdn.nba.com/logos/nba/1610612755/primary/L/logo.svg,Jared McCain,https://cdn.nba.com/headshots/nba/latest/1040x760/1642272.png
0022500462,54,1,PT00M33.80S,PT00M33.80S,1,Missed Shot,MISS Hall 5' Tip Layup Shot,CHA,Charlotte Hornets,1610612766,1641790,P. Hall,30,30,Missed,2.0,Tip Layup Shot,P. Hall,-26.0,39.0,5.0,34.0,-34.0,0.0,-34.0,1,0,0.0,0,0.0,,,,,0.0,0.0,CHA,https://cdn.nba.com/logos/nba/1610612766/primary/L/logo.svg,PJ Hall,https://cdn.nba.com/headshots/nba/latest/1040x760/1641790.png
0022500464,54,1,PT00M40.50S,PT00M20.40S,6,"Steal, Missed Shot, Rebound, Missed Shot, Rebound, Missed Shot",Jones STEAL (1 STL) | MISS Jones 24' 3PT Running Pull-Up Jump Shot | Bane REBOUND (Off:1 Def:0) | MISS Jones 5' Driving Finger Roll Layup | Bitadze REBOUND (Off:2 Def:1) | MISS Bitadze Tip Dunk Shot,ORL,Orlando Magic,1610612753,1629048,G. Bitadze,25,31,Missed,3.0,Running Pull-Up Jump Shot,T. Jones,-175.0,169.0,24.0,37.0,20.0,3.0,3.0,1,0,0.0,0,1.0,,0.0,Missed,1.0,0.0,0.0,ORL,https://cdn.nba.com/logos/nba/1610612753/primary/L/logo.svg,Tyus Jones,https://cdn.nba.com/headshots/nba/latest/1040x760/1626145.png
0022500464,118,2,PT00M35.40S,PT00M28.90S,2,"Rebound, Made Shot",Siakam REBOUND (Off:0 Def:2) | Nesmith 3' Driving Layup (6 PTS) (Mathurin 1 AST),IND,Indiana Pacers,1610612754,1630174,A. Nesmith,66,66,Made,2.0,Driving Layup Shot,A. Nesmith,26.0,7.0,3.0,29.0,6.0,6.0,6.0,1,0,2.0,0,1.0,,0.0,Missed,2.0,0.0,2.0,IND,https://cdn.nba.com/logos/nba/1610612754/primary/L/logo.svg,Aaron Nesmith,https://cdn.nba.com/headshots/nba/latest/1040x760/1630174.png
0022500467,51,1,PT00M35.90S,PT00M32.20S,2,"Rebound, Made Shot",McCullar Jr. REBOUND (Off:0 Def:2) | Kolek 3PT Running Jump Shot (3 PTS) (Towns 1 AST),NYK,New York Knicks,1610612752,1642278,T. Kolek,31,43,Made,3.0,Running Jump Shot,T. Kolek,-232.0,-5.0,0.0,32.0,4.0,4.0,4.0,1,0,3.0,0,1.0,,2.0,Made,0.0,2.0,5.0,NYK,https://cdn.nba.com/logos/nba/1610612752/primary/L/logo.svg,Tyler Kolek,https://cdn.nba.com/headshots/nba/latest/1040x760/1642278.png
0022500467,107,2,PT00M37.50S,PT00M32.90S,2,"Rebound, Missed Shot",Wembanyama REBOUND (Off:2 Def:6) | MISS Champagnie 3PT Running Jump Shot,SAS,San Antonio Spurs,1610612759,1630577,J. Champagnie,60,73,Missed,3.0,Running Jump Shot,J. Champagnie,-232.0,36.0,0.0,33.0,5.0,5.0,5.0,1,0,0.0,0,1.0,,2.0,,,2.0,2.0,SAS,https://cdn.nba.com/logos/nba/1610612759/primary/L/logo.svg,Julian Champagnie,https://cdn.nba.com/headshots/nba/latest/1040x760/1630577.png
0022500472,53,1,PT00M35.00S,PT00M32.80S,2,"Rebound, Made Shot",PISTONS Rebound | Sasser 17' Jump Shot (2 PTS) (Ivey 1 AST),DET,Detroit Pistons,1610612765,1631204,M. Sasser,24,31,Made,2.0,Jump Shot,M. Sasser,142.0,99.0,17.0,33.0,2.0,2.0,2.0,1,0,2.0,0,1.0,,2.0,Made,0.0,2.0,4.0,DET,https://cdn.nba.com/logos/nba/1610612765/primary/L/logo.svg,Marcus Sasser,https://cdn.nba.com/headshots/nba/latest/1040x760/1631204.png
0022500476,170,3,PT00M36.80S,PT00M32.80S,2,"Rebound, Missed Shot",Furphy REBOUND (Off:0 Def:2) | MISS Sheppard 3PT Running Jump Shot,IND,Indiana Pacers,1610612754,1641767,B. Sheppard,85,91,Missed,3.0,Running Jump Shot,B. Sheppard,223.0,-5.0,0.0,33.0,4.0,4.0,4.0,1,0,0.0,0,1.0,,0.0,Missed,2.0,0.0,0.0,IND,https://cdn.nba.com/logos/nba/1610612754/primary/L/logo.svg,Ben Sheppard,https://cdn.nba.com/headshots/nba/latest/1040x760/1641767.png
0022500477,54,1,PT00M34.10S,PT00M27.20S,4,"Rebound, Timeout, Instant Replay, Missed Shot",Nets Rebound | WIZARDS Timeout: Regular (Full 2 Short 0) | Instant Replay1st Period (7:39 PM EST) | MISS Martin 6' Driving Layup,BKN,Brooklyn Nets,1610612751,1631213,T. Martin,34,24,Missed,2.0,Driving Layup Shot,T. Martin,59.0,15.0,6.0,27.0,7.0,7.0,7.0,1,0,0.0,0,1.0,,0.0,,,0.0,0.0,BKN,https://cdn.nba.com/logos/nba/1610612751/primary/L/logo.svg,Tyrese Martin,https://cdn.nba.com/headshots/nba/latest/1040x760/1631213.png
0022500478,152,3,PT00M38.20S,PT00M30.80S,2,"Rebound, Made Shot",Nnaji REBOUND (Off:0 Def:4) | Watson 27' 3PT Jump Shot (19 PTS) (Murray 7 AST),DEN,Denver Nuggets,1610612743,1631212,P. Watson,88,95,Made,3.0,Jump Shot,P. Watson,-27.0,273.0,27.0,31.0,7.0,7.0,7.0,1,0,3.0,0,1.0,,0.0,,,0.0,3.0,DEN,https://cdn.nba.com/logos/nba/1610612743/primary/L/logo.svg,Peyton Watson,https://cdn.nba.com/headshots/nba/latest/1040x760/1631212.png
0022500479,165,3,PT00M34.50S,PT00M19.20S,2,"Rebound, Missed Shot",Kennard REBOUND (Off:0 Def:2) | MISS Kennard 3PT Step Back Jump Shot,ATL,Atlanta Hawks,1610612737,1628379,L. Kennard,70,94,Missed,3.0,Step Back Jump shot,L. Kennard,223.0,62.0,0.0,19.0,15.0,15.0,15.0,0,1,0.0,0,,0.0,,,,0.0,0.0,ATL,https://cdn.nba.com/logos/nba/1610612737/primary/L/logo.svg,Luke Kennard,https://cdn.nba.com/headshots/nba/latest/1040x760/1628379.png
0022500483,50,1,PT00M34.40S,PT00M13.80S,4,"Rebound, Missed Shot, Rebound, Made Shot",Clifford REBOUND (Off:0 Def:1) | MISS Murray 1' Driving Layup | Achiuwa REBOUND (Off:1 Def:0) | Achiuwa Tip Layup Shot (2 PTS),SAC,Sacramento Kings,1610612758,1630173,P. Achiuwa,32,29,Missed,2.0,Driving Layup Shot,K. Murray,4.0,10.0,1.0,17.0,20.0,17.0,17.0,0,1,2.0,0,,0.0,,,,0.0,2.0,SAC,https://cdn.nba.com/logos/nba/1610612758/primary/L/logo.svg,Keegan Murray,https://cdn.nba.com/headshots/nba/latest/1040x760/1631099.png
0022500483,102,2,PT00M39.70S,PT00M34.60S,2,"Steal, Made Shot",O'Neale STEAL (2 STL) | Booker 1' Running Layup (24 PTS) (Goodwin 4 AST),PHX,Phoenix Suns,1610612756,1626164,D. Booker,59,56,Made,2.0,Running Layup Shot,D. Booker,-6.0,-5.0,1.0,35.0,5.0,5.0,5.0,1,0,2.0,0,1.0,,2.0,Made,5.0,2.0,4.0,PHX,https://cdn.nba.com/logos/nba/1610612756/primary/L/logo.svg,Devin Booker,https://cdn.nba.com/headshots/nba/latest/1040x760/1626164.png
0022500488,119,2,PT00M36.50S,PT00M36.50S,1,Made Shot,Daniels 2' Driving Finger Roll Layup (16 PTS),ATL,Atlanta Hawks,1610612737,1630700,D. Daniels,77,70,Made,2.0,Driving Finger Roll Layup Shot,D. Daniels,-20.0,6.0,2.0,36.0,4.0,0.0,4.0,1,0,2.0,0,1.0,,0.0,Missed,0.0,0.0,2.0,ATL,https://cdn.nba.com/logos/nba/1610612737/primary/L/logo.svg,Dyson Daniels,https://cdn.nba.com/headshots/nba/latest/1040x760/1630700.png
0022500488,120,2,PT00M36.50S,PT00M06.60S,4,"Violation, Missed Shot, Rebound, Missed Shot",Ingram Violation:Defensive Goaltending (S.Mehta) | MISS Mamukelashvili 27' 3PT Jump Shot | Ingram REBOUND (Off:1 Def:5) | MISS Shead 6' Driving Floating Bank Jump Shot,TOR,Toronto Raptors,1610612761,1642347,J. Shead,77,70,Missed,3.0,Jump Shot,S. Mamukelashvili,112.0,241.0,27.0,18.0,29.0,18.0,18.0,0,1,0.0,0,,0.0,,,,0.0,0.0,TOR,https://cdn.nba.com/logos/nba/1610612761/primary/L/logo.svg,Sandro Mamukelashvili,https://cdn.nba.com/headshots/nba/latest/1040x760/1630572.png
0022500490,48,1,PT00M37.30S,PT00M30.50S,2,"Rebound, Missed Shot",Hansen REBOUND (Off:0 Def:1) | MISS Love 28' 3PT Pullup Jump Shot,POR,Portland Trail Blazers,1610612757,1631126,C. Love,22,32,Missed,3.0,Pullup Jump shot,C. Love,11.0,279.0,28.0,30.0,7.0,7.0,7.0,1,0,0.0,0,1.0,,3.0,Made,16.0,3.0,3.0,POR,https://cdn.nba.com/logos/nba/1610612757/primary/L/logo.svg,Caleb Love,https://cdn.nba.com/headshots/nba/latest/1040x760/1631126.png
0022500490,101,2,PT00M36.70S,PT00M33.50S,2,"Rebound, Missed Shot",Johnson REBOUND (Off:1 Def:6) | MISS Fox 2' Running Dunk,SAS,San Antonio Spurs,1610612759,1628368,D. Fox,51,52,Missed,2.0,Running Dunk Shot,D. Fox,5.0,20.0,2.0,34.0,3.0,3.0,3.0,1,0,0.0,0,1.0,,0.0,,,0.0,0.0,SAS,https://cdn.nba.com/logos/nba/1610612759/primary/L/logo.svg,De'Aaron Fox,https://cdn.nba.com/headshots/nba/latest/1040x760/1628368.png
0022500491,209,4,PT00M39.90S,PT00M36.50S,2,"Steal, Missed Shot",Holiday STEAL (3 STL) | MISS Durant 27' 3PT Running Jump Shot,HOU,Houston Rockets,1610612745,201142,K. Durant,108,101,Missed,3.0,Running Jump Shot,K. Durant,138.0,231.0,27.0,36.0,4.0,4.0,4.0,1,0,0.0,0,1.0,,0.0,Missed,31.0,0.0,0.0,HOU,https://cdn.nba.com/logos/nba/1610612745/primary/L/logo.svg,Kevin Durant,https://cdn.nba.com/headshots/nba/latest/1040x760/201142.png
0022500492,52,1,PT00M37.80S,PT00M16.10S,2,"Rebound, Made Shot",Melton REBOUND (Off:0 Def:2) | Post 2' Layup (2 PTS) (Melton 1 AST),GSW,Golden State Warriors,1610612744,1642366,Q. Post,25,27,Made,2.0,Layup Shot,Q. Post,-23.0,8.0,2.0,16.0,22.0,22.0,22.0,0,1,2.0,0,,0.0,,,,0.0,2.0,GSW,https://cdn.nba.com/logos/nba/1610612744/primary/L/logo.svg,Quinten Post,https://cdn.nba.com/headshots/nba/latest/1040x760/1642366.png
0022500493,92,2,PT00M36.00S,PT00M31.40S,2,"Rebound, Made Shot",Harden REBOUND (Off:0 Def:2) | Leonard 27' 3PT Running Pull-Up Jump Shot (12 PTS),LAC,LA Clippers,1610612746,202695,K. Leonard,63,69,Made,3.0,Running Pull-Up Jump Shot,K. Leonard,153.0,225.0,27.0,31.0,5.0,5.0,5.0,1,0,3.0,0,1.0,,0.0,Missed,511.0,0.0,3.0,LAC,https://cdn.nba.com/logos/nba/1610612746/primary/L/logo.svg,Kawhi Leonard,https://cdn.nba.com/headshots/nba/latest/1040x760/202695.png
0022500494,211,4,PT00M36.00S,PT00M17.20S,4,"Steal, Missed Shot, Rebound, Made Shot",Stewart STEAL (2 STL) | MISS Jenkins 9' Pullup Jump Shot | Thompson REBOUND (Off:3 Def:5) | Thompson Tip Layup Shot (8 PTS),DET,Detroit Pistons,1610612765,1641709,A. Thompson,106,110,Missed,2.0,Pullup Jump shot,D. Jenkins,92.0,-3.0,9.0,17.0,19.0,19.0,19.0,0,1,2.0,0,,1.0,2.0,,,2.0,4.0,DET,https://cdn.nba.com/logos/nba/1610612765/primary/L/logo.svg,Daniss Jenkins,https://cdn.nba.com/headshots/nba/latest/1040x760/1642450.png
0022500497,118,2,PT00M36.10S,PT00M36.10S,1,Made Shot,Powell 26' 3PT Jump Shot (18 PTS) (Mitchell 4 AST),MIA,Miami Heat,1610612748,1626181,N. Powell,68,62,Made,3.0,Jump Shot,N. Powell,186.0,187.0,26.0,36.0,4.0,0.0,4.0,1,0,3.0,0,1.0,,2.0,Made,19.0,2.0,5.0,MIA,https://cdn.nba.com/logos/nba/1610612748/primary/L/logo.svg,Norman Powell,https://cdn.nba.com/headshots/nba/latest/1040x760/1626181.png
0022500499,152,3,PT00M36.30S,PT00M00.70S,6,"Rebound, Missed Shot, Rebound, Missed Shot, Rebound, Missed Shot",Goodwin REBOUND (Off:0 Def:4) | MISS Goodwin 28' 3PT Jump Shot | Ighodaro REBOUND (Off:2 Def:4) | MISS Dunn 24' 3PT Jump Shot | Booker REBOUND (Off:2 Def:3) | MISS Dunn 27' 3PT Jump Shot,PHX,Phoenix Suns,1610612756,1642346,R. Dunn,74,73,Missed,3.0,Jump Shot,J. Goodwin,-108.0,257.0,28.0,34.0,35.0,2.0,2.0,1,0,0.0,0,0.0,,,,,0.0,0.0,PHX,https://cdn.nba.com/logos/nba/1610612756/primary/L/logo.svg,Jordan Goodwin,https://cdn.nba.com/headshots/nba/latest/1040x760/1630692.png
0022500499,196,4,PT00M36.10S,PT00M26.30S,4,"Timeout, Missed Shot, Rebound, Made Shot",Thunder Timeout: Regular (Reg.6 Short 0) | MISS Gilgeous-Alexander 10' Step Back Jump Shot | Holmgren REBOUND (Off:2 Def:7) | Holmgren 14' Turnaround Fadeaway (18 PTS),OKC,Oklahoma City Thunder,1610612760,1631096,C. Holmgren,105,103,Missed,2.0,Step Back Jump shot,S. Gilgeous-Alexander,28.0,93.0,10.0,30.0,10.0,6.0,6.0,1,0,2.0,0,1.0,,2.0,Made,9.0,2.0,4.0,OKC,https://cdn.nba.com/logos/nba/1610612760/primary/L/logo.svg,Shai Gilgeous-Alexander,https://cdn.nba.com/headshots/nba/latest/1040x760/1628983.png
0022500502,47,1,PT00M38.10S,PT00M33.70S,2,"Steal, Made Shot",Bridges STEAL (1 STL) | Bridges 3' Running Finger Roll Layup (4 PTS),NYK,New York Knicks,1610612752,1628969,M. Bridges,30,29,Made,2.0,Running Finger Roll Layup Shot,M. Bridges,34.0,0.0,3.0,34.0,4.0,4.0,4.0,1,0,2.0,0,1.0,,0.0,,,0.0,2.0,NYK,https://cdn.nba.com/logos/nba/1610612752/primary/L/logo.svg,Mikal Bridges,https://cdn.nba.com/headshots/nba/latest/1040x760/1628969.png
0022500502,148,3,PT00M35.80S,PT00M28.70S,2,"Rebound, Made Shot",Ivey REBOUND (Off:0 Def:2) | Ivey 3' Running Layup (14 PTS),DET,Detroit Pistons,1610612765,1631093,J. Ivey,89,69,Made,2.0,Running Layup Shot,J. Ivey,28.0,11.0,3.0,29.0,7.0,7.0,7.0,1,0,2.0,0,1.0,,0.0,,,0.0,2.0,DET,https://cdn.nba.com/logos/nba/1610612765/primary/L/logo.svg,Jaden Ivey,https://cdn.nba.com/headshots/nba/latest/1040x760/1631093.png
0022500503,48,1,PT00M39.90S,PT00M34.40S,2,"Rebound, Made Shot",CELTICS Rebound | Pritchard 11' Pullup Jump Shot (5 PTS),BOS,Boston Celtics,1610612738,1630202,P. Pritchard,31,14,Made,2.0,Pullup Jump shot,P. Pritchard,78.0,79.0,11.0,34.0,6.0,6.0,6.0,1,0,2.0,0,1.0,,0.0,Missed,0.0,0.0,2.0,BOS,https://cdn.nba.com/logos/nba/1610612738/primary/L/logo.svg,Payton Pritchard,https://cdn.nba.com/headshots/nba/latest/1040x760/1630202.png
0022500505,51,1,PT00M33.70S,PT00M29.60S,2,"Steal, Made Shot",Ighodaro STEAL (1 STL) | Goodwin 27' 3PT Running Pull-Up Jump Shot (11 PTS) (Allen 2 AST),PHX,Phoenix Suns,1610612756,1630692,J. Goodwin,22,29,Made,3.0,Running Pull-Up Jump Shot,J. Goodwin,145.0,231.0,27.0,30.0,4.0,4.0,4.0,1,0,3.0,0,1.0,,0.0,Missed,6.0,0.0,3.0,PHX,https://cdn.nba.com/logos/nba/1610612756/primary/L/logo.svg,Jordan Goodwin,https://cdn.nba.com/headshots/nba/latest/1040x760/1630692.png
0022500507,220,5,PT00M38.20S,PT00M31.70S,2,"Timeout, Missed Shot",Nuggets Timeout: Regular (Reg.7 Short 0) | MISS Watson 20' Turnaround Jump Shot,DEN,Denver Nuggets,1610612743,1631212,P. Watson,124,123,Missed,2.0,Turnaround Jump Shot,P. Watson,-11.0,202.0,20.0,32.0,6.0,6.0,6.0,1,0,0.0,0,1.0,,2.0,Made,5.0,2.0,2.0,DEN,https://cdn.nba.com/logos/nba/1610612743/primary/L/logo.svg,Peyton Watson,https://cdn.nba.com/headshots/nba/latest/1040x760/1631212.png
0022500509,159,3,PT00M37.80S,PT00M34.30S,2,"Jump Ball, Made Shot",Jump Ball Sharpe vs. Collier: Tip to Cissoko | Cissoko 25' 3PT Step Back Bank Jump Shot (11 PTS) (Sharpe 7 AST),POR,Portland Trail Blazers,1610612757,1631321,S. Cissoko,111,82,Made,3.0,Step Back Bank Jump Shot,S. Cissoko,-130.0,210.0,25.0,34.0,4.0,4.0,4.0,1,0,3.0,0,1.0,,3.0,Made,0.0,3.0,6.0,POR,https://cdn.nba.com/logos/nba/1610612757/primary/L/logo.svg,Sidy Cissoko,https://cdn.nba.com/headshots/nba/latest/1040x760/1631321.png
0022500510,212,4,PT00M33.50S,PT00M33.50S,1,Made Shot,Siakam 4' Driving Finger Roll Layup (21 PTS) (Nembhard 11 AST),IND,Indiana Pacers,1610612754,1627783,P. Siakam,113,115,Made,2.0,Driving Finger Roll Layup Shot,P. Siakam,22.0,28.0,4.0,34.0,5.0,0.0,5.0,1,0,2.0,0,1.0,,1.0,,,1.0,3.0,IND,https://cdn.nba.com/logos/nba/1610612754/primary/L/logo.svg,Pascal Siakam,https://cdn.nba.com/headshots/nba/latest/1040x760/1627783.png
0022500511,171,3,PT00M40.30S,PT00M35.60S,2,"Rebound, Made Shot",Isaac REBOUND (Off:1 Def:4) | Richardson 5' Running Layup (15 PTS),ORL,Orlando Magic,1610612753,1642859,J. Richardson,99,84,Made,2.0,Running Layup Shot,J. Richardson,-17.0,49.0,5.0,36.0,4.0,4.0,4.0,1,0,2.0,0,1.0,,3.0,Made,2.0,3.0,5.0,ORL,https://cdn.nba.com/logos/nba/1610612753/primary/L/logo.svg,Jase Richardson,https://cdn.nba.com/headshots/nba/latest/1040x760/1642859.png
0022500511,221,4,PT00M34.40S,PT00M29.20S,2,"Rebound, Made Shot",Penda REBOUND (Off:1 Def:3) | Howard 24' 3PT Running Pull-Up Jump Shot (10 PTS) (Richardson 2 AST),ORL,Orlando Magic,1610612753,1641724,J. Howard,118,110,Made,3.0,Running Pull-Up Jump Shot,J. Howard,-229.0,78.0,24.0,29.0,5.0,5.0,5.0,1,0,3.0,0,1.0,,0.0,Missed,18.0,0.0,3.0,ORL,https://cdn.nba.com/logos/nba/1610612753/primary/L/logo.svg,Jett Howard,https://cdn.nba.com/headshots/nba/latest/1040x760/1641724.png
0022500514,49,1,PT00M37.10S,PT00M30.40S,2,"Rebound, Missed Shot",Poole REBOUND (Off:0 Def:1) | MISS Poole 26' 3PT Pullup Jump Shot,NOP,New Orleans Pelicans,1610612740,1629673,J. Poole,25,29,Missed,3.0,Pullup Jump shot,J. Poole,110.0,233.0,26.0,30.0,7.0,7.0,7.0,1,0,0.0,0,1.0,,0.0,Missed,1.0,0.0,0.0,NOP,https://cdn.nba.com/logos/nba/1610612740/primary/L/logo.svg,Jordan Poole,https://cdn.nba.com/headshots/nba/latest/1040x760/1629673.png
0022500514,106,2,PT00M38.90S,PT00M33.00S,4,"Steal, Missed Shot, Rebound, Made Shot",Williamson STEAL (1 STL) | MISS Williamson 3' Running Layup | Missi REBOUND (Off:4 Def:2) | Missi Tip Dunk Shot (8 PTS),NOP,New Orleans Pelicans,1610612740,1642274,Y. Missi,52,51,Missed,2.0,Running Layup Shot,Z. Williamson,10.0,23.0,3.0,33.0,6.0,6.0,6.0,1,0,2.0,0,1.0,,2.0,Made,3.0,2.0,4.0,NOP,https://cdn.nba.com/logos/nba/1610612740/primary/L/logo.svg,Zion Williamson,https://cdn.nba.com/headshots/nba/latest/1040x760/1629627.png
0022500515,167,3,PT00M34.50S,PT00M34.50S,1,Made Shot,Williams 11' Driving Floating Jump Shot (11 PTS),DAL,Dallas Mavericks,1610612742,1630314,B. Williams,76,75,Made,2.0,Driving Floating Jump Shot,B. Williams,33.0,100.0,11.0,34.0,6.0,0.0,6.0,1,0,2.0,0,1.0,,1.0,,,1.0,3.0,DAL,https://cdn.nba.com/logos/nba/1610612742/primary/L/logo.svg,Brandon Williams,https://cdn.nba.com/headshots/nba/latest/1040x760/1585.png
0022500515,216,4,PT00M40.20S,PT00M33.90S,3,"Timeout, Timeout, Made Shot",Mavericks Timeout: Regular (Reg.6 Short 0) | Mavericks Timeout: Regular (Reg.7 Short 0) | Williams 24' 3PT Jump Shot (18 PTS) (Flagg 6 AST),DAL,Dallas Mavericks,1610612742,1630314,B. Williams,98,100,Made,3.0,Jump Shot,B. Williams,222.0,101.0,24.0,34.0,6.0,6.0,6.0,1,0,3.0,0,1.0,,0.0,,,0.0,3.0,DAL,https://cdn.nba.com/logos/nba/1610612742/primary/L/logo.svg,Brandon Williams,https://cdn.nba.com/headshots/nba/latest/1040x760/1585.png
0022500518,51,1,PT00M35.40S,PT00M32.20S,2,"Steal, Made Shot",Maxey STEAL (1 STL) | Maxey 28' 3PT Running Pull-Up Jump Shot (16 PTS),PHI,Philadelphia 76ers,1610612755,1630178,T. Maxey,37,28,Made,3.0,Running Pull-Up Jump Shot,T. Maxey,-124.0,246.0,28.0,32.0,3.0,3.0,3.0,1,0,3.0,0,1.0,,0.0,,,0.0,3.0,PHI,https://cdn.nba.com/logos/nba/1610612755/primary/L/logo.svg,Tyrese Maxey,https://cdn.nba.com/headshots/nba/latest/1040x760/1630178.png
0022500519,118,2,PT00M38.80S,PT00M17.80S,2,"Rebound, Made Shot",Johnson REBOUND (Off:1 Def:4) | Johnson 6' Pullup Jump Shot (16 PTS),ATL,Atlanta Hawks,1610612737,1630552,J. Johnson,65,53,Made,2.0,Pullup Jump shot,J. Johnson,43.0,37.0,6.0,18.0,21.0,21.0,21.0,0,1,2.0,0,,1.0,0.0,,,0.0,2.0,ATL,https://cdn.nba.com/logos/nba/1610612737/primary/L/logo.svg,Jalen Johnson,https://cdn.nba.com/headshots/nba/latest/1040x760/1630552.png
0022500524,51,1,PT00M34.00S,PT00M22.00S,3,"Missed Shot, Rebound, Made Shot",MISS Booker 12' Step Back Jump Shot | Ighodaro REBOUND (Off:1 Def:0) | Allen 26' 3PT Jump Shot (6 PTS) (Booker 3 AST),PHX,Phoenix Suns,1610612756,1628960,G. Allen,23,30,Missed,2.0,Step Back Jump shot,D. Booker,-53.0,113.0,12.0,34.0,29.0,0.0,29.0,0,1,3.0,0,,0.0,,,,0.0,3.0,PHX,https://cdn.nba.com/logos/nba/1610612756/primary/L/logo.svg,Devin Booker,https://cdn.nba.com/headshots/nba/latest/1040x760/1626164.png
0022500525,171,3,PT00M34.20S,PT00M29.40S,2,"Rebound, Missed Shot",Williams REBOUND (Off:1 Def:2) | MISS Williams 3' Running Layup,UTA,Utah Jazz,1610612762,1642262,C. Williams,89,86,Missed,2.0,Running Layup Shot,C. Williams,-18.0,22.0,3.0,29.0,5.0,5.0,5.0,1,0,0.0,0,1.0,,0.0,,,0.0,0.0,UTA,https://cdn.nba.com/logos/nba/1610612762/primary/L/logo.svg,Cody Williams,https://cdn.nba.com/headshots/nba/latest/1040x760/1642262.png
0022500530,51,1,PT00M35.10S,PT00M22.30S,2,"Rebound, Made Shot",Conley REBOUND (Off:0 Def:1) | Edwards 25' 3PT Step Back Jump Shot (11 PTS) (Randle 4 AST),MIN,Minnesota Timberwolves,1610612750,1630162,A. Edwards,32,28,Made,3.0,Step Back Jump shot,A. Edwards,140.0,209.0,25.0,22.0,13.0,13.0,13.0,0,1,3.0,0,,0.0,,,,0.0,3.0,MIN,https://cdn.nba.com/logos/nba/1610612750/primary/L/logo.svg,Anthony Edwards,https://cdn.nba.com/headshots/nba/latest/1040x760/1630162.png
0022500531,52,1,PT00M33.80S,PT00M26.60S,2,"Rebound, Made Shot",Thompson REBOUND (Off:0 Def:1) | Williams 7' Driving Layup (2 PTS) (Thompson 4 AST),DAL,Dallas Mavericks,1610612742,1630314,B. Williams,34,29,Made,2.0,Driving Layup Shot,B. Williams,-34.0,56.0,7.0,27.0,7.0,7.0,7.0,1,0,2.0,0,0.0,,,,,0.0,2.0,DAL,https://cdn.nba.com/logos/nba/1610612742/primary/L/logo.svg,Brandon Williams,https://cdn.nba.com/headshots/nba/latest/1040x760/1585.png
0022500531,106,2,PT00M35.50S,PT00M12.20S,4,"Rebound, Missed Shot, Rebound, Made Shot",Christie REBOUND (Off:0 Def:3) | MISS Nembhard 16' Pullup Jump Shot | Davis REBOUND (Off:2 Def:3) | Davis Tip Layup Shot (12 PTS),DAL,Dallas Mavericks,1610612742,203076,A. Davis,58,54,Missed,2.0,Pullup Jump shot,R. Nembhard,-75.0,145.0,16.0,15.0,24.0,21.0,21.0,0,1,2.0,0,,1.0,1.0,,,1.0,3.0,DAL,https://cdn.nba.com/logos/nba/1610612742/primary/L/logo.svg,Ryan Nembhard,https://cdn.nba.com/headshots/nba/latest/1040x760/1642948.png
0022500532,47,1,PT00M36.70S,PT00M31.00S,5,"Missed Shot, Rebound, Missed Shot, Rebound, Made Shot",MISS Pritchard 9' Driving Floating Jump Shot | Garza REBOUND (Off:1 Def:0) | MISS Garza Tip Layup Shot | Garza REBOUND (Off:2 Def:0) | Gonzalez 2' Driving Layup (2 PTS) (Garza 1 AST),BOS,Boston Celtics,1610612738,1642864,H. González,37,30,Missed,2.0,Driving Floating Jump Shot,P. Pritchard,23.0,88.0,9.0,37.0,6.0,0.0,6.0,1,0,2.0,0,1.0,,0.0,Missed,1.0,0.0,2.0,BOS,https://cdn.nba.com/logos/nba/1610612738/primary/L/logo.svg,Payton Pritchard,https://cdn.nba.com/headshots/nba/latest/1040x760/1630202.png
0022500533,53,1,PT00M39.00S,PT00M32.70S,2,"Rebound, Missed Shot",George REBOUND (Off:1 Def:1) | MISS George 26' 3PT Running Pull-Up Jump Shot,PHI,Philadelphia 76ers,1610612755,202331,P. George,28,24,Missed,3.0,Running Pull-Up Jump Shot,P. George,152.0,207.0,26.0,33.0,6.0,6.0,6.0,1,0,0.0,0,1.0,,0.0,Missed,0.0,0.0,0.0,PHI,https://cdn.nba.com/logos/nba/1610612755/primary/L/logo.svg,Paul George,https://cdn.nba.com/headshots/nba/latest/1040x760/202331.png
0022500536,156,3,PT00M34.10S,PT00M34.10S,1,Made Shot,Jal. Williams 2' Driving Finger Roll Layup (13 PTS),OKC,Oklahoma City Thunder,1610612760,1631114,J. Williams,93,78,Made,2.0,Driving Finger Roll Layup Shot,J. Williams,-11.0,13.0,2.0,34.0,5.0,0.0,5.0,1,0,2.0,0,1.0,,1.0,,,1.0,3.0,OKC,https://cdn.nba.com/logos/nba/1610612760/primary/L/logo.svg,Jalen Williams,https://cdn.nba.com/headshots/nba/latest/1040x760/1631114.png
0022500537,101,2,PT00M39.90S,PT00M37.80S,3,"Rebound, Foul, Missed Shot",Hawks Rebound | Pickett L.B.FOUL (P1.T2) (D.Baroody) | MISS Krejci 24' 3PT Jump Shot,ATL,Atlanta Hawks,1610612737,1630249,V. Krejčí,50,56,Missed,3.0,Jump Shot,V. Krejčí,-227.0,74.0,24.0,38.0,2.0,2.0,2.0,1,0,0.0,0,1.0,,2.0,Made,14.0,2.0,2.0,ATL,https://cdn.nba.com/logos/nba/1610612737/primary/L/logo.svg,Vít Krejčí,https://cdn.nba.com/headshots/nba/latest/1040x760/1630249.png
0022500540,150,3,PT00M34.40S,PT00M28.40S,2,"Rebound, Missed Shot",Rockets Rebound | MISS Smith Jr. 15' Step Back Jump Shot,HOU,Houston Rockets,1610612745,1631095,J. Smith Jr.,77,88,Missed,2.0,Step Back Jump shot,J. Smith Jr.,-119.0,90.0,15.0,28.0,6.0,6.0,6.0,1,0,0.0,0,1.0,,2.0,Made,1.0,2.0,2.0,HOU,https://cdn.nba.com/logos/nba/1610612745/primary/L/logo.svg,Jabari Smith Jr.,https://cdn.nba.com/headshots/nba/latest/1040x760/1631095.png
0022500541,146,3,PT00M33.80S,PT00M29.10S,2,"Rebound, Missed Shot",Turner REBOUND (Off:1 Def:3) | MISS Trent Jr. 3PT Running Jump Shot,MIL,Milwaukee Bucks,1610612749,1629018,G. Trent Jr.,74,85,Missed,3.0,Running Jump Shot,G. Trent Jr.,-232.0,22.0,0.0,29.0,5.0,5.0,5.0,1,0,0.0,0,1.0,,1.0,,,1.0,1.0,MIL,https://cdn.nba.com/logos/nba/1610612749/primary/L/logo.svg,Gary Trent Jr.,https://cdn.nba.com/headshots/nba/latest/1040x760/1629018.png
0022500543,57,1,PT00M33.90S,PT00M27.10S,2,"Rebound, Missed Shot",Larsson REBOUND (Off:0 Def:1) | MISS Jaquez Jr. 3' Running Reverse Layup,MIA,Miami Heat,1610612748,1631170,J. Jaquez Jr.,36,18,Missed,2.0,Running Reverse Layup Shot,J. Jaquez Jr.,-7.0,26.0,3.0,27.0,7.0,7.0,7.0,1,0,0.0,0,0.0,,,,,0.0,0.0,MIA,https://cdn.nba.com/logos/nba/1610612748/primary/L/logo.svg,Jaime Jaquez Jr.,https://cdn.nba.com/headshots/nba/latest/1040x760/1631170.png
0022500544,207,4,PT00M38.20S,PT00M27.10S,4,"Rebound, Missed Shot, Rebound, Turnover",Reed REBOUND (Off:3 Def:3) | MISS Green 3PT Jump Shot | Reed REBOUND (Off:4 Def:3) | Reed Lost Ball Turnover (P5.T25),DET,Detroit Pistons,1610612765,1630194,P. Reed,92,95,Missed,3.0,Jump Shot,J. Green,-230.0,6.0,0.0,31.0,,7.0,7.0,1,0,0.0,0,1.0,,0.0,,,0.0,0.0,DET,https://cdn.nba.com/logos/nba/1610612765/primary/L/logo.svg,Javonte Green,https://cdn.nba.com/headshots/nba/latest/1040x760/1629750.png
0022500545,200,4,PT00M40.50S,PT00M19.10S,4,"Timeout, Foul, Free Throw, Made Shot",CELTICS Timeout: Regular (Full 5 Short 0) | Kornet S.FOUL (P1.T3) (C.Blair) | White Free Throw 1 of 2 (28 PTS) | Wembanyama 15' Pullup Jump Shot (21 PTS),SAS,San Antonio Spurs,1610612759,1641705,V. Wembanyama,95,99,Made,2.0,Pullup Jump shot,V. Wembanyama,-64.0,141.0,15.0,19.0,21.0,21.0,21.0,0,1,1.0,1,,1.0,1.0,,,1.0,2.0,SAS,https://cdn.nba.com/logos/nba/1610612759/primary/L/logo.svg,Victor Wembanyama,https://cdn.nba.com/headshots/nba/latest/1040x760/1641705.png
0022500547,105,2,PT00M34.80S,PT00M34.80S,1,Missed Shot,MISS Ball 26' 3PT Pullup Jump Shot,CHA,Charlotte Hornets,1610612766,1630163,L. Ball,36,77,Missed,3.0,Pullup Jump shot,L. Ball,207.0,159.0,26.0,35.0,5.0,0.0,5.0,1,0,0.0,0,1.0,,0.0,Missed,5.0,0.0,0.0,CHA,https://cdn.nba.com/logos/nba/1610612766/primary/L/logo.svg,LaMelo Ball,https://cdn.nba.com/headshots/nba/latest/1040x760/1630163.png
0022500549,146,3,PT00M36.10S,PT00M19.60S,2,"Rebound, Missed Shot",Nets Rebound | MISS Wilson 3PT Jump Shot,BKN,Brooklyn Nets,1610612751,1630592,J. Wilson,77,74,Missed,3.0,Jump Shot,J. Wilson,234.0,11.0,0.0,20.0,16.0,16.0,16.0,0,1,0.0,0,,0.0,,,,0.0,0.0,BKN,https://cdn.nba.com/logos/nba/1610612751/primary/L/logo.svg,Jalen Wilson,https://cdn.nba.com/headshots/nba/latest/1040x760/1630592.png
0022500550,105,2,PT00M35.70S,PT00M31.40S,4,"Steal, Missed Shot, Rebound, Made Shot",Martin STEAL (1 STL) | MISS Martin 1' Running Finger Roll Layup | Shead REBOUND (Off:1 Def:0) | Shead Tip Dunk Shot (10 PTS),TOR,Toronto Raptors,1610612761,1642347,J. Shead,58,46,Missed,2.0,Running Finger Roll Layup Shot,A. Martin,10.0,5.0,1.0,33.0,5.0,3.0,3.0,1,0,2.0,0,1.0,,0.0,Missed,1.0,0.0,2.0,TOR,https://cdn.nba.com/logos/nba/1610612761/primary/L/logo.svg,Alijah Martin,https://cdn.nba.com/headshots/nba/latest/1040x760/1642918.png
0022500550,238,5,PT00M35.00S,PT00M15.60S,3,"Timeout, Foul, Made Shot",76ers Timeout: Regular (Reg.8 Short 0) | Murray-Boyles P.FOUL (P3.T3) (R.Mott) | Edgecombe 30' 3PT Pullup Jump Shot (17 PTS),PHI,Philadelphia 76ers,1610612755,1642845,V. Edgecombe,115,115,Made,3.0,Pullup Jump shot,V. Edgecombe,-61.0,294.0,30.0,16.0,19.0,19.0,19.0,0,1,3.0,0,,0.0,,,,0.0,3.0,PHI,https://cdn.nba.com/logos/nba/1610612755/primary/L/logo.svg,VJ Edgecombe,https://cdn.nba.com/headshots/nba/latest/1040x760/1642845.png
0022500552,205,4,PT00M33.70S,PT00M16.80S,2,"Timeout, Made Shot",TIMBERWOLVES Timeout: Regular (Full 6 Short 0) | Edwards 3' Driving Floating Bank Jump Shot (23 PTS),MIN,Minnesota Timberwolves,1610612750,1630162,A. Edwards,104,103,Made,2.0,Driving Floating Bank Jump Shot,A. Edwards,26.0,23.0,3.0,17.0,17.0,17.0,17.0,0,1,2.0,0,,0.0,,,,0.0,2.0,MIN,https://cdn.nba.com/logos/nba/1610612750/primary/L/logo.svg,Anthony Edwards,https://cdn.nba.com/headshots/nba/latest/1040x760/1630162.png
0022500554,150,3,PT00M39.10S,PT00M32.20S,2,"Rebound, Made Shot",Watson REBOUND (Off:2 Def:6) | Watson 4' Driving Finger Roll Layup (18 PTS),DEN,Denver Nuggets,1610612743,1631212,P. Watson,85,74,Made,2.0,Driving Finger Roll Layup Shot,P. Watson,-36.0,16.0,4.0,32.0,7.0,7.0,7.0,1,0,2.0,0,1.0,,0.0,Missed,2.0,0.0,2.0,DEN,https://cdn.nba.com/logos/nba/1610612743/primary/L/logo.svg,Peyton Watson,https://cdn.nba.com/headshots/nba/latest/1040x760/1631212.png
0022500555,109,2,PT00M39.10S,PT00M38.00S,2,"Rebound, Made Shot",O'Neale REBOUND (Off:1 Def:5) | Williams 2' Running Dunk (9 PTS) (O'Neale 3 AST),PHX,Phoenix Suns,1610612756,1631109,M. Williams,65,48,Made,2.0,Running Dunk Shot,M. Williams,7.0,20.0,2.0,38.0,1.0,1.0,1.0,1,0,2.0,0,1.0,,0.0,Missed,10.0,0.0,2.0,PHX,https://cdn.nba.com/logos/nba/1610612756/primary/L/logo.svg,Mark Williams,https://cdn.nba.com/headshots/nba/latest/1040x760/1631109.png
0022500559,146,3,PT00M34.00S,PT00M28.50S,2,"Rebound, Made Shot",Garza REBOUND (Off:3 Def:3) | Garza 9' Running Jump Shot (6 PTS) (Pritchard 6 AST),BOS,Boston Celtics,1610612738,1630568,L. Garza,79,77,Made,2.0,Running Jump Shot,L. Garza,-13.0,92.0,9.0,28.0,6.0,6.0,6.0,1,0,2.0,0,1.0,,0.0,Missed,3.0,0.0,2.0,BOS,https://cdn.nba.com/logos/nba/1610612738/primary/L/logo.svg,Luka Garza,https://cdn.nba.com/headshots/nba/latest/1040x760/1630568.png
0022500559,191,4,PT00M33.90S,PT00M29.10S,3,"Rebound, Timeout, Made Shot",Pritchard REBOUND (Off:1 Def:3) | Celtics Timeout: Regular (Reg.6 Short 0) | White 6' Driving Floating Bank Jump Shot (18 PTS),BOS,Boston Celtics,1610612738,1628401,D. White,96,96,Made,2.0,Driving Floating Bank Jump Shot,D. White,57.0,27.0,6.0,29.0,5.0,5.0,5.0,1,0,2.0,0,1.0,,0.0,Missed,2.0,0.0,2.0,BOS,https://cdn.nba.com/logos/nba/1610612738/primary/L/logo.svg,Derrick White,https://cdn.nba.com/headshots/nba/latest/1040x760/1628401.png
0022500561,98,2,PT00M35.90S,PT00M14.90S,2,"Rebound, Missed Shot",Claxton REBOUND (Off:0 Def:3) | MISS Claxton 8' Turnaround Hook Shot,BKN,Brooklyn Nets,1610612751,1629651,N. Claxton,54,42,Missed,2.0,Turnaround Hook Shot,N. Claxton,-77.0,6.0,8.0,15.0,21.0,21.0,21.0,0,1,0.0,0,,1.0,3.0,Made,0.0,3.0,3.0,BKN,https://cdn.nba.com/logos/nba/1610612751/primary/L/logo.svg,Nic Claxton,https://cdn.nba.com/headshots/nba/latest/1040x760/1629651.png
0022500565,199,4,PT00M35.00S,PT00M35.00S,1,Missed Shot,MISS Vucevic 27' 3PT Jump Shot,CHI,Chicago Bulls,1610612741,202696,N. Vučević,117,110,Missed,3.0,Jump Shot,N. Vučević,0.0,266.0,27.0,35.0,5.0,0.0,5.0,1,0,0.0,0,1.0,,3.0,Made,0.0,3.0,3.0,CHI,https://cdn.nba.com/logos/nba/1610612741/primary/L/logo.svg,Nikola Vučević,https://cdn.nba.com/headshots/nba/latest/1040x760/202696.png
0022500567,97,2,PT00M34.60S,PT00M34.60S,1,Made Shot,Murphy III 2' Driving Layup (21 PTS),NOP,New Orleans Pelicans,1610612740,1630530,T. Murphy III,64,58,Made,2.0,Driving Layup Shot,T. Murphy III,18.0,-6.0,2.0,35.0,5.0,0.0,5.0,1,0,2.0,0,1.0,,1.0,,,1.0,3.0,NOP,https://cdn.nba.com/logos/nba/1610612740/primary/L/logo.svg,Trey Murphy III,https://cdn.nba.com/headshots/nba/latest/1040x760/1630530.png
0022500570,108,2,PT00M35.00S,PT00M29.90S,2,"Rebound, Made Shot",Holiday REBOUND (Off:1 Def:5) | Holiday 29' 3PT Running Jump Shot (4 PTS) (Camara 2 AST),POR,Portland Trail Blazers,1610612757,201950,J. Holiday,67,41,Made,3.0,Running Jump Shot,J. Holiday,-86.0,273.0,29.0,30.0,5.0,5.0,5.0,1,0,3.0,0,1.0,,0.0,Missed,0.0,0.0,3.0,POR,https://cdn.nba.com/logos/nba/1610612757/primary/L/logo.svg,Jrue Holiday,https://cdn.nba.com/headshots/nba/latest/1040x760/201950.png
0022500570,165,3,PT00M38.10S,PT00M32.60S,2,"Steal, Made Shot",Santos STEAL (4 STL) | Podziemski 25' 3PT Running Jump Shot (10 PTS) (Santos 5 AST),GSW,Golden State Warriors,1610612744,1641764,B. Podziemski,92,68,Made,3.0,Running Jump Shot,B. Podziemski,222.0,116.0,25.0,33.0,5.0,5.0,5.0,1,0,3.0,0,1.0,,3.0,Made,1.0,3.0,6.0,GSW,https://cdn.nba.com/logos/nba/1610612744/primary/L/logo.svg,Brandin Podziemski,https://cdn.nba.com/headshots/nba/latest/1040x760/1641764.png
0022500574,52,1,PT00M38.20S,PT00M23.70S,6,"Rebound, Missed Shot, Rebound, Missed Shot, Rebound, Made Shot",Traore REBOUND (Off:0 Def:1) | MISS Wolf 26' 3PT Jump Shot | Wolf REBOUND (Off:1 Def:0) | MISS Wolf 1' Driving Layup | Sharpe REBOUND (Off:2 Def:1) | Sharpe Putback Layup (5 PTS),BKN,Brooklyn Nets,1610612751,1630549,D. Sharpe,25,31,Missed,3.0,Jump Shot,D. Wolf,-232.0,119.0,26.0,30.0,14.0,8.0,8.0,0,1,2.0,0,,0.0,,,,0.0,2.0,BKN,https://cdn.nba.com/logos/nba/1610612751/primary/L/logo.svg,Danny Wolf,https://cdn.nba.com/headshots/nba/latest/1040x760/1642874.png
0022500577,51,1,PT00M35.40S,PT00M29.00S,2,"Rebound, Made Shot",Carrington REBOUND (Off:0 Def:1) | Bagley III 2' Alley Oop Dunk (3 PTS) (Carrington 2 AST),WAS,Washington Wizards,1610612764,1628963,M. Bagley III,37,22,Made,2.0,Alley Oop Dunk Shot,M. Bagley III,17.0,-11.0,2.0,29.0,6.0,6.0,6.0,1,0,2.0,0,1.0,,0.0,Missed,7.0,0.0,2.0,WAS,https://cdn.nba.com/logos/nba/1610612764/primary/L/logo.svg,Marvin Bagley III,https://cdn.nba.com/headshots/nba/latest/1040x760/1628963.png
0022500579,204,4,PT00M37.50S,PT00M17.40S,4,"Rebound, Missed Shot, Rebound, Missed Shot",Gillespie REBOUND (Off:0 Def:2) | MISS Allen 24' 3PT Pullup Jump Shot | Ighodaro REBOUND (Off:1 Def:2) | MISS Allen 27' 3PT Jump Shot,PHX,Phoenix Suns,1610612756,1628960,G. Allen,106,102,Missed,3.0,Pullup Jump shot,G. Allen,-235.0,13.0,24.0,22.0,21.0,16.0,16.0,0,1,0.0,0,,1.0,0.0,Missed,10.0,0.0,0.0,PHX,https://cdn.nba.com/logos/nba/1610612756/primary/L/logo.svg,Grayson Allen,https://cdn.nba.com/headshots/nba/latest/1040x760/1628960.png
0022500585,162,3,PT00M33.70S,PT00M10.60S,4,"Rebound, Missed Shot, Rebound, Made Shot",Okongwu REBOUND (Off:1 Def:5) | MISS Alexander-Walker 3' Driving Layup | Alexander-Walker REBOUND (Off:1 Def:2) | McCollum 29' 3PT Jump Shot (18 PTS) (Gueye 2 AST),ATL,Atlanta Hawks,1610612737,203468,C. McCollum,85,87,Missed,2.0,Driving Layup Shot,N. Alexander-Walker,-25.0,11.0,3.0,18.0,23.0,16.0,16.0,0,1,3.0,0,,0.0,,,,0.0,3.0,ATL,https://cdn.nba.com/logos/nba/1610612737/primary/L/logo.svg,Nickeil Alexander-Walker,https://cdn.nba.com/headshots/nba/latest/1040x760/1629638.png
0022500586,151,3,PT00M37.20S,PT00M31.20S,2,"Rebound, Made Shot",Green REBOUND (Off:1 Def:2) | Miller 27' 3PT Jump Shot (20 PTS) (Sexton 3 AST),CHA,Charlotte Hornets,1610612766,1641706,B. Miller,93,104,Made,3.0,Jump Shot,B. Miller,6.0,272.0,27.0,31.0,6.0,6.0,6.0,1,0,3.0,0,1.0,,0.0,Missed,1.0,0.0,3.0,CHA,https://cdn.nba.com/logos/nba/1610612766/primary/L/logo.svg,Brandon Miller,https://cdn.nba.com/headshots/nba/latest/1040x760/1641706.png
0022500588,155,3,PT00M36.10S,PT00M31.40S,2,"Rebound, Missed Shot",Fears REBOUND (Off:0 Def:4) | MISS Fears 27' 3PT Running Pull-Up Jump Shot,NOP,New Orleans Pelicans,1610612740,1642847,J. Fears,100,93,Missed,3.0,Running Pull-Up Jump Shot,J. Fears,165.0,216.0,27.0,31.0,5.0,5.0,5.0,1,0,0.0,0,1.0,,0.0,Missed,0.0,0.0,0.0,NOP,https://cdn.nba.com/logos/nba/1610612740/primary/L/logo.svg,Jeremiah Fears,https://cdn.nba.com/headshots/nba/latest/1040x760/1642847.png
0022500589,51,1,PT00M34.30S,PT00M26.80S,2,"Rebound, Made Shot",Ball REBOUND (Off:0 Def:2) | Hunter 27' 3PT Jump Shot (3 PTS) (Mitchell 4 AST),CLE,Cleveland Cavaliers,1610612739,1629631,D. Hunter,31,31,Made,3.0,Jump Shot,D. Hunter,-152.0,218.0,27.0,27.0,7.0,7.0,7.0,1,0,3.0,0,0.0,,,,,0.0,3.0,CLE,https://cdn.nba.com/logos/nba/1610612739/primary/L/logo.svg,De'Andre Hunter,https://cdn.nba.com/headshots/nba/latest/1040x760/1629631.png
0022500589,150,3,PT00M35.50S,PT00M31.70S,2,"Steal, Made Shot",Ball STEAL (1 STL) | Tomlin 1' Running Dunk (9 PTS) (Ball 1 AST),CLE,Cleveland Cavaliers,1610612739,1641772,N. Tomlin,88,84,Made,2.0,Running Dunk Shot,N. Tomlin,6.0,6.0,1.0,32.0,4.0,4.0,4.0,1,0,2.0,0,1.0,,0.0,Missed,1.0,0.0,2.0,CLE,https://cdn.nba.com/logos/nba/1610612739/primary/L/logo.svg,Nae'Qwan Tomlin,https://cdn.nba.com/headshots/nba/latest/1040x760/1641772.png
0022500590,95,2,PT00M34.10S,PT00M28.80S,2,"Rebound, Missed Shot",Dunn REBOUND (Off:1 Def:1) | MISS Harden 28' 3PT Pullup Jump Shot,LAC,LA Clippers,1610612746,201935,J. Harden,59,52,Missed,3.0,Pullup Jump shot,J. Harden,-81.0,268.0,28.0,29.0,5.0,5.0,5.0,1,0,0.0,0,0.0,,,,,0.0,0.0,LAC,https://cdn.nba.com/logos/nba/1610612746/primary/L/logo.svg,James Harden,https://cdn.nba.com/headshots/nba/latest/1040x760/201935.png
0022500590,148,3,PT00M35.70S,PT00M29.50S,2,"Rebound, Missed Shot",Dick REBOUND (Off:1 Def:1) | MISS Dick 30' 3PT Jump Shot,TOR,Toronto Raptors,1610612761,1641711,G. Dick,89,78,Missed,3.0,Jump Shot,G. Dick,-28.0,296.0,30.0,30.0,6.0,6.0,6.0,1,0,0.0,0,0.0,,,,,0.0,0.0,TOR,https://cdn.nba.com/logos/nba/1610612761/primary/L/logo.svg,Gradey Dick,https://cdn.nba.com/headshots/nba/latest/1040x760/1641711.png
0022500590,194,4,PT00M37.90S,PT00M24.30S,2,"Rebound, Missed Shot",Dunn REBOUND (Off:1 Def:2) | MISS Harden 3PT Jump Shot,LAC,LA Clippers,1610612746,201935,J. Harden,109,109,Missed,3.0,Jump Shot,J. Harden,-232.0,-10.0,0.0,24.0,14.0,14.0,14.0,0,1,0.0,0,,1.0,0.0,Missed,0.0,0.0,0.0,LAC,https://cdn.nba.com/logos/nba/1610612746/primary/L/logo.svg,James Harden,https://cdn.nba.com/headshots/nba/latest/1040x760/201935.png
0022500593,52,1,PT00M33.80S,PT00M33.80S,1,Made Shot,Nembhard 27' 3PT Pullup Jump Shot (6 PTS),DAL,Dallas Mavericks,1610612742,1642948,R. Nembhard,42,27,Made,3.0,Pullup Jump shot,R. Nembhard,-97.0,252.0,27.0,34.0,4.0,0.0,4.0,1,0,3.0,0,1.0,,0.0,Missed,0.0,0.0,3.0,DAL,https://cdn.nba.com/logos/nba/1610612742/primary/L/logo.svg,Ryan Nembhard,https://cdn.nba.com/headshots/nba/latest/1040x760/1642948.png
0022500596,43,1,PT00M36.90S,PT00M31.20S,2,"Foul, Missed Shot",Kolek P.FOUL (P1.T2) (A.Nagy) | MISS Goodwin 24' 3PT Jump Shot,PHX,Phoenix Suns,1610612756,1630692,J. Goodwin,27,19,Missed,3.0,Jump Shot,J. Goodwin,-237.0,-5.0,24.0,31.0,6.0,6.0,6.0,1,0,0.0,0,0.0,,,,,0.0,0.0,PHX,https://cdn.nba.com/logos/nba/1610612756/primary/L/logo.svg,Jordan Goodwin,https://cdn.nba.com/headshots/nba/latest/1040x760/1630692.png
0022500596,140,3,PT00M37.00S,PT00M19.30S,2,"Rebound, Missed Shot",KNICKS Rebound | MISS Clarkson 26' 3PT Step Back Jump Shot,NYK,New York Knicks,1610612752,203903,J. Clarkson,77,77,Missed,3.0,Step Back Jump shot,J. Clarkson,-124.0,225.0,26.0,19.0,18.0,18.0,18.0,0,1,0.0,0,,0.0,,,,0.0,0.0,NYK,https://cdn.nba.com/logos/nba/1610612752/primary/L/logo.svg,Jordan Clarkson,https://cdn.nba.com/headshots/nba/latest/1040x760/203903.png
0022500597,102,2,PT00M38.50S,PT00M32.30S,2,"Rebound, Made Shot",Wiggins REBOUND (Off:0 Def:2) | Gilgeous-Alexander 3' Driving Layup (18 PTS),OKC,Oklahoma City Thunder,1610612760,1628983,S. Gilgeous-Alexander,60,62,Made,2.0,Driving Layup Shot,S. Gilgeous-Alexander,-25.0,11.0,3.0,32.0,6.0,6.0,6.0,1,0,2.0,0,1.0,,3.0,Made,6.0,3.0,5.0,OKC,https://cdn.nba.com/logos/nba/1610612760/primary/L/logo.svg,Shai Gilgeous-Alexander,https://cdn.nba.com/headshots/nba/latest/1040x760/1628983.png
0022500598,204,4,PT00M40.00S,PT00M17.30S,2,"Rebound, Made Shot",Wembanyama REBOUND (Off:3 Def:5) | Johnson 25' 3PT Jump Shot (20 PTS) (Champagnie 2 AST),SAS,San Antonio Spurs,1610612759,1629640,K. Johnson,123,119,Made,3.0,Jump Shot,K. Johnson,174.0,180.0,25.0,17.0,23.0,23.0,23.0,0,1,3.0,0,,1.0,2.0,,,2.0,5.0,SAS,https://cdn.nba.com/logos/nba/1610612759/primary/L/logo.svg,Keldon Johnson,https://cdn.nba.com/headshots/nba/latest/1040x760/1629640.png
0022500599,51,1,PT00M37.50S,PT00M32.90S,3,"Rebound, Foul, Made Shot",Hornets Rebound | Richard L.B.FOUL (P2.T4) (E.Dalen) | Ball 6' Driving Layup (4 PTS),CHA,Charlotte Hornets,1610612766,1630163,L. Ball,36,28,Made,2.0,Driving Layup Shot,L. Ball,6.0,55.0,6.0,33.0,5.0,5.0,5.0,1,0,2.0,0,1.0,,0.0,Missed,2.0,0.0,2.0,CHA,https://cdn.nba.com/logos/nba/1610612766/primary/L/logo.svg,LaMelo Ball,https://cdn.nba.com/headshots/nba/latest/1040x760/1630163.png
0022500601,161,3,PT00M39.00S,PT00M22.10S,4,"Rebound, Missed Shot, Rebound, Made Shot",TRAIL BLAZERS Rebound | MISS Grant 18' Pullup Jump Shot | Cissoko REBOUND (Off:2 Def:3) | Cissoko 25' 3PT Jump Shot (11 PTS) (Love 5 AST),POR,Portland Trail Blazers,1610612757,1631321,S. Cissoko,107,88,Missed,2.0,Pullup Jump shot,J. Grant,179.0,9.0,18.0,37.0,17.0,2.0,2.0,1,0,3.0,0,0.0,,,,,0.0,3.0,POR,https://cdn.nba.com/logos/nba/1610612757/primary/L/logo.svg,Jerami Grant,https://cdn.nba.com/headshots/nba/latest/1040x760/203924.png
0022500607,47,1,PT00M33.60S,PT00M27.60S,2,"Rebound, Missed Shot",Mamukelashvili REBOUND (Off:0 Def:1) | MISS Dick 24' 3PT Jump Shot,TOR,Toronto Raptors,1610612761,1641711,G. Dick,21,30,Missed,3.0,Jump Shot,G. Dick,233.0,73.0,24.0,28.0,6.0,6.0,6.0,1,0,0.0,0,1.0,,0.0,Missed,0.0,0.0,0.0,TOR,https://cdn.nba.com/logos/nba/1610612761/primary/L/logo.svg,Gradey Dick,https://cdn.nba.com/headshots/nba/latest/1040x760/1641711.png
0022500608,202,4,PT00M36.90S,PT00M31.90S,2,"Timeout, Missed Shot",WIZARDS Timeout: Regular (Full 6 Short 0) | MISS George 20' Step Back Jump Shot,WAS,Washington Wizards,1610612764,1642273,K. George,106,108,Missed,2.0,Step Back Jump shot,K. George,110.0,168.0,20.0,32.0,5.0,5.0,5.0,1,0,0.0,0,1.0,,0.0,Missed,9.0,0.0,0.0,WAS,https://cdn.nba.com/logos/nba/1610612764/primary/L/logo.svg,Kyshawn George,https://cdn.nba.com/headshots/nba/latest/1040x760/1642273.png
0022500609,97,2,PT00M39.20S,PT00M38.30S,2,"Steal, Made Shot",Maxey STEAL (4 STL) | Maxey 1' Driving Finger Roll Layup (15 PTS),PHI,Philadelphia 76ers,1610612755,1630178,T. Maxey,50,55,Made,2.0,Driving Finger Roll Layup Shot,T. Maxey,-7.0,1.0,1.0,38.0,1.0,1.0,1.0,1,0,2.0,0,1.0,,0.0,Missed,2.0,0.0,2.0,PHI,https://cdn.nba.com/logos/nba/1610612755/primary/L/logo.svg,Tyrese Maxey,https://cdn.nba.com/headshots/nba/latest/1040x760/1630178.png
0022500612,59,1,PT00M36.50S,PT00M33.90S,2,"Steal, Made Shot",Butler III STEAL (2 STL) | Butler III 1' Running Dunk (13 PTS) (Moody 1 AST),GSW,Golden State Warriors,1610612744,202710,J. Butler III,33,32,Made,2.0,Running Dunk Shot,J. Butler III,5.0,10.0,1.0,34.0,2.0,2.0,2.0,1,0,2.0,0,1.0,,3.0,Made,23.0,3.0,5.0,GSW,https://cdn.nba.com/logos/nba/1610612744/primary/L/logo.svg,Jimmy Butler,https://cdn.nba.com/headshots/nba/latest/1040x760/202710.png
0022500615,160,3,PT00M40.10S,PT00M36.00S,2,"Rebound, Made Shot",Thompson REBOUND (Off:0 Def:5) | Sheppard 2' Running Reverse Layup (9 PTS) (Thompson 5 AST),HOU,Houston Rockets,1610612745,1642263,R. Sheppard,82,92,Made,2.0,Running Reverse Layup Shot,R. Sheppard,-22.0,-5.0,2.0,36.0,4.0,4.0,4.0,1,0,2.0,0,1.0,,0.0,Missed,2.0,0.0,2.0,HOU,https://cdn.nba.com/logos/nba/1610612745/primary/L/logo.svg,Reed Sheppard,https://cdn.nba.com/headshots/nba/latest/1040x760/1642263.png
0022500616,220,4,PT00M36.80S,PT00M33.40S,4,"Rebound, Timeout, Instant Replay, Made Shot",Timberwolves Rebound | Timberwolves Timeout: Regular (Reg.6 Short 0) | Instant Replay4th Period (11:25 PM EST) | Edwards 3PT Jump Shot (38 PTS) (Reid 4 AST),MIN,Minnesota Timberwolves,1610612750,1630162,A. Edwards,126,122,Made,3.0,Jump Shot,A. Edwards,-224.0,35.0,0.0,33.0,4.0,4.0,4.0,1,0,3.0,0,1.0,,0.0,Missed,18.0,0.0,3.0,MIN,https://cdn.nba.com/logos/nba/1610612750/primary/L/logo.svg,Anthony Edwards,https://cdn.nba.com/headshots/nba/latest/1040x760/1630162.png
0022500617,51,1,PT00M34.60S,PT00M24.50S,2,"Rebound, Missed Shot",Pickett REBOUND (Off:0 Def:2) | MISS Brown 10' Driving Floating Jump Shot,DEN,Denver Nuggets,1610612743,1628971,B. Brown,37,26,Missed,2.0,Driving Floating Jump Shot,B. Brown,-28.0,94.0,10.0,24.0,11.0,11.0,11.0,0,1,0.0,0,,0.0,,,,0.0,0.0,DEN,https://cdn.nba.com/logos/nba/1610612743/primary/L/logo.svg,Bruce Brown,https://cdn.nba.com/headshots/nba/latest/1040x760/1628971.png
0022500618,109,2,PT00M36.30S,PT00M25.00S,4,"Steal, Missed Shot, Rebound, Made Shot",Curry STEAL (1 STL) | MISS Curry 26' 3PT Running Pull-Up Jump Shot | Hield REBOUND (Off:1 Def:0) | Curry 28' 3PT Jump Shot (12 PTS) (Hield 2 AST),GSW,Golden State Warriors,1610612744,201939,S. Curry,50,70,Missed,3.0,Running Pull-Up Jump Shot,S. Curry,-48.0,256.0,26.0,30.0,11.0,6.0,6.0,1,0,3.0,0,0.0,,,,,0.0,3.0,GSW,https://cdn.nba.com/logos/nba/1610612744/primary/L/logo.svg,Stephen Curry,https://cdn.nba.com/headshots/nba/latest/1040x760/201939.png
0022500624,170,3,PT00M35.30S,PT00M28.60S,2,"Rebound, Missed Shot",Stewart REBOUND (Off:0 Def:3) | MISS Harris 26' 3PT Jump Shot,DET,Detroit Pistons,1610612765,202699,T. Harris,84,89,Missed,3.0,Jump Shot,T. Harris,174.0,199.0,26.0,29.0,6.0,6.0,6.0,1,0,0.0,0,0.0,,,,,0.0,0.0,DET,https://cdn.nba.com/logos/nba/1610612765/primary/L/logo.svg,Tobias Harris,https://cdn.nba.com/headshots/nba/latest/1040x760/202699.png
0022500628,49,1,PT00M34.80S,PT00M20.50S,2,"Rebound, Made Shot",Bona REBOUND (Off:0 Def:1) | Oubre Jr. 26' 3PT Jump Shot (11 PTS) (Bona 1 AST),PHI,Philadelphia 76ers,1610612755,1626162,K. Oubre Jr.,32,34,Made,3.0,Jump Shot,K. Oubre Jr.,-189.0,180.0,26.0,20.0,15.0,15.0,15.0,0,1,3.0,0,,0.0,,,,0.0,3.0,PHI,https://cdn.nba.com/logos/nba/1610612755/primary/L/logo.svg,Kelly Oubre Jr.,https://cdn.nba.com/headshots/nba/latest/1040x760/1626162.png
0022500628,159,3,PT00M40.10S,PT00M21.00S,2,"Rebound, Made Shot",Eason REBOUND (Off:2 Def:5) | Finney-Smith 27' 3PT Jump Shot (6 PTS) (Thompson 6 AST),HOU,Houston Rockets,1610612745,1627827,D. Finney-Smith,88,88,Made,3.0,Jump Shot,D. Finney-Smith,-104.0,254.0,27.0,21.0,19.0,19.0,19.0,0,1,3.0,0,,0.0,,,,0.0,3.0,HOU,https://cdn.nba.com/logos/nba/1610612745/primary/L/logo.svg,Dorian Finney-Smith,https://cdn.nba.com/headshots/nba/latest/1040x760/1627827.png
0022500628,208,4,PT00M34.00S,PT00M15.50S,4,"Missed Shot, Rebound, Foul, Missed Shot",MISS Sheppard 2' Driving Finger Roll Layup | Sengun REBOUND (Off:3 Def:4) | Maxey P.FOUL (P1.T2) (C.Washington) | MISS Durant 22' Pullup Jump Shot,HOU,Houston Rockets,1610612745,201142,K. Durant,115,115,Missed,2.0,Driving Finger Roll Layup Shot,R. Sheppard,22.0,8.0,2.0,34.0,18.0,0.0,18.0,0,1,0.0,0,,0.0,,,,0.0,0.0,HOU,https://cdn.nba.com/logos/nba/1610612745/primary/L/logo.svg,Reed Sheppard,https://cdn.nba.com/headshots/nba/latest/1040x760/1642263.png
0022500628,225,5,PT00M35.80S,PT00M23.30S,6,"Steal, Missed Shot, Rebound, Missed Shot, Rebound, Made Shot",Eason STEAL (4 STL) | MISS Durant 27' 3PT Running Jump Shot | Thompson REBOUND (Off:4 Def:2) | MISS Durant 28' 3PT Jump Shot | Eason REBOUND (Off:3 Def:6) | Durant 11' Driving Floating Jump Shot (36 PTS) (Eason 2 AST),HOU,Houston Rockets,1610612745,201142,K. Durant,124,122,Missed,3.0,Running Jump Shot,K. Durant,109.0,249.0,27.0,32.0,13.0,4.0,4.0,1,0,2.0,0,1.0,,0.0,,,0.0,2.0,HOU,https://cdn.nba.com/logos/nba/1610612745/primary/L/logo.svg,Kevin Durant,https://cdn.nba.com/headshots/nba/latest/1040x760/201142.png
0022500629,147,3,PT00M33.60S,PT00M18.90S,2,"Rebound, Missed Shot",Murray REBOUND (Off:0 Def:3) | MISS Hardaway Jr. 26' 3PT Jump Shot,DEN,Denver Nuggets,1610612743,203501,T. Hardaway Jr.,72,81,Missed,3.0,Jump Shot,T. Hardaway Jr.,-222.0,140.0,26.0,19.0,15.0,15.0,15.0,0,1,0.0,0,,1.0,0.0,,,0.0,0.0,DEN,https://cdn.nba.com/logos/nba/1610612743/primary/L/logo.svg,Tim Hardaway Jr.,https://cdn.nba.com/headshots/nba/latest/1040x760/203501.png
0022500630,227,4,PT00M35.90S,PT00M30.70S,2,"Steal, Made Shot",Podziemski STEAL (2 STL) | Moody 3PT Jump Shot (12 PTS) (Podziemski 10 AST),GSW,Golden State Warriors,1610612744,1630541,M. Moody,123,115,Made,3.0,Jump Shot,M. Moody,-232.0,4.0,0.0,31.0,5.0,5.0,5.0,1,0,3.0,0,1.0,,0.0,Missed,6.0,0.0,3.0,GSW,https://cdn.nba.com/logos/nba/1610612744/primary/L/logo.svg,Moses Moody,https://cdn.nba.com/headshots/nba/latest/1040x760/1630541.png
0022500631,215,4,PT00M34.70S,PT00M31.10S,2,"Timeout, Made Shot",Bulls Timeout: Regular (Reg.6 Short 0) | Jones 2' Driving Layup (12 PTS) (White 4 AST),CHI,Chicago Bulls,1610612741,1630200,T. Jones,115,116,Made,2.0,Driving Layup Shot,T. Jones,2.0,16.0,2.0,31.0,4.0,4.0,4.0,1,0,2.0,0,1.0,,2.0,,,2.0,4.0,CHI,https://cdn.nba.com/logos/nba/1610612741/primary/L/logo.svg,Tre Jones,https://cdn.nba.com/headshots/nba/latest/1040x760/1630200.png
0022500633,102,2,PT00M37.70S,PT00M35.70S,2,"Steal, Made Shot",Dunn STEAL (1 STL) | Dunn 2' Running Dunk (4 PTS),LAC,LA Clippers,1610612746,1627739,K. Dunn,64,45,Made,2.0,Running Dunk Shot,K. Dunn,-2.0,15.0,2.0,36.0,2.0,2.0,2.0,1,0,2.0,0,1.0,,0.0,Missed,2.0,0.0,2.0,LAC,https://cdn.nba.com/logos/nba/1610612746/primary/L/logo.svg,Kris Dunn,https://cdn.nba.com/headshots/nba/latest/1040x760/1627739.png
0022500636,102,2,PT00M33.70S,PT00M33.70S,1,Missed Shot,MISS Booker 25' 3PT Pullup Jump Shot,PHX,Phoenix Suns,1610612756,1626164,D. Booker,62,59,Missed,3.0,Pullup Jump shot,D. Booker,-82.0,234.0,25.0,34.0,6.0,0.0,6.0,1,0,0.0,0,0.0,,,,,0.0,0.0,PHX,https://cdn.nba.com/logos/nba/1610612756/primary/L/logo.svg,Devin Booker,https://cdn.nba.com/headshots/nba/latest/1040x760/1626164.png
0022500636,158,3,PT00M35.10S,PT00M31.80S,2,"Steal, Made Shot",Ighodaro STEAL (2 STL) | Booker 1' Running Dunk (31 PTS) (Goodwin 4 AST),PHX,Phoenix Suns,1610612756,1626164,D. Booker,84,91,Made,2.0,Running Dunk Shot,D. Booker,-10.0,8.0,1.0,32.0,3.0,3.0,3.0,1,0,2.0,0,1.0,,0.0,,,0.0,2.0,PHX,https://cdn.nba.com/logos/nba/1610612756/primary/L/logo.svg,Devin Booker,https://cdn.nba.com/headshots/nba/latest/1040x760/1626164.png
0022500636,202,4,PT00M36.60S,PT00M34.60S,3,"Rebound, Timeout, Missed Shot",Ighodaro REBOUND (Off:4 Def:3) | Suns Timeout: Regular (Reg.6 Short 0) | MISS Allen 26' 3PT Jump Shot,PHX,Phoenix Suns,1610612756,1628960,G. Allen,108,103,Missed,3.0,Jump Shot,G. Allen,225.0,123.0,26.0,35.0,2.0,2.0,2.0,1,0,0.0,0,1.0,,0.0,,,0.0,0.0,PHX,https://cdn.nba.com/logos/nba/1610612756/primary/L/logo.svg,Grayson Allen,https://cdn.nba.com/headshots/nba/latest/1040x760/1628960.png
0022500637,47,1,PT00M35.70S,PT00M33.00S,2,"Rebound, Made Shot",Sharpe REBOUND (Off:0 Def:1) | Williams 1' Running Dunk (3 PTS) (Sharpe 1 AST),BKN,Brooklyn Nets,1610612751,1630533,Z. Williams,28,27,Made,2.0,Running Dunk Shot,Z. Williams,12.0,7.0,1.0,33.0,3.0,3.0,3.0,1,0,2.0,0,1.0,,0.0,,,0.0,2.0,BKN,https://cdn.nba.com/logos/nba/1610612751/primary/L/logo.svg,Ziaire Williams,https://cdn.nba.com/headshots/nba/latest/1040x760/1630533.png
0022500639,218,4,PT00M38.70S,PT00M21.00S,2,"Rebound, Made Shot",Queen REBOUND (Off:3 Def:6) | Murphy III 10' Driving Floating Bank Jump Shot (29 PTS),NOP,New Orleans Pelicans,1610612740,1630530,T. Murphy III,123,130,Made,2.0,Driving Floating Bank Jump Shot,T. Murphy III,-82.0,52.0,10.0,21.0,18.0,18.0,18.0,0,1,2.0,0,,1.0,1.0,,,1.0,3.0,NOP,https://cdn.nba.com/logos/nba/1610612740/primary/L/logo.svg,Trey Murphy III,https://cdn.nba.com/headshots/nba/latest/1040x760/1630530.png
0022500640,200,4,PT00M34.20S,PT00M29.30S,3,"Rebound, Timeout, Made Shot",BUCKS Rebound | BUCKS Timeout: Regular (Full 6 Short 0) | Rollins 26' 3PT Pullup Jump Shot (18 PTS) (Turner 2 AST),MIL,Milwaukee Bucks,1610612749,1631157,R. Rollins,97,99,Made,3.0,Pullup Jump shot,R. Rollins,28.0,257.0,26.0,29.0,5.0,5.0,5.0,1,0,3.0,0,1.0,,3.0,Made,5.0,3.0,6.0,MIL,https://cdn.nba.com/logos/nba/1610612749/primary/L/logo.svg,Ryan Rollins,https://cdn.nba.com/headshots/nba/latest/1040x760/1631157.png
0022500644,162,3,PT00M33.90S,PT00M18.20S,2,"Rebound, Made Shot",Hield REBOUND (Off:0 Def:1) | Santos 3PT Jump Shot (7 PTS) (Podziemski 5 AST),GSW,Golden State Warriors,1610612744,1630611,G. Santos,61,85,Made,3.0,Jump Shot,G. Santos,228.0,-1.0,0.0,18.0,16.0,16.0,16.0,0,1,3.0,0,,1.0,0.0,,,0.0,3.0,GSW,https://cdn.nba.com/logos/nba/1610612744/primary/L/logo.svg,Gui Santos,https://cdn.nba.com/headshots/nba/latest/1040x760/1630611.png
0022500647,200,4,PT00M38.30S,PT00M20.40S,4,"Rebound, Missed Shot, Rebound, Missed Shot",Smith REBOUND (Off:0 Def:8) | MISS White 3' Driving Layup | Smith REBOUND (Off:1 Def:8) | MISS Smith Tip Dunk Shot,CHI,Chicago Bulls,1610612741,1630188,J. Smith,111,109,Missed,2.0,Driving Layup Shot,C. White,15.0,23.0,3.0,22.0,18.0,16.0,16.0,0,1,0.0,0,,1.0,3.0,Made,1.0,3.0,3.0,CHI,https://cdn.nba.com/logos/nba/1610612741/primary/L/logo.svg,Coby White,https://cdn.nba.com/headshots/nba/latest/1040x760/1629632.png
0022500648,56,1,PT00M35.20S,PT00M30.80S,2,"Rebound, Made Shot",Robinson-Earl REBOUND (Off:0 Def:1) | Williams 5' Running Layup (6 PTS),DAL,Dallas Mavericks,1610612742,1630314,B. Williams,27,34,Made,2.0,Running Layup Shot,B. Williams,-43.0,28.0,5.0,31.0,4.0,4.0,4.0,1,0,2.0,0,1.0,,1.0,,,1.0,3.0,DAL,https://cdn.nba.com/logos/nba/1610612742/primary/L/logo.svg,Brandon Williams,https://cdn.nba.com/headshots/nba/latest/1040x760/1585.png
0022500651,55,1,PT00M34.00S,PT00M19.40S,2,"Rebound, Made Shot",Jokic REBOUND (Off:1 Def:3) | Hardaway Jr. 3PT Jump Shot (3 PTS) (Jokic 3 AST),DEN,Denver Nuggets,1610612743,203501,T. Hardaway Jr.,29,30,Made,3.0,Jump Shot,T. Hardaway Jr.,232.0,26.0,0.0,19.0,15.0,15.0,15.0,0,1,3.0,0,,0.0,,,,0.0,3.0,DEN,https://cdn.nba.com/logos/nba/1610612743/primary/L/logo.svg,Tim Hardaway Jr.,https://cdn.nba.com/headshots/nba/latest/1040x760/203501.png
0022500652,111,2,PT00M37.90S,PT00M33.00S,2,"Rebound, Missed Shot",Kuzma REBOUND (Off:0 Def:4) | MISS Kuzma 27' 3PT Running Pull-Up Jump Shot,MIL,Milwaukee Bucks,1610612749,1628398,K. Kuzma,65,51,Missed,3.0,Running Pull-Up Jump Shot,K. Kuzma,-82.0,255.0,27.0,33.0,5.0,5.0,5.0,1,0,0.0,0,1.0,,0.0,Missed,1.0,0.0,0.0,MIL,https://cdn.nba.com/logos/nba/1610612749/primary/L/logo.svg,Kyle Kuzma,https://cdn.nba.com/headshots/nba/latest/1040x760/1628398.png
0022500653,197,4,PT00M34.00S,PT00M28.60S,3,"Rebound, Timeout, Missed Shot",Dort REBOUND (Off:1 Def:7) | THUNDER Timeout: Regular (Full 6 Short 0) | MISS Holmgren 7' Pullup Jump Shot,OKC,Oklahoma City Thunder,1610612760,1631096,C. Holmgren,99,101,Missed,2.0,Pullup Jump shot,C. Holmgren,-65.0,31.0,7.0,29.0,5.0,5.0,5.0,1,0,0.0,0,1.0,,2.0,Made,0.0,2.0,2.0,OKC,https://cdn.nba.com/logos/nba/1610612760/primary/L/logo.svg,Chet Holmgren,https://cdn.nba.com/headshots/nba/latest/1040x760/1631096.png
0022500654,203,4,PT00M35.50S,PT00M28.60S,4,"Rebound, Missed Shot, Rebound, Made Shot",Castle REBOUND (Off:1 Def:3) | MISS Castle 26' 3PT Running Jump Shot | Champagnie REBOUND (Off:1 Def:3) | Champagnie 10' Putback Layup (13 PTS),SAS,San Antonio Spurs,1610612759,1630577,J. Champagnie,95,102,Missed,3.0,Running Jump Shot,S. Castle,161.0,210.0,26.0,33.0,7.0,3.0,3.0,1,0,2.0,0,1.0,,0.0,Missed,23.0,0.0,2.0,SAS,https://cdn.nba.com/logos/nba/1610612759/primary/L/logo.svg,Stephon Castle,https://cdn.nba.com/headshots/nba/latest/1040x760/1642264.png
0022500655,210,4,PT00M35.40S,PT00M28.80S,6,"Steal, Missed Shot, Rebound, Missed Shot, Rebound, Made Shot",Hayes-Davis STEAL (1 STL) | MISS Dunn 5' Running Dunk | Fleming REBOUND (Off:1 Def:1) | MISS Fleming Putback Layup | Dunn REBOUND (Off:4 Def:1) | Dunn Tip Layup Shot (4 PTS),PHX,Phoenix Suns,1610612756,1642346,R. Dunn,102,111,Missed,2.0,Running Dunk Shot,R. Dunn,-45.0,9.0,5.0,32.0,6.0,3.0,3.0,1,0,2.0,0,0.0,,,,,0.0,2.0,PHX,https://cdn.nba.com/logos/nba/1610612756/primary/L/logo.svg,Ryan Dunn,https://cdn.nba.com/headshots/nba/latest/1040x760/1642346.png
0022500656,53,1,PT00M35.20S,PT00M32.90S,2,"Steal, Made Shot",Miller STEAL (1 STL) | Miller 2' Running Layup (4 PTS),LAC,LA Clippers,1610612746,1641757,J. Miller,36,14,Made,2.0,Running Layup Shot,J. Miller,5.0,18.0,2.0,33.0,2.0,2.0,2.0,1,0,2.0,0,1.0,,2.0,Made,3.0,2.0,4.0,LAC,https://cdn.nba.com/logos/nba/1610612746/primary/L/logo.svg,Jordan Miller,https://cdn.nba.com/headshots/nba/latest/1040x760/1641757.png
0022500661,50,1,PT00M34.00S,PT00M22.90S,3,"Rebound, Foul, Made Shot",Lakers Rebound | Williams L.B.FOUL (P1.T3) (S.Foster) | Doncic 2' Driving Floating Jump Shot (14 PTS),LAL,Los Angeles Lakers,1610612747,1629029,L. Dončić,31,35,Made,2.0,Driving Floating Jump Shot,L. Dončić,6.0,23.0,2.0,23.0,11.0,11.0,11.0,0,1,2.0,0,,1.0,0.0,Missed,3.0,0.0,2.0,LAL,https://cdn.nba.com/logos/nba/1610612747/primary/L/logo.svg,Luka Dončić,https://cdn.nba.com/headshots/nba/latest/1040x760/1629029.png
0022500661,154,3,PT00M39.10S,PT00M33.50S,2,"Rebound, Missed Shot",Doncic REBOUND (Off:0 Def:6) | MISS Doncic 34' 3PT Running Pull-Up Jump Shot,LAL,Los Angeles Lakers,1610612747,1629029,L. Dončić,89,103,Missed,3.0,Running Pull-Up Jump Shot,L. Dončić,-72.0,331.0,34.0,34.0,5.0,5.0,5.0,1,0,0.0,0,1.0,,1.0,,,1.0,1.0,LAL,https://cdn.nba.com/logos/nba/1610612747/primary/L/logo.svg,Luka Dončić,https://cdn.nba.com/headshots/nba/latest/1040x760/1629029.png
0022500663,55,1,PT00M38.80S,PT00M24.20S,3,"Rebound, Foul, Missed Shot",Jackson-Davis REBOUND (Off:0 Def:1) | Hyland P.FOUL (P1.T1) (S.Wright) | MISS Podziemski 25' 3PT Step Back Jump Shot,GSW,Golden State Warriors,1610612744,1641764,B. Podziemski,21,20,Missed,3.0,Step Back Jump shot,B. Podziemski,33.0,248.0,25.0,24.0,15.0,15.0,15.0,0,1,0.0,0,,0.0,,,,0.0,0.0,GSW,https://cdn.nba.com/logos/nba/1610612744/primary/L/logo.svg,Brandin Podziemski,https://cdn.nba.com/headshots/nba/latest/1040x760/1641764.png
0022500663,108,2,PT00M36.80S,PT00M30.00S,2,"Rebound, Made Shot",Reid REBOUND (Off:1 Def:3) | Randle 5' Driving Floating Jump Shot (13 PTS),MIN,Minnesota Timberwolves,1610612750,203944,J. Randle,53,38,Made,2.0,Driving Floating Jump Shot,J. Randle,-13.0,53.0,5.0,30.0,7.0,7.0,7.0,1,0,2.0,0,0.0,,,,,0.0,2.0,MIN,https://cdn.nba.com/logos/nba/1610612750/primary/L/logo.svg,Julius Randle,https://cdn.nba.com/headshots/nba/latest/1040x760/203944.png
0022500664,112,2,PT00M34.70S,PT00M20.60S,3,"Missed Shot, Rebound, Missed Shot",MISS Avdija 30' 3PT Pullup Jump Shot | Grant REBOUND (Off:1 Def:0) | MISS Sharpe 13' Step Back Jump Shot,POR,Portland Trail Blazers,1610612757,1631101,S. Sharpe,60,53,Missed,3.0,Pullup Jump shot,D. Avdija,127.0,272.0,30.0,35.0,19.0,0.0,19.0,0,1,0.0,0,,0.0,,,,0.0,0.0,POR,https://cdn.nba.com/logos/nba/1610612757/primary/L/logo.svg,Deni Avdija,https://cdn.nba.com/headshots/nba/latest/1040x760/1630166.png
0022500665,153,3,PT00M40.40S,PT00M36.80S,2,"Steal, Made Shot",Clifford STEAL (3 STL) | Clifford 1' Running Reverse Layup (7 PTS),SAC,Sacramento Kings,1610612758,1642363,N. Clifford,72,72,Made,2.0,Running Reverse Layup Shot,N. Clifford,-7.0,7.0,1.0,37.0,3.0,3.0,3.0,1,0,2.0,0,1.0,,0.0,Missed,1.0,0.0,2.0,SAC,https://cdn.nba.com/logos/nba/1610612758/primary/L/logo.svg,Nique Clifford,https://cdn.nba.com/headshots/nba/latest/1040x760/1642363.png
0022500666,105,2,PT00M33.60S,PT00M16.30S,2,"Rebound, Missed Shot",Maxey REBOUND (Off:0 Def:2) | MISS McCain 3PT Jump Shot,PHI,Philadelphia 76ers,1610612755,1642272,J. McCain,71,62,Missed,3.0,Jump Shot,J. McCain,228.0,19.0,0.0,16.0,18.0,18.0,18.0,0,1,0.0,0,,0.0,,,,0.0,0.0,PHI,https://cdn.nba.com/logos/nba/1610612755/primary/L/logo.svg,Jared McCain,https://cdn.nba.com/headshots/nba/latest/1040x760/1642272.png
0022500667,106,2,PT00M33.90S,PT00M28.70S,2,"Steal, Missed Shot",Queen STEAL (2 STL) | MISS Queen 3' Running Layup,NOP,New Orleans Pelicans,1610612740,1642852,D. Queen,45,46,Missed,2.0,Running Layup Shot,D. Queen,-21.0,15.0,3.0,29.0,5.0,5.0,5.0,1,0,0.0,0,1.0,,0.0,Missed,1.0,0.0,0.0,NOP,https://cdn.nba.com/logos/nba/1610612740/primary/L/logo.svg,Derik Queen,https://cdn.nba.com/headshots/nba/latest/1040x760/1642852.png
0022500667,203,4,PT00M34.50S,PT00M30.90S,2,"Timeout, Made Shot",Pelicans Timeout: Regular (Reg.6 Short 0) | Bey 2' Driving Finger Roll Layup (16 PTS) (Jones 5 AST),NOP,New Orleans Pelicans,1610612740,1630180,S. Bey,102,95,Made,2.0,Driving Finger Roll Layup Shot,S. Bey,21.0,4.0,2.0,31.0,3.0,3.0,3.0,1,0,2.0,0,0.0,,,,,0.0,2.0,NOP,https://cdn.nba.com/logos/nba/1610612740/primary/L/logo.svg,Saddiq Bey,https://cdn.nba.com/headshots/nba/latest/1040x760/1630180.png
0022500669,48,1,PT00M35.50S,PT00M28.30S,4,"Rebound, Missed Shot, Rebound, Made Shot",Wolf REBOUND (Off:0 Def:2) | MISS Williams 26' 3PT Running Pull-Up Jump Shot | Sharpe REBOUND (Off:1 Def:1) | Sharpe 2' Putback Layup (6 PTS),BKN,Brooklyn Nets,1610612751,1630549,D. Sharpe,28,29,Missed,3.0,Running Pull-Up Jump Shot,Z. Williams,181.0,184.0,26.0,33.0,8.0,3.0,3.0,1,0,2.0,0,0.0,,,,,0.0,2.0,BKN,https://cdn.nba.com/logos/nba/1610612751/primary/L/logo.svg,Ziaire Williams,https://cdn.nba.com/headshots/nba/latest/1040x760/1630533.png
0022500672,198,4,PT00M38.90S,PT00M33.50S,2,"Timeout, Made Shot",Bulls Timeout: Regular (Reg.6 Short 0) | Vucevic 26' 3PT Jump Bank Shot (25 PTS) (White 4 AST),CHI,Chicago Bulls,1610612741,202696,N. Vučević,109,110,Made,3.0,Jump Bank Shot,N. Vučević,-83.0,247.0,26.0,34.0,5.0,5.0,5.0,1,0,3.0,0,1.0,,0.0,Missed,3.0,0.0,3.0,CHI,https://cdn.nba.com/logos/nba/1610612741/primary/L/logo.svg,Nikola Vučević,https://cdn.nba.com/headshots/nba/latest/1040x760/202696.png
0022500674,108,2,PT00M33.60S,PT00M33.60S,1,Missed Shot,MISS Banchero 26' 3PT Pullup Jump Shot,ORL,Orlando Magic,1610612753,1631094,P. Banchero,66,58,Missed,3.0,Pullup Jump shot,P. Banchero,-120.0,235.0,26.0,34.0,5.0,0.0,5.0,1,0,0.0,0,1.0,,1.0,,,1.0,1.0,ORL,https://cdn.nba.com/logos/nba/1610612753/primary/L/logo.svg,Paolo Banchero,https://cdn.nba.com/headshots/nba/latest/1040x760/1631094.png
0022500674,162,3,PT00M40.30S,PT00M36.50S,2,"Steal, Made Shot",da Silva STEAL (3 STL) | Banchero 2' Running Layup (22 PTS) (Jones 6 AST),ORL,Orlando Magic,1610612753,1631094,P. Banchero,85,99,Made,2.0,Running Layup Shot,P. Banchero,16.0,3.0,2.0,36.0,4.0,4.0,4.0,1,0,2.0,0,1.0,,0.0,Missed,0.0,0.0,2.0,ORL,https://cdn.nba.com/logos/nba/1610612753/primary/L/logo.svg,Paolo Banchero,https://cdn.nba.com/headshots/nba/latest/1040x760/1631094.png
0022500674,218,4,PT00M36.80S,PT00M13.40S,2,"Rebound, Made Shot",Powell REBOUND (Off:0 Def:2) | Powell 2' Driving Finger Roll Layup (22 PTS) (Wiggins 3 AST),MIA,Miami Heat,1610612748,1626181,N. Powell,124,131,Made,2.0,Driving Finger Roll Layup Shot,N. Powell,-1.0,20.0,2.0,13.0,24.0,24.0,24.0,0,1,2.0,0,,1.0,0.0,Missed,3.0,0.0,2.0,MIA,https://cdn.nba.com/logos/nba/1610612748/primary/L/logo.svg,Norman Powell,https://cdn.nba.com/headshots/nba/latest/1040x760/1626181.png
0022500677,114,2,PT00M39.40S,PT00M36.80S,2,"Steal, Made Shot",Edwards STEAL (2 STL) | DiVincenzo 2' Running Layup (2 PTS) (Edwards 3 AST),MIN,Minnesota Timberwolves,1610612750,1628978,D. DiVincenzo,48,56,Made,2.0,Running Layup Shot,D. DiVincenzo,9.0,12.0,2.0,37.0,2.0,2.0,2.0,1,0,2.0,0,1.0,,2.0,,,2.0,4.0,MIN,https://cdn.nba.com/logos/nba/1610612750/primary/L/logo.svg,Donte DiVincenzo,https://cdn.nba.com/headshots/nba/latest/1040x760/1628978.png
0022500679,100,2,PT00M33.50S,PT00M27.60S,2,"Rebound, Made Shot",Harper REBOUND (Off:1 Def:1) | Fox 8' Running Pull-Up Jump Shot (8 PTS) (Harper 2 AST),SAS,San Antonio Spurs,1610612759,1628368,D. Fox,62,54,Made,2.0,Running Pull-Up Jump Shot,D. Fox,7.0,79.0,8.0,28.0,6.0,6.0,6.0,1,0,2.0,0,1.0,,0.0,,,0.0,2.0,SAS,https://cdn.nba.com/logos/nba/1610612759/primary/L/logo.svg,De'Aaron Fox,https://cdn.nba.com/headshots/nba/latest/1040x760/1628368.png
0022500680,145,3,PT00M33.70S,PT00M30.40S,2,"Rebound, Made Shot",Clifford REBOUND (Off:2 Def:3) | LaVine 2' Running Layup (11 PTS) (Clifford 1 AST),SAC,Sacramento Kings,1610612758,203897,Z. LaVine,85,89,Made,2.0,Running Layup Shot,Z. LaVine,11.0,11.0,2.0,30.0,4.0,4.0,4.0,1,0,2.0,0,1.0,,3.0,Made,0.0,3.0,5.0,SAC,https://cdn.nba.com/logos/nba/1610612758/primary/L/logo.svg,Zach LaVine,https://cdn.nba.com/headshots/nba/latest/1040x760/203897.png
0022500683,48,1,PT00M35.70S,PT00M14.20S,2,"Rebound, Made Shot",James REBOUND (Off:0 Def:3) | Miller 16' Pullup Jump Shot (9 PTS),CHA,Charlotte Hornets,1610612766,1641706,B. Miller,18,32,Made,2.0,Pullup Jump shot,B. Miller,-29.0,161.0,16.0,14.0,22.0,22.0,22.0,0,1,2.0,0,,1.0,1.0,,,1.0,3.0,CHA,https://cdn.nba.com/logos/nba/1610612766/primary/L/logo.svg,Brandon Miller,https://cdn.nba.com/headshots/nba/latest/1040x760/1641706.png
0022500683,162,3,PT00M38.90S,PT00M21.00S,4,"Rebound, Missed Shot, Rebound, Made Shot",Martin REBOUND (Off:1 Def:7) | MISS Thompson 28' 3PT Running Jump Shot | Martin REBOUND (Off:2 Def:7) | Martin 3PT Jump Shot (6 PTS) (Williams 6 AST),DAL,Dallas Mavericks,1610612742,1628997,C. Martin,93,93,Missed,3.0,Running Jump Shot,K. Thompson,-136.0,246.0,28.0,34.0,18.0,5.0,5.0,1,0,3.0,0,0.0,,,,,0.0,3.0,DAL,https://cdn.nba.com/logos/nba/1610612742/primary/L/logo.svg,Klay Thompson,https://cdn.nba.com/headshots/nba/latest/1040x760/202691.png
0022500683,209,4,PT00M38.50S,PT00M33.50S,2,"Timeout, Made Shot",MAVERICKS Timeout: Regular (Full 5 Short 0) | Flagg 26' 3PT Pullup Jump Shot (49 PTS),DAL,Dallas Mavericks,1610612742,1642843,C. Flagg,121,121,Made,3.0,Pullup Jump shot,C. Flagg,126.0,226.0,26.0,34.0,4.0,4.0,4.0,1,0,3.0,0,1.0,,0.0,,,0.0,3.0,DAL,https://cdn.nba.com/logos/nba/1610612742/primary/L/logo.svg,Cooper Flagg,https://cdn.nba.com/headshots/nba/latest/1040x760/1642843.png
0022500685,146,3,PT00M34.20S,PT00M16.80S,2,"Rebound, Made Shot",Harris REBOUND (Off:0 Def:4) | Harris 3PT Jump Shot (13 PTS) (Holland II 1 AST),DET,Detroit Pistons,1610612765,202699,T. Harris,93,81,Made,3.0,Jump Shot,T. Harris,233.0,10.0,0.0,17.0,17.0,17.0,17.0,0,1,3.0,0,,0.0,,,,0.0,3.0,DET,https://cdn.nba.com/logos/nba/1610612765/primary/L/logo.svg,Tobias Harris,https://cdn.nba.com/headshots/nba/latest/1040x760/202699.png
0022500687,48,1,PT00M39.00S,PT00M37.30S,2,"Rebound, Made Shot",Raptors Rebound | Barnes 3' Turnaround Jump Shot (6 PTS) (Shead 3 AST),TOR,Toronto Raptors,1610612761,1630567,S. Barnes,27,28,Made,2.0,Turnaround Jump Shot,S. Barnes,-23.0,14.0,3.0,37.0,2.0,2.0,2.0,1,0,2.0,0,1.0,,0.0,Missed,2.0,0.0,2.0,TOR,https://cdn.nba.com/logos/nba/1610612761/primary/L/logo.svg,Scottie Barnes,https://cdn.nba.com/headshots/nba/latest/1040x760/1630567.png
0022500687,166,3,PT00M36.00S,PT00M24.30S,2,"Rebound, Made Shot",Murray-Boyles REBOUND (Off:2 Def:4) | Shead 10' Driving Floating Jump Shot (4 PTS),TOR,Toronto Raptors,1610612761,1642347,J. Shead,83,97,Made,2.0,Driving Floating Jump Shot,J. Shead,7.0,97.0,10.0,24.0,12.0,12.0,12.0,0,1,2.0,0,,1.0,2.0,Made,0.0,2.0,4.0,TOR,https://cdn.nba.com/logos/nba/1610612761/primary/L/logo.svg,Jamal Shead,https://cdn.nba.com/headshots/nba/latest/1040x760/1642347.png
0022500688,167,3,PT00M36.60S,PT00M32.80S,2,"Rebound, Made Shot",Watkins REBOUND (Off:2 Def:2) | George 26' 3PT Running Pull-Up Jump Shot (15 PTS),WAS,Washington Wizards,1610612764,1642273,K. George,82,108,Made,3.0,Running Pull-Up Jump Shot,K. George,-228.0,134.0,26.0,33.0,4.0,4.0,4.0,1,0,3.0,0,1.0,,2.0,Made,13.0,2.0,5.0,WAS,https://cdn.nba.com/logos/nba/1610612764/primary/L/logo.svg,Kyshawn George,https://cdn.nba.com/headshots/nba/latest/1040x760/1642273.png
0022500689,47,1,PT00M35.10S,PT00M28.90S,7,"Rebound, Foul, Missed Shot, Rebound, Foul, Free Throw, Free Throw",CELTICS Rebound | Clifford L.B.FOUL (P1.T2) (J.Goble) | MISS Gonzalez 26' 3PT Jump Shot | Walsh REBOUND (Off:1 Def:0) | Ellis S.FOUL (P1.PN) (M.Myers) | Walsh Free Throw 1 of 2 (4 PTS) | MISS Walsh Free Throw 2 of 2,BOS,Boston Celtics,1610612738,1641775,J. Walsh,38,25,Missed,3.0,Jump Shot,H. González,131.0,227.0,26.0,32.0,,3.0,3.0,1,0,1.0,1,1.0,,2.0,Made,0.0,2.0,3.0,BOS,https://cdn.nba.com/logos/nba/1610612738/primary/L/logo.svg,Hugo González,https://cdn.nba.com/headshots/nba/latest/1040x760/1642864.png
0022500689,145,3,PT00M34.20S,PT00M21.20S,2,"Rebound, Missed Shot",Gonzalez REBOUND (Off:1 Def:2) | MISS Walsh 26' 3PT Jump Shot,BOS,Boston Celtics,1610612738,1641775,J. Walsh,89,64,Missed,3.0,Jump Shot,J. Walsh,142.0,216.0,26.0,21.0,13.0,13.0,13.0,0,1,0.0,0,,0.0,,,,0.0,0.0,BOS,https://cdn.nba.com/logos/nba/1610612738/primary/L/logo.svg,Jordan Walsh,https://cdn.nba.com/headshots/nba/latest/1040x760/1641775.png
0022500691,210,4,PT00M38.70S,PT00M34.20S,2,"Rebound, Made Shot",Coward REBOUND (Off:1 Def:4) | Coward 2' Running Finger Roll Layup (13 PTS),MEM,Memphis Grizzlies,1610612763,1642907,C. Coward,112,106,Made,2.0,Running Finger Roll Layup Shot,C. Coward,-9.0,17.0,2.0,34.0,5.0,5.0,5.0,1,0,2.0,0,1.0,,0.0,Missed,22.0,0.0,2.0,MEM,https://cdn.nba.com/logos/nba/1610612763/primary/L/logo.svg,Cedric Coward,https://cdn.nba.com/headshots/nba/latest/1040x760/1642907.png
0022500692,186,3,PT00M34.50S,PT00M29.10S,2,"Steal, Missed Shot",Jovic STEAL (1 STL) | MISS Smith 3PT Running Jump Shot,MIA,Miami Heat,1610612748,1630696,D. Smith,84,91,Missed,3.0,Running Jump Shot,D. Smith,-233.0,-12.0,0.0,29.0,5.0,5.0,5.0,1,0,0.0,0,0.0,,,,,0.0,0.0,MIA,https://cdn.nba.com/logos/nba/1610612748/primary/L/logo.svg,Dru Smith,https://cdn.nba.com/headshots/nba/latest/1040x760/1630696.png
0022500692,244,4,PT00M39.10S,PT00M37.60S,2,"Timeout, Missed Shot",HEAT Timeout: Regular (Full 6 Short 0) | MISS Adebayo 26' 3PT Jump Shot,MIA,Miami Heat,1610612748,1628389,B. Adebayo,116,121,Missed,3.0,Jump Shot,B. Adebayo,22.0,255.0,26.0,38.0,1.0,1.0,1.0,1,0,0.0,0,1.0,,0.0,Missed,32.0,0.0,0.0,MIA,https://cdn.nba.com/logos/nba/1610612748/primary/L/logo.svg,Bam Adebayo,https://cdn.nba.com/headshots/nba/latest/1040x760/1628389.png
0022500692,245,4,PT00M34.60S,PT00M32.20S,4,"Rebound, Timeout, Instant Replay, Missed Shot",HEAT Rebound | HEAT Timeout: Regular (Full 7 Short 0) | Instant Replay4th Period (10:35 PM EST) | MISS Larsson 3PT Jump Shot,MIA,Miami Heat,1610612748,1641796,P. Larsson,116,121,Missed,3.0,Jump Shot,P. Larsson,229.0,52.0,0.0,32.0,3.0,3.0,3.0,1,0,0.0,0,1.0,,0.0,Missed,25.0,0.0,0.0,MIA,https://cdn.nba.com/logos/nba/1610612748/primary/L/logo.svg,Pelle Larsson,https://cdn.nba.com/headshots/nba/latest/1040x760/1641796.png
0022500698,52,1,PT00M38.40S,PT00M35.40S,2,"Rebound, Missed Shot",Kispert REBOUND (Off:0 Def:2) | MISS McCollum 28' 3PT Running Pull-Up Jump Shot,ATL,Atlanta Hawks,1610612737,203468,C. McCollum,33,39,Missed,3.0,Running Pull-Up Jump Shot,C. McCollum,-172.0,224.0,28.0,35.0,3.0,3.0,3.0,1,0,0.0,0,1.0,,0.0,Missed,0.0,0.0,0.0,ATL,https://cdn.nba.com/logos/nba/1610612737/primary/L/logo.svg,CJ McCollum,https://cdn.nba.com/headshots/nba/latest/1040x760/203468.png
0022500698,53,1,PT00M35.40S,PT00M12.70S,2,"Rebound, Made Shot",Mathurin REBOUND (Off:1 Def:1) | McConnell 7' Fadeaway Jumper (2 PTS),IND,Indiana Pacers,1610612754,204456,T. McConnell,35,39,Made,2.0,Fadeaway Jump Shot,T. McConnell,-42.0,59.0,7.0,13.0,22.0,22.0,22.0,0,1,2.0,0,,0.0,,,,0.0,2.0,IND,https://cdn.nba.com/logos/nba/1610612754/primary/L/logo.svg,T.J. McConnell,https://cdn.nba.com/headshots/nba/latest/1040x760/204456.png
0022500698,172,3,PT00M40.40S,PT00M22.30S,2,"Rebound, Made Shot",McCollum REBOUND (Off:0 Def:4) | McCollum 26' 3PT Pullup Jump Shot (14 PTS),ATL,Atlanta Hawks,1610612737,203468,C. McCollum,101,100,Made,3.0,Pullup Jump shot,C. McCollum,25.0,263.0,26.0,22.0,18.0,18.0,18.0,0,1,3.0,0,,0.0,,,,0.0,3.0,ATL,https://cdn.nba.com/logos/nba/1610612737/primary/L/logo.svg,CJ McCollum,https://cdn.nba.com/headshots/nba/latest/1040x760/203468.png
0022500701,51,1,PT00M37.00S,PT00M37.00S,1,Made Shot,Williams 5' Driving Finger Roll Layup (12 PTS),DAL,Dallas Mavericks,1610612742,1630314,B. Williams,28,27,Made,2.0,Driving Finger Roll Layup Shot,B. Williams,-43.0,26.0,5.0,37.0,3.0,0.0,3.0,1,0,2.0,0,1.0,,1.0,,,1.0,3.0,DAL,https://cdn.nba.com/logos/nba/1610612742/primary/L/logo.svg,Brandon Williams,https://cdn.nba.com/headshots/nba/latest/1040x760/1585.png
0022500701,102,2,PT00M33.80S,PT00M33.80S,1,Made Shot,Smith Jr. 3' Alley Oop Dunk (13 PTS) (Thompson 6 AST),HOU,Houston Rockets,1610612745,1631095,J. Smith Jr.,56,51,Made,2.0,Alley Oop Dunk Shot,J. Smith Jr.,25.0,22.0,3.0,34.0,4.0,0.0,4.0,1,0,2.0,0,1.0,,3.0,Made,6.0,3.0,5.0,HOU,https://cdn.nba.com/logos/nba/1610612745/primary/L/logo.svg,Jabari Smith Jr.,https://cdn.nba.com/headshots/nba/latest/1040x760/1631095.png
0022500702,84,2,PT00M36.70S,PT00M30.00S,2,"Rebound, Made Shot",Brown REBOUND (Off:1 Def:7) | White 14' Pullup Jump Shot (10 PTS),BOS,Boston Celtics,1610612738,1628401,D. White,54,42,Made,2.0,Pullup Jump shot,D. White,-97.0,107.0,14.0,30.0,7.0,7.0,7.0,1,0,2.0,0,1.0,,2.0,Made,1.0,2.0,4.0,BOS,https://cdn.nba.com/logos/nba/1610612738/primary/L/logo.svg,Derrick White,https://cdn.nba.com/headshots/nba/latest/1040x760/1628401.png
0022500702,136,3,PT00M39.20S,PT00M34.60S,2,"Rebound, Missed Shot",Portis REBOUND (Off:2 Def:7) | MISS White 3PT Jump Shot,BOS,Boston Celtics,1610612738,1628401,D. White,77,61,Missed,3.0,Jump Shot,D. White,-230.0,11.0,0.0,35.0,4.0,4.0,4.0,1,0,0.0,0,1.0,,1.0,Missed,1.0,1.0,1.0,BOS,https://cdn.nba.com/logos/nba/1610612738/primary/L/logo.svg,Derrick White,https://cdn.nba.com/headshots/nba/latest/1040x760/1628401.png
0022500705,166,3,PT00M37.80S,PT00M30.90S,2,"Rebound, Missed Shot",Bulls Rebound | MISS Vucevic 28' 3PT Jump Shot,CHI,Chicago Bulls,1610612741,202696,N. Vučević,98,62,Missed,3.0,Jump Shot,N. Vučević,-26.0,281.0,28.0,31.0,7.0,7.0,7.0,1,0,0.0,0,0.0,,,,,0.0,0.0,CHI,https://cdn.nba.com/logos/nba/1610612741/primary/L/logo.svg,Nikola Vučević,https://cdn.nba.com/headshots/nba/latest/1040x760/202696.png
0022500706,171,3,PT00M36.90S,PT00M07.70S,8,"Rebound, Missed Shot, Rebound, Missed Shot, Rebound, Missed Shot, Rebound, Made Shot",Williams REBOUND (Off:0 Def:1) | MISS Mykhailiuk 24' 3PT Jump Shot | Williams REBOUND (Off:1 Def:1) | MISS Markkanen 27' 3PT Jump Shot | Nurkic REBOUND (Off:2 Def:8) | MISS Nurkic Tip Layup Shot | Nurkic REBOUND (Off:3 Def:8) | Nurkic Putback Layup (10 PTS),UTA,Utah Jazz,1610612762,203994,J. Nurkić,86,84,Missed,3.0,Jump Shot,S. Mykhailiuk,-233.0,52.0,24.0,28.0,29.0,9.0,9.0,0,1,2.0,0,,1.0,0.0,Missed,3.0,0.0,2.0,UTA,https://cdn.nba.com/logos/nba/1610612762/primary/L/logo.svg,Svi Mykhailiuk,https://cdn.nba.com/headshots/nba/latest/1040x760/1629004.png
0022500707,98,2,PT00M34.80S,PT00M14.50S,2,"Rebound, Missed Shot",Bagley III REBOUND (Off:2 Def:2) | MISS Coulibaly 8' Driving Floating Jump Shot,WAS,Washington Wizards,1610612764,1641731,B. Coulibaly,53,45,Missed,2.0,Driving Floating Jump Shot,B. Coulibaly,4.0,79.0,8.0,14.0,21.0,21.0,21.0,0,1,0.0,0,,0.0,,,,0.0,0.0,WAS,https://cdn.nba.com/logos/nba/1610612764/primary/L/logo.svg,Bilal Coulibaly,https://cdn.nba.com/headshots/nba/latest/1040x760/1641731.png
0022500707,201,4,PT00M37.20S,PT00M30.40S,2,"Timeout, Made Shot",Kings Timeout: Regular (Reg.7 Short 0) | LaVine 1' Driving Dunk (35 PTS) (DeRozan 5 AST),SAC,Sacramento Kings,1610612758,203897,Z. LaVine,115,112,Made,2.0,Driving Dunk Shot,Z. LaVine,6.0,10.0,1.0,30.0,7.0,7.0,7.0,1,0,2.0,0,1.0,,0.0,Missed,7.0,0.0,2.0,SAC,https://cdn.nba.com/logos/nba/1610612758/primary/L/logo.svg,Zach LaVine,https://cdn.nba.com/headshots/nba/latest/1040x760/203897.png
0022500710,107,2,PT00M35.40S,PT00M24.10S,3,"Missed Shot, Rebound, Missed Shot",MISS Sharpe 26' 3PT Step Back Jump Shot | Wesley REBOUND (Off:2 Def:0) | MISS Love 27' 3PT Step Back Jump Shot,POR,Portland Trail Blazers,1610612757,1631126,C. Love,48,55,Missed,3.0,Step Back Jump shot,S. Sharpe,67.0,247.0,26.0,35.0,29.0,0.0,29.0,0,1,0.0,0,,1.0,0.0,Missed,1.0,0.0,0.0,POR,https://cdn.nba.com/logos/nba/1610612757/primary/L/logo.svg,Shaedon Sharpe,https://cdn.nba.com/headshots/nba/latest/1040x760/1631101.png
0022500710,165,3,PT00M34.90S,PT00M31.50S,2,"Steal, Made Shot",Porter Jr. STEAL (2 STL) | Mitchell 1' Running Layup (14 PTS) (Porter Jr. 8 AST),CLE,Cleveland Cavaliers,1610612739,1628378,D. Mitchell,76,96,Made,2.0,Running Layup Shot,D. Mitchell,-6.0,6.0,1.0,32.0,3.0,3.0,3.0,1,0,2.0,0,1.0,,2.0,Made,1.0,2.0,4.0,CLE,https://cdn.nba.com/logos/nba/1610612739/primary/L/logo.svg,Donovan Mitchell,https://cdn.nba.com/headshots/nba/latest/1040x760/1628378.png
0022500713,103,2,PT00M35.20S,PT00M26.60S,4,"Rebound, Missed Shot, Rebound, Made Shot",Sengun REBOUND (Off:2 Def:3) | MISS Sheppard 28' 3PT Running Jump Shot | Thompson REBOUND (Off:2 Def:4) | Thompson 6' Putback Dunk (6 PTS),HOU,Houston Rockets,1610612745,1641708,A. Thompson,56,61,Missed,3.0,Running Jump Shot,R. Sheppard,-42.0,281.0,28.0,30.0,8.0,5.0,5.0,1,0,2.0,0,1.0,,2.0,,,2.0,4.0,HOU,https://cdn.nba.com/logos/nba/1610612745/primary/L/logo.svg,Reed Sheppard,https://cdn.nba.com/headshots/nba/latest/1040x760/1642263.png
0022500714,47,1,PT00M40.00S,PT00M36.20S,2,"Steal, Made Shot",Williams Jr. STEAL (1 STL) | Jackson Jr. 26' 3PT Jump Shot (5 PTS) (Williams Jr. 2 AST),MEM,Memphis Grizzlies,1610612763,1628991,J. Jackson Jr.,36,29,Made,3.0,Jump Shot,J. Jackson Jr.,-98.0,243.0,26.0,36.0,4.0,4.0,4.0,1,0,3.0,0,1.0,,0.0,Missed,5.0,0.0,3.0,MEM,https://cdn.nba.com/logos/nba/1610612763/primary/L/logo.svg,Jaren Jackson Jr.,https://cdn.nba.com/headshots/nba/latest/1040x760/1628991.png
0022500716,106,2,PT00M35.70S,PT00M09.10S,4,"Rebound, Missed Shot, Rebound, Made Shot",PISTONS Rebound | MISS Harris 27' 3PT Pullup Jump Shot | Thompson REBOUND (Off:1 Def:3) | Cunningham 27' 3PT Pullup Jump Shot (17 PTS),DET,Detroit Pistons,1610612765,1630595,C. Cunningham,69,50,Missed,3.0,Pullup Jump shot,T. Harris,199.0,179.0,27.0,22.0,27.0,14.0,14.0,0,1,3.0,0,,0.0,,,,0.0,3.0,DET,https://cdn.nba.com/logos/nba/1610612765/primary/L/logo.svg,Tobias Harris,https://cdn.nba.com/headshots/nba/latest/1040x760/202699.png
0022500720,172,3,PT00M40.20S,PT00M12.70S,6,"Rebound, Missed Shot, Rebound, Missed Shot, Rebound, Made Shot",HEAT Rebound | MISS Smith 26' 3PT Pullup Jump Shot | Jakucionis REBOUND (Off:1 Def:1) | MISS Jaquez Jr. 26' 3PT Jump Shot | Jakucionis REBOUND (Off:2 Def:1) | Jaquez Jr. 10' Fadeaway Jumper (11 PTS),MIA,Miami Heat,1610612748,1631170,J. Jaquez Jr.,81,95,Missed,3.0,Pullup Jump shot,D. Smith,-190.0,179.0,26.0,32.0,27.0,8.0,8.0,0,1,2.0,0,,0.0,,,,0.0,2.0,MIA,https://cdn.nba.com/logos/nba/1610612748/primary/L/logo.svg,Dru Smith,https://cdn.nba.com/headshots/nba/latest/1040x760/1630696.png
0022500721,52,1,PT00M39.70S,PT00M35.40S,2,"Rebound, Missed Shot",Brown REBOUND (Off:1 Def:4) | MISS White 25' 3PT Running Pull-Up Jump Shot,BOS,Boston Celtics,1610612738,1628401,D. White,29,30,Missed,3.0,Running Pull-Up Jump Shot,D. White,-173.0,176.0,25.0,35.0,5.0,5.0,5.0,1,0,0.0,0,1.0,,2.0,Made,1.0,2.0,2.0,BOS,https://cdn.nba.com/logos/nba/1610612738/primary/L/logo.svg,Derrick White,https://cdn.nba.com/headshots/nba/latest/1040x760/1628401.png
0022500722,160,3,PT00M39.90S,PT00M33.20S,3,"Rebound, Foul, Made Shot",Sims REBOUND (Off:1 Def:5) | Buzelis P.FOUL (P2.T1) (B.Schwab) | Nance Cutting Layup Shot (10 PTS) (Anthony 3 AST),MIL,Milwaukee Bucks,1610612749,1631250,P. Nance,103,89,Made,2.0,Cutting Layup Shot,P. Nance,-1.0,3.0,0.0,33.0,7.0,7.0,7.0,1,0,2.0,0,1.0,,2.0,Made,3.0,2.0,4.0,MIL,https://cdn.nba.com/logos/nba/1610612749/primary/L/logo.svg,Pete Nance,https://cdn.nba.com/headshots/nba/latest/1040x760/1631250.png
0022500726,214,5,PT00M39.40S,PT00M16.00S,2,"Rebound, Missed Shot",Brunson REBOUND (Off:0 Def:5) | MISS Anunoby 25' 3PT Step Back Jump Shot,NYK,New York Knicks,1610612752,1628384,O. Anunoby,119,117,Missed,3.0,Step Back Jump shot,O. Anunoby,-169.0,190.0,25.0,16.0,23.0,23.0,23.0,0,1,0.0,0,,0.0,,,,0.0,0.0,NYK,https://cdn.nba.com/logos/nba/1610612752/primary/L/logo.svg,OG Anunoby,https://cdn.nba.com/headshots/nba/latest/1040x760/1628384.png
0022500732,48,1,PT00M40.10S,PT00M36.30S,4,"Steal, Missed Shot, Rebound, Made Shot",Tomlin STEAL (1 STL) | MISS Tomlin 3' Running Finger Roll Layup | Bryant REBOUND (Off:2 Def:2) | Bryant Tip Dunk Shot (4 PTS),CLE,Cleveland Cavaliers,1610612739,1628418,T. Bryant,16,36,Missed,2.0,Running Finger Roll Layup Shot,N. Tomlin,7.0,29.0,3.0,36.0,4.0,4.0,4.0,1,0,2.0,0,0.0,,,,,0.0,2.0,CLE,https://cdn.nba.com/logos/nba/1610612739/primary/L/logo.svg,Nae'Qwan Tomlin,https://cdn.nba.com/headshots/nba/latest/1040x760/1641772.png
0022500733,50,1,PT00M34.30S,PT00M29.90S,2,"Steal, Missed Shot",Sasser STEAL (1 STL) | MISS LeVert 3PT Running Jump Shot,DET,Detroit Pistons,1610612765,1627747,C. LeVert,21,32,Missed,3.0,Running Jump Shot,C. LeVert,228.0,49.0,0.0,30.0,4.0,4.0,4.0,1,0,0.0,0,1.0,,0.0,Missed,2.0,0.0,0.0,DET,https://cdn.nba.com/logos/nba/1610612765/primary/L/logo.svg,Caris LeVert,https://cdn.nba.com/headshots/nba/latest/1040x760/1627747.png
0022500733,219,4,PT00M39.20S,PT00M33.40S,2,"Rebound, Missed Shot",LeVert REBOUND (Off:1 Def:1) | MISS Cunningham 6' Running Layup,DET,Detroit Pistons,1610612765,1630595,C. Cunningham,117,126,Missed,2.0,Running Layup Shot,C. Cunningham,32.0,52.0,6.0,33.0,6.0,6.0,6.0,1,0,0.0,0,0.0,,,,,0.0,0.0,DET,https://cdn.nba.com/logos/nba/1610612765/primary/L/logo.svg,Cade Cunningham,https://cdn.nba.com/headshots/nba/latest/1040x760/1630595.png
0022500735,205,4,PT00M34.80S,PT00M21.80S,4,"Missed Shot, Rebound, Instant Replay, Missed Shot",MISS Collier 5' Turnaround Jump Shot | Collier REBOUND (Off:1 Def:6) | Instant Replay4th Period (9:48 PM EST) | MISS Filipowski 19' Pullup Jump Shot,UTA,Utah Jazz,1610612762,1642271,K. Filipowski,117,116,Missed,2.0,Turnaround Jump Shot,I. Collier,-28.0,45.0,5.0,35.0,13.0,0.0,13.0,0,1,0.0,0,,1.0,3.0,Made,10.0,3.0,3.0,UTA,https://cdn.nba.com/logos/nba/1610612762/primary/L/logo.svg,Isaiah Collier,https://cdn.nba.com/headshots/nba/latest/1040x760/1642268.png
0022500736,49,1,PT00M37.90S,PT00M13.60S,4,"Rebound, Missed Shot, Rebound, Missed Shot",Barnes REBOUND (Off:0 Def:1) | MISS Battle 26' 3PT Jump Shot | Dick REBOUND (Off:1 Def:0) | MISS Mamukelashvili 29' 3PT Jump Shot,TOR,Toronto Raptors,1610612761,1630572,S. Mamukelashvili,33,22,Missed,3.0,Jump Shot,J. Battle,-64.0,255.0,26.0,18.0,24.0,20.0,20.0,0,1,0.0,0,,0.0,,,,0.0,0.0,TOR,https://cdn.nba.com/logos/nba/1610612761/primary/L/logo.svg,Jamison Battle,https://cdn.nba.com/headshots/nba/latest/1040x760/1642419.png
0022500737,204,4,PT00M35.30S,PT00M31.20S,2,"Steal, Made Shot",Crawford STEAL (2 STL) | Capela 1' Running Dunk (6 PTS) (Davison 3 AST),HOU,Houston Rockets,1610612745,203991,C. Capela,99,109,Made,2.0,Running Dunk Shot,C. Capela,-6.0,6.0,1.0,31.0,4.0,4.0,4.0,1,0,2.0,0,1.0,,0.0,Missed,5.0,0.0,2.0,HOU,https://cdn.nba.com/logos/nba/1610612745/primary/L/logo.svg,Clint Capela,https://cdn.nba.com/headshots/nba/latest/1040x760/203991.png
0022500738,112,2,PT00M34.40S,PT00M24.40S,2,"Rebound, Missed Shot",Vassell REBOUND (Off:2 Def:3) | MISS Fox 3PT Jump Shot,SAS,San Antonio Spurs,1610612759,1628368,D. Fox,63,74,Missed,3.0,Jump Shot,D. Fox,-233.0,4.0,0.0,24.0,10.0,10.0,10.0,0,1,0.0,0,,1.0,0.0,,,0.0,0.0,SAS,https://cdn.nba.com/logos/nba/1610612759/primary/L/logo.svg,De'Aaron Fox,https://cdn.nba.com/headshots/nba/latest/1040x760/1628368.png
0022500738,165,3,PT00M34.30S,PT00M28.40S,2,"Rebound, Missed Shot",Spurs Rebound | MISS Fox 16' Pullup Jump Shot,SAS,San Antonio Spurs,1610612759,1628368,D. Fox,94,99,Missed,2.0,Pullup Jump shot,D. Fox,-103.0,120.0,16.0,28.0,6.0,6.0,6.0,1,0,0.0,0,1.0,,0.0,Missed,1.0,0.0,0.0,SAS,https://cdn.nba.com/logos/nba/1610612759/primary/L/logo.svg,De'Aaron Fox,https://cdn.nba.com/headshots/nba/latest/1040x760/1628368.png
0022500739,140,3,PT00M39.80S,PT00M35.60S,2,"Steal, Missed Shot",Bouyea STEAL (1 STL) | MISS Goodwin 26' 3PT Running Jump Shot,PHX,Phoenix Suns,1610612756,1630692,J. Goodwin,80,74,Missed,3.0,Running Jump Shot,J. Goodwin,-156.0,206.0,26.0,36.0,4.0,4.0,4.0,1,0,0.0,0,1.0,,2.0,Made,1.0,2.0,2.0,PHX,https://cdn.nba.com/logos/nba/1610612756/primary/L/logo.svg,Jordan Goodwin,https://cdn.nba.com/headshots/nba/latest/1040x760/1630692.png
0022500740,211,4,PT00M36.40S,PT00M36.40S,1,Made Shot,Edgecombe 28' 3PT Jump Shot (19 PTS),PHI,Philadelphia 76ers,1610612755,1642845,V. Edgecombe,116,113,Made,3.0,Jump Shot,V. Edgecombe,163.0,227.0,28.0,36.0,3.0,0.0,3.0,1,0,3.0,0,1.0,,2.0,Made,27.0,2.0,5.0,PHI,https://cdn.nba.com/logos/nba/1610612755/primary/L/logo.svg,VJ Edgecombe,https://cdn.nba.com/headshots/nba/latest/1040x760/1642845.png
0022500740,214,4,PT00M34.50S,PT00M27.00S,2,"Timeout, Made Shot",76ers Timeout: Regular (Reg.6 Short 0) | Maxey 7' Driving Floating Jump Shot (26 PTS),PHI,Philadelphia 76ers,1610612755,1630178,T. Maxey,117,115,Made,2.0,Driving Floating Jump Shot,T. Maxey,40.0,56.0,7.0,27.0,7.0,7.0,7.0,1,0,2.0,0,1.0,,0.0,Missed,7.0,0.0,2.0,PHI,https://cdn.nba.com/logos/nba/1610612755/primary/L/logo.svg,Tyrese Maxey,https://cdn.nba.com/headshots/nba/latest/1040x760/1630178.png
0022500742,46,1,PT00M34.40S,PT00M28.70S,2,"Rebound, Made Shot",Holland II REBOUND (Off:0 Def:2) | Reed 2' Dunk (2 PTS) (LeVert 1 AST),DET,Detroit Pistons,1610612765,1630194,P. Reed,25,14,Made,2.0,Dunk Shot,P. Reed,6.0,15.0,2.0,29.0,5.0,5.0,5.0,1,0,2.0,0,1.0,,3.0,Made,1.0,3.0,5.0,DET,https://cdn.nba.com/logos/nba/1610612765/primary/L/logo.svg,Paul Reed,https://cdn.nba.com/headshots/nba/latest/1040x760/1630194.png
0022500743,143,3,PT00M34.60S,PT00M18.90S,2,"Rebound, Made Shot",Potter REBOUND (Off:1 Def:4) | McConnell 10' Pullup Jump Shot (6 PTS),IND,Indiana Pacers,1610612754,204456,T. McConnell,80,65,Made,2.0,Pullup Jump shot,T. McConnell,-40.0,89.0,10.0,19.0,16.0,16.0,16.0,0,1,2.0,0,,0.0,,,,0.0,2.0,IND,https://cdn.nba.com/logos/nba/1610612754/primary/L/logo.svg,T.J. McConnell,https://cdn.nba.com/headshots/nba/latest/1040x760/204456.png
0022500743,191,4,PT00M37.00S,PT00M24.00S,2,"Foul, Missed Shot",Siakam Personal Take Foul (P1.T3) (N.Buchert) | MISS Portis 3PT Jump Shot,MIL,Milwaukee Bucks,1610612749,1626171,B. Portis,103,97,Missed,3.0,Jump Shot,B. Portis,229.0,49.0,0.0,24.0,13.0,13.0,13.0,0,1,0.0,0,,1.0,2.0,Made,10.0,2.0,2.0,MIL,https://cdn.nba.com/logos/nba/1610612749/primary/L/logo.svg,Bobby Portis,https://cdn.nba.com/headshots/nba/latest/1040x760/1626171.png
0022500744,152,3,PT00M39.10S,PT00M32.10S,2,"Steal, Made Shot",Missi STEAL (1 STL) | Murphy III 31' 3PT Running Jump Shot (26 PTS) (McGowens 3 AST),NOP,New Orleans Pelicans,1610612740,1630530,T. Murphy III,91,87,Made,3.0,Running Jump Shot,T. Murphy III,158.0,268.0,31.0,32.0,7.0,7.0,7.0,1,0,3.0,0,1.0,,2.0,Made,5.0,2.0,5.0,NOP,https://cdn.nba.com/logos/nba/1610612740/primary/L/logo.svg,Trey Murphy III,https://cdn.nba.com/headshots/nba/latest/1040x760/1630530.png
0022500747,164,3,PT00M35.40S,PT00M28.70S,2,"Foul, Made Shot",Watkins P.FOUL (P2.T4) (A.Smith) | Wolf 22' Step Back Jump Shot (14 PTS) (Sharpe 4 AST),BKN,Brooklyn Nets,1610612751,1642874,D. Wolf,101,79,Made,2.0,Step Back Jump shot,D. Wolf,91.0,197.0,22.0,29.0,6.0,6.0,6.0,1,0,2.0,0,0.0,,,,,0.0,2.0,BKN,https://cdn.nba.com/logos/nba/1610612751/primary/L/logo.svg,Danny Wolf,https://cdn.nba.com/headshots/nba/latest/1040x760/1642874.png
0022500749,62,1,PT00M37.10S,PT00M37.10S,1,Missed Shot,MISS Bagley III 1' Tip Layup Shot,DAL,Dallas Mavericks,1610612742,1628963,M. Bagley III,39,32,Missed,2.0,Tip Layup Shot,M. Bagley III,-6.0,5.0,1.0,37.0,-37.0,0.0,-37.0,1,0,0.0,0,0.0,,,,,0.0,0.0,DAL,https://cdn.nba.com/logos/nba/1610612742/primary/L/logo.svg,Marvin Bagley III,https://cdn.nba.com/headshots/nba/latest/1040x760/1628963.png
0022500749,122,2,PT00M35.20S,PT00M11.40S,2,"Rebound, Missed Shot",Flagg REBOUND (Off:0 Def:3) | MISS Martin 21' Jump Shot,DAL,Dallas Mavericks,1610612742,1628997,C. Martin,79,65,Missed,2.0,Jump Shot,C. Martin,210.0,-11.0,21.0,11.0,24.0,24.0,24.0,0,1,0.0,0,,1.0,2.0,,,2.0,2.0,DAL,https://cdn.nba.com/logos/nba/1610612742/primary/L/logo.svg,Caleb Martin,https://cdn.nba.com/headshots/nba/latest/1040x760/1628997.png
0022500750,177,3,PT00M34.90S,PT00M20.70S,5,"Missed Shot, Rebound, Missed Shot, Rebound, Missed Shot",MISS Sensabaugh 17' Pullup Jump Shot | Konchar REBOUND (Off:2 Def:4) | MISS Jackson Jr. 24' 3PT Jump Shot | Love REBOUND (Off:2 Def:4) | MISS Sensabaugh 26' 3PT Jump Shot,UTA,Utah Jazz,1610612762,1641729,B. Sensabaugh,85,94,Missed,2.0,Pullup Jump shot,B. Sensabaugh,-54.0,160.0,17.0,35.0,14.0,0.0,14.0,0,1,0.0,0,,0.0,,,,0.0,0.0,UTA,https://cdn.nba.com/logos/nba/1610612762/primary/L/logo.svg,Brice Sensabaugh,https://cdn.nba.com/headshots/nba/latest/1040x760/1641729.png
0022500751,158,3,PT00M34.20S,PT00M28.90S,2,"Steal, Missed Shot",Daniels STEAL (2 STL) | MISS Kispert 3PT Running Jump Shot,ATL,Atlanta Hawks,1610612737,1630557,C. Kispert,90,95,Missed,3.0,Running Jump Shot,C. Kispert,-234.0,-9.0,0.0,29.0,5.0,5.0,5.0,1,0,0.0,0,1.0,,0.0,Missed,1.0,0.0,0.0,ATL,https://cdn.nba.com/logos/nba/1610612737/primary/L/logo.svg,Corey Kispert,https://cdn.nba.com/headshots/nba/latest/1040x760/1630557.png
0022500755,212,4,PT00M34.70S,PT00M30.30S,2,"Rebound, Missed Shot",Small REBOUND (Off:2 Def:4) | MISS Small 4' Running Layup,MEM,Memphis Grizzlies,1610612763,1642914,J. Small,120,113,Missed,2.0,Running Layup Shot,J. Small,-20.0,38.0,4.0,30.0,5.0,5.0,5.0,1,0,0.0,0,1.0,,2.0,,,2.0,2.0,MEM,https://cdn.nba.com/logos/nba/1610612763/primary/L/logo.svg,Javon Small,https://cdn.nba.com/headshots/nba/latest/1040x760/1642914.png
0022500757,50,1,PT00M35.90S,PT00M29.10S,3,"Rebound, Foul, Made Shot",CELTICS Rebound | Alvarado L.B.FOUL (P1.T4) (C.Blair) | Pritchard 11' Fadeaway Jumper (2 PTS) (White 1 AST),BOS,Boston Celtics,1610612738,1630202,P. Pritchard,24,33,Made,2.0,Fadeaway Jump Shot,P. Pritchard,-33.0,101.0,11.0,29.0,7.0,7.0,7.0,1,0,2.0,0,0.0,,,,,0.0,2.0,BOS,https://cdn.nba.com/logos/nba/1610612738/primary/L/logo.svg,Payton Pritchard,https://cdn.nba.com/headshots/nba/latest/1040x760/1630202.png
0022500759,106,2,PT00M35.30S,PT00M31.20S,2,"Steal, Made Shot",Barrett STEAL (1 STL) | Barrett 1' Running Finger Roll Layup (7 PTS),TOR,Toronto Raptors,1610612761,1629628,R. Barrett,46,45,Made,2.0,Running Finger Roll Layup Shot,R. Barrett,-7.0,3.0,1.0,31.0,4.0,4.0,4.0,1,0,2.0,0,1.0,,0.0,Missed,0.0,0.0,2.0,TOR,https://cdn.nba.com/logos/nba/1610612761/primary/L/logo.svg,RJ Barrett,https://cdn.nba.com/headshots/nba/latest/1040x760/1629628.png
0022500763,52,1,PT00M38.20S,PT00M30.70S,2,"Rebound, Made Shot",Markkanen REBOUND (Off:2 Def:3) | Jackson Jr. 3PT Jump Shot (8 PTS) (Filipowski 1 AST),UTA,Utah Jazz,1610612762,1628991,J. Jackson Jr.,30,26,Made,3.0,Jump Shot,J. Jackson Jr.,-228.0,-11.0,0.0,31.0,7.0,7.0,7.0,1,0,3.0,0,1.0,,0.0,Missed,1.0,0.0,3.0,UTA,https://cdn.nba.com/logos/nba/1610612762/primary/L/logo.svg,Jaren Jackson Jr.,https://cdn.nba.com/headshots/nba/latest/1040x760/1628991.png
0022500765,117,2,PT00M36.30S,PT00M29.90S,2,"Rebound, Missed Shot",Risacher REBOUND (Off:0 Def:4) | MISS Vincent 25' 3PT Running Jump Shot,ATL,Atlanta Hawks,1610612737,1629216,G. Vincent,79,54,Missed,3.0,Running Jump Shot,G. Vincent,178.0,176.0,25.0,30.0,6.0,6.0,6.0,1,0,0.0,0,1.0,,2.0,,,2.0,2.0,ATL,https://cdn.nba.com/logos/nba/1610612737/primary/L/logo.svg,Gabe Vincent,https://cdn.nba.com/headshots/nba/latest/1040x760/1629216.png
0022500767,208,4,PT00M38.10S,PT00M32.10S,3,"Rebound, Foul, Made Shot",Cavaliers Rebound | Johnson L.B.FOUL (P5.T3) (Z.Zarba) | Harden 25' 3PT Step Back Jump Shot (22 PTS),CLE,Cleveland Cavaliers,1610612739,201935,J. Harden,117,117,Made,3.0,Step Back Jump shot,J. Harden,-158.0,189.0,25.0,32.0,6.0,6.0,6.0,1,0,3.0,0,1.0,,2.0,,,2.0,5.0,CLE,https://cdn.nba.com/logos/nba/1610612739/primary/L/logo.svg,James Harden,https://cdn.nba.com/headshots/nba/latest/1040x760/201935.png
0022500770,105,2,PT00M34.80S,PT00M17.60S,4,"Rebound, Missed Shot, Rebound, Missed Shot",TRAIL BLAZERS Rebound | MISS Avdija 9' Fadeaway Jumper | Williams III REBOUND (Off:2 Def:3) | MISS Williams III Tip Layup Shot,POR,Portland Trail Blazers,1610612757,1629057,R. Williams III,62,63,Missed,2.0,Fadeaway Jump Shot,D. Avdija,-7.0,85.0,9.0,21.0,17.0,14.0,14.0,0,1,0.0,0,,1.0,2.0,,,2.0,2.0,POR,https://cdn.nba.com/logos/nba/1610612757/primary/L/logo.svg,Deni Avdija,https://cdn.nba.com/headshots/nba/latest/1040x760/1630166.png
0022500771,49,1,PT00M38.70S,PT00M33.90S,2,"Rebound, Missed Shot",Sheppard REBOUND (Off:0 Def:2) | MISS Sheppard 27' 3PT Running Jump Shot,IND,Indiana Pacers,1610612754,1641767,B. Sheppard,31,32,Missed,3.0,Running Jump Shot,B. Sheppard,145.0,228.0,27.0,34.0,5.0,5.0,5.0,1,0,0.0,0,0.0,,,,,0.0,0.0,IND,https://cdn.nba.com/logos/nba/1610612754/primary/L/logo.svg,Ben Sheppard,https://cdn.nba.com/headshots/nba/latest/1040x760/1641767.png
0022500777,147,3,PT00M36.20S,PT00M32.20S,2,"Steal, Made Shot",Portis STEAL (1 STL) | Thomas 25' 3PT Running Pull-Up Jump Shot (26 PTS),MIL,Milwaukee Bucks,1610612749,1630560,C. Thomas,80,88,Made,3.0,Running Pull-Up Jump Shot,C. Thomas,-141.0,208.0,25.0,32.0,4.0,4.0,4.0,1,0,3.0,0,1.0,,0.0,Missed,0.0,0.0,3.0,MIL,https://cdn.nba.com/logos/nba/1610612749/primary/L/logo.svg,Cam Thomas,https://cdn.nba.com/headshots/nba/latest/1040x760/1630560.png
0022500778,47,1,PT00M33.90S,PT00M33.90S,1,Made Shot,Pritchard 25' 3PT Step Back Jump Shot (8 PTS),BOS,Boston Celtics,1610612738,1630202,P. Pritchard,34,25,Made,3.0,Step Back Jump shot,P. Pritchard,-156.0,199.0,25.0,34.0,5.0,0.0,5.0,1,0,3.0,0,1.0,,2.0,Made,1.0,2.0,5.0,BOS,https://cdn.nba.com/logos/nba/1610612738/primary/L/logo.svg,Payton Pritchard,https://cdn.nba.com/headshots/nba/latest/1040x760/1630202.png
0022500779,206,4,PT00M40.20S,PT00M38.30S,2,"Steal, Made Shot",Sharpe STEAL (2 STL) | Sharpe 1' Running Layup (19 PTS),BKN,Brooklyn Nets,1610612751,1630549,D. Sharpe,110,110,Made,2.0,Running Layup Shot,D. Sharpe,0.0,8.0,1.0,38.0,2.0,2.0,2.0,1,0,2.0,0,1.0,,0.0,Missed,8.0,0.0,2.0,BKN,https://cdn.nba.com/logos/nba/1610612751/primary/L/logo.svg,Day'Ron Sharpe,https://cdn.nba.com/headshots/nba/latest/1040x760/1630549.png
0022500780,52,1,PT00M35.80S,PT00M33.10S,2,"Rebound, Missed Shot",76ERS Rebound | MISS Maxey 27' 3PT Jump Shot,PHI,Philadelphia 76ers,1610612755,1630178,T. Maxey,23,33,Missed,3.0,Jump Shot,T. Maxey,-58.0,261.0,27.0,33.0,3.0,3.0,3.0,1,0,0.0,0,1.0,,0.0,Missed,0.0,0.0,0.0,PHI,https://cdn.nba.com/logos/nba/1610612755/primary/L/logo.svg,Tyrese Maxey,https://cdn.nba.com/headshots/nba/latest/1040x760/1630178.png
0022500781,148,3,PT00M35.10S,PT00M33.30S,3,"Rebound, Timeout, Made Shot",Pistons Rebound | Pistons Timeout: Regular (Reg.3 Short 0) | Smith 1' Cutting Layup Shot (3 PTS) (Cunningham 9 AST),DET,Detroit Pistons,1610612765,1642449,T. Smith,71,94,Made,2.0,Cutting Layup Shot,T. Smith,11.0,8.0,1.0,33.0,2.0,2.0,2.0,1,0,2.0,0,1.0,,0.0,Missed,3.0,0.0,2.0,DET,https://cdn.nba.com/logos/nba/1610612765/primary/L/logo.svg,Tolu Smith,https://cdn.nba.com/headshots/nba/latest/1040x760/1642449.png
0022500782,140,3,PT00M40.00S,PT00M38.20S,2,"Rebound, Missed Shot",ROCKETS Rebound | MISS Sheppard 3PT Jump Shot,HOU,Houston Rockets,1610612745,1642263,R. Sheppard,76,68,Missed,3.0,Jump Shot,R. Sheppard,-232.0,5.0,0.0,38.0,2.0,2.0,2.0,1,0,0.0,0,1.0,,0.0,Missed,3.0,0.0,0.0,HOU,https://cdn.nba.com/logos/nba/1610612745/primary/L/logo.svg,Reed Sheppard,https://cdn.nba.com/headshots/nba/latest/1040x760/1642263.png
0022500783,157,3,PT00M36.40S,PT00M32.80S,2,"Rebound, Made Shot",Trail Blazers Rebound | Wesley 2' Driving Layup (4 PTS) (Holiday 3 AST),POR,Portland Trail Blazers,1610612757,1631104,B. Wesley,94,82,Made,2.0,Driving Layup Shot,B. Wesley,18.0,4.0,2.0,33.0,3.0,3.0,3.0,1,0,2.0,0,1.0,,0.0,,,0.0,2.0,POR,https://cdn.nba.com/logos/nba/1610612757/primary/L/logo.svg,Blake Wesley,https://cdn.nba.com/headshots/nba/latest/1040x760/1631104.png
0022500788,51,1,PT00M33.90S,PT00M33.90S,1,Made Shot,Podziemski 11' Driving Floating Jump Shot (7 PTS),GSW,Golden State Warriors,1610612744,1641764,B. Podziemski,38,29,Made,2.0,Driving Floating Jump Shot,B. Podziemski,44.0,100.0,11.0,34.0,6.0,0.0,6.0,1,0,2.0,0,1.0,,0.0,Missed,1.0,0.0,2.0,GSW,https://cdn.nba.com/logos/nba/1610612744/primary/L/logo.svg,Brandin Podziemski,https://cdn.nba.com/headshots/nba/latest/1040x760/1641764.png
0022500788,163,3,PT00M35.10S,PT00M31.50S,2,"Steal, Made Shot",Wembanyama STEAL (1 STL) | Johnson 3' Running Alley Oop Dunk Shot (12 PTS) (Barnes 3 AST),SAS,San Antonio Spurs,1610612759,1629640,K. Johnson,94,92,Made,2.0,Running Alley Oop Dunk Shot,K. Johnson,27.0,18.0,3.0,32.0,3.0,3.0,3.0,1,0,2.0,0,1.0,,2.0,Made,1.0,2.0,4.0,SAS,https://cdn.nba.com/logos/nba/1610612759/primary/L/logo.svg,Keldon Johnson,https://cdn.nba.com/headshots/nba/latest/1040x760/1629640.png
0022500789,102,2,PT00M34.90S,PT00M13.90S,2,"Steal, Missed Shot",Porter Jr. STEAL (1 STL) | MISS Porter Jr. 26' 3PT Step Back Jump Shot,MIL,Milwaukee Bucks,1610612749,1629645,K. Porter Jr.,53,67,Missed,3.0,Step Back Jump shot,K. Porter Jr.,104.0,237.0,26.0,14.0,21.0,21.0,21.0,0,1,0.0,0,,0.0,,,,0.0,0.0,MIL,https://cdn.nba.com/logos/nba/1610612749/primary/L/logo.svg,Kevin Porter Jr.,https://cdn.nba.com/headshots/nba/latest/1040x760/1629645.png
0022500790,50,1,PT00M35.40S,PT00M23.60S,4,"Rebound, Missed Shot, Rebound, Made Shot",Williams Jr. REBOUND (Off:1 Def:1) | MISS Hinson 25' 3PT Jump Shot | Konchar REBOUND (Off:1 Def:1) | Konchar Putback Layup (4 PTS),UTA,Utah Jazz,1610612762,1629723,J. Konchar,31,28,Missed,3.0,Jump Shot,B. Hinson,168.0,180.0,25.0,28.0,11.0,7.0,7.0,1,0,2.0,0,0.0,,,,,0.0,2.0,UTA,https://cdn.nba.com/logos/nba/1610612762/primary/L/logo.svg,Blake Hinson,
0022500791,105,2,PT00M35.00S,PT00M32.10S,2,"Rebound, Made Shot",Marshall REBOUND (Off:0 Def:2) | Thompson 27' 3PT Running Pull-Up Jump Shot (5 PTS) (Marshall 4 AST),DAL,Dallas Mavericks,1610612742,202691,K. Thompson,64,61,Made,3.0,Running Pull-Up Jump Shot,K. Thompson,-153.0,223.0,27.0,32.0,3.0,3.0,3.0,1,0,3.0,0,1.0,,2.0,Made,3.0,2.0,5.0,DAL,https://cdn.nba.com/logos/nba/1610612742/primary/L/logo.svg,Klay Thompson,https://cdn.nba.com/headshots/nba/latest/1040x760/202691.png
0022500794,114,2,PT00M33.60S,PT00M18.10S,3,"Missed Shot, Rebound, Missed Shot",MISS Alexander-Walker 24' 3PT Jump Shot | Okongwu REBOUND (Off:2 Def:2) | MISS Okongwu Tip Layup Shot,ATL,Atlanta Hawks,1610612737,1630168,O. Okongwu,53,60,Missed,3.0,Jump Shot,N. Alexander-Walker,-235.0,-20.0,24.0,34.0,26.0,0.0,26.0,0,1,0.0,0,,0.0,,,,0.0,0.0,ATL,https://cdn.nba.com/logos/nba/1610612737/primary/L/logo.svg,Nickeil Alexander-Walker,https://cdn.nba.com/headshots/nba/latest/1040x760/1629638.png
0022500794,165,3,PT00M33.50S,PT00M33.50S,1,Made Shot,Maxey 28' 3PT Pullup Jump Shot (25 PTS),PHI,Philadelphia 76ers,1610612755,1630178,T. Maxey,84,86,Made,3.0,Pullup Jump shot,T. Maxey,69.0,268.0,28.0,34.0,4.0,0.0,4.0,1,0,3.0,0,1.0,,0.0,Missed,0.0,0.0,3.0,PHI,https://cdn.nba.com/logos/nba/1610612755/primary/L/logo.svg,Tyrese Maxey,https://cdn.nba.com/headshots/nba/latest/1040x760/1630178.png
0022500796,158,3,PT00M39.20S,PT00M31.90S,2,"Rebound, Missed Shot",Brunson REBOUND (Off:0 Def:6) | MISS Bridges 4' Turnaround Hook Shot,NYK,New York Knicks,1610612752,1628969,M. Bridges,77,88,Missed,2.0,Turnaround Hook Shot,M. Bridges,-13.0,37.0,4.0,32.0,7.0,7.0,7.0,1,0,0.0,0,1.0,,2.0,,,2.0,2.0,NYK,https://cdn.nba.com/logos/nba/1610612752/primary/L/logo.svg,Mikal Bridges,https://cdn.nba.com/headshots/nba/latest/1040x760/1628969.png
0022500797,219,4,PT00M35.50S,PT00M29.10S,2,"Timeout, Missed Shot",BULLS Timeout: Regular (Full 5 Short 0) | MISS Simons 24' 3PT Jump Shot,CHI,Chicago Bulls,1610612741,1629014,A. Simons,101,108,Missed,3.0,Jump Shot,A. Simons,232.0,47.0,24.0,29.0,7.0,7.0,7.0,1,0,0.0,0,1.0,,0.0,,,0.0,0.0,CHI,https://cdn.nba.com/logos/nba/1610612741/primary/L/logo.svg,Anfernee Simons,https://cdn.nba.com/headshots/nba/latest/1040x760/1629014.png
0022500798,54,1,PT00M34.40S,PT00M22.80S,2,"Rebound, Made Shot",Suns Rebound | Ighodaro 6' Floating Jump Shot (2 PTS) (Gillespie 3 AST),PHX,Phoenix Suns,1610612756,1642345,O. Ighodaro,30,25,Made,2.0,Floating Jump shot,O. Ighodaro,6.0,62.0,6.0,23.0,11.0,11.0,11.0,0,1,2.0,0,,0.0,,,,0.0,2.0,PHX,https://cdn.nba.com/logos/nba/1610612756/primary/L/logo.svg,Oso Ighodaro,https://cdn.nba.com/headshots/nba/latest/1040x760/1642345.png
0022500801,106,2,PT00M34.00S,PT00M34.00S,1,Made Shot,Johnson 3PT Jump Shot (10 PTS) (Murray 4 AST),DEN,Denver Nuggets,1610612743,1629661,C. Johnson,43,52,Made,3.0,Jump Shot,C. Johnson,227.0,55.0,0.0,34.0,6.0,0.0,6.0,1,0,3.0,0,1.0,,0.0,Missed,0.0,0.0,3.0,DEN,https://cdn.nba.com/logos/nba/1610612743/primary/L/logo.svg,Cameron Johnson,https://cdn.nba.com/headshots/nba/latest/1040x760/1629661.png
0022500801,163,3,PT00M37.40S,PT00M29.90S,2,"Rebound, Missed Shot",Mathurin REBOUND (Off:1 Def:2) | MISS Dunn 4' Running Layup,LAC,LA Clippers,1610612746,1627739,K. Dunn,78,77,Missed,2.0,Running Layup Shot,K. Dunn,13.0,42.0,4.0,30.0,7.0,7.0,7.0,1,0,0.0,0,0.0,,,,,0.0,0.0,LAC,https://cdn.nba.com/logos/nba/1610612746/primary/L/logo.svg,Kris Dunn,https://cdn.nba.com/headshots/nba/latest/1040x760/1627739.png
0022500801,219,4,PT00M35.60S,PT00M29.80S,2,"Timeout, Missed Shot",Nuggets Timeout: Regular (Reg.6 Short 0) | MISS Jokic 4' Driving Layup,DEN,Denver Nuggets,1610612743,203999,N. Jokić,109,107,Missed,2.0,Driving Layup Shot,N. Jokić,-27.0,29.0,4.0,30.0,6.0,6.0,6.0,1,0,0.0,0,1.0,,2.0,Made,18.0,2.0,2.0,DEN,https://cdn.nba.com/logos/nba/1610612743/primary/L/logo.svg,Nikola Jokić,https://cdn.nba.com/headshots/nba/latest/1040x760/203999.png
0022500804,48,1,PT00M33.70S,PT00M33.70S,1,Made Shot,Williams Jr. 27' 3PT Pullup Jump Shot (3 PTS),UTA,Utah Jazz,1610612762,1631246,V. Williams Jr.,23,29,Made,3.0,Pullup Jump shot,V. Williams Jr.,129.0,235.0,27.0,34.0,6.0,0.0,6.0,1,0,3.0,0,1.0,,0.0,,,0.0,3.0,UTA,https://cdn.nba.com/logos/nba/1610612762/primary/L/logo.svg,Vince Williams Jr.,https://cdn.nba.com/headshots/nba/latest/1040x760/1631246.png
0022500804,109,2,PT00M34.20S,PT00M34.20S,1,Made Shot,Filipowski 2' Driving Layup (14 PTS) (Williams Jr. 3 AST),UTA,Utah Jazz,1610612762,1642271,K. Filipowski,53,67,Made,2.0,Driving Layup Shot,K. Filipowski,21.0,8.0,2.0,34.0,4.0,0.0,4.0,1,0,2.0,0,1.0,,0.0,Missed,8.0,0.0,2.0,UTA,https://cdn.nba.com/logos/nba/1610612762/primary/L/logo.svg,Kyle Filipowski,https://cdn.nba.com/headshots/nba/latest/1040x760/1642271.png
0022500804,167,3,PT00M40.50S,PT00M34.70S,2,"Rebound, Missed Shot",Spencer REBOUND (Off:0 Def:3) | MISS Small 8' Running Layup,MEM,Memphis Grizzlies,1610612763,1642914,J. Small,85,86,Missed,2.0,Running Layup Shot,J. Small,62.0,46.0,8.0,35.0,5.0,5.0,5.0,1,0,0.0,0,1.0,,2.0,Made,6.0,2.0,2.0,MEM,https://cdn.nba.com/logos/nba/1610612763/primary/L/logo.svg,Javon Small,https://cdn.nba.com/headshots/nba/latest/1040x760/1642914.png
0022500806,113,2,PT00M40.00S,PT00M31.30S,4,"Steal, Missed Shot, Rebound, Missed Shot",Gobert STEAL (1 STL) | MISS Reid 24' 3PT Running Jump Shot | Gobert REBOUND (Off:7 Def:4) | MISS Dosunmu 24' 3PT Jump Shot,MIN,Minnesota Timberwolves,1610612750,1630245,A. Dosunmu,69,53,Missed,3.0,Running Jump Shot,N. Reid,195.0,142.0,24.0,35.0,9.0,5.0,5.0,1,0,0.0,0,1.0,,0.0,Missed,0.0,0.0,0.0,MIN,https://cdn.nba.com/logos/nba/1610612750/primary/L/logo.svg,Naz Reid,https://cdn.nba.com/headshots/nba/latest/1040x760/1629675.png
0022500811,100,2,PT00M36.50S,PT00M19.60S,2,"Rebound, Missed Shot",Bane REBOUND (Off:0 Def:2) | MISS da Silva 17' Jump Shot,ORL,Orlando Magic,1610612753,1641783,T. da Silva,41,51,Missed,2.0,Jump Shot,T. da Silva,-50.0,158.0,17.0,20.0,16.0,16.0,16.0,0,1,0.0,0,,0.0,,,,0.0,0.0,ORL,https://cdn.nba.com/logos/nba/1610612753/primary/L/logo.svg,Tristan Da Silva,https://cdn.nba.com/headshots/nba/latest/1040x760/1641783.png
0022500811,215,5,PT00M39.50S,PT00M17.70S,4,"Rebound, Missed Shot, Rebound, Missed Shot",Black REBOUND (Off:0 Def:4) | MISS Banchero 12' Turnaround Jump Shot | da Silva REBOUND (Off:2 Def:5) | MISS Carter 27' 3PT Jump Shot,ORL,Orlando Magic,1610612753,1628975,J. Carter,103,103,Missed,2.0,Turnaround Jump Shot,P. Banchero,115.0,31.0,12.0,23.0,22.0,17.0,17.0,0,1,0.0,0,,0.0,,,,0.0,0.0,ORL,https://cdn.nba.com/logos/nba/1610612753/primary/L/logo.svg,Paolo Banchero,https://cdn.nba.com/headshots/nba/latest/1040x760/1631094.png
0022500813,52,1,PT00M37.30S,PT00M34.00S,2,"Rebound, Made Shot",Smith REBOUND (Off:1 Def:1) | Jaquez Jr. 2' Running Layup (4 PTS) (Herro 2 AST),MIA,Miami Heat,1610612748,1631170,J. Jaquez Jr.,37,33,Made,2.0,Running Layup Shot,J. Jaquez Jr.,15.0,3.0,2.0,34.0,3.0,3.0,3.0,1,0,2.0,0,1.0,,2.0,Made,2.0,2.0,4.0,MIA,https://cdn.nba.com/logos/nba/1610612748/primary/L/logo.svg,Jaime Jaquez Jr.,https://cdn.nba.com/headshots/nba/latest/1040x760/1631170.png
0022500815,112,2,PT00M36.10S,PT00M36.10S,1,Made Shot,Vassell 3PT Jump Shot (6 PTS) (Harper 2 AST),SAS,San Antonio Spurs,1610612759,1630170,D. Vassell,73,65,Made,3.0,Jump Shot,D. Vassell,223.0,4.0,0.0,36.0,4.0,0.0,4.0,1,0,3.0,0,1.0,,0.0,,,0.0,3.0,SAS,https://cdn.nba.com/logos/nba/1610612759/primary/L/logo.svg,Devin Vassell,https://cdn.nba.com/headshots/nba/latest/1040x760/1630170.png
0022500816,148,3,PT00M38.20S,PT00M34.10S,2,"Steal, Made Shot",Thompson STEAL (3 STL) | Sheppard 1' Running Layup (10 PTS),HOU,Houston Rockets,1610612745,1642263,R. Sheppard,75,89,Made,2.0,Running Layup Shot,R. Sheppard,9.0,9.0,1.0,34.0,4.0,4.0,4.0,1,0,2.0,0,1.0,,2.0,Made,2.0,2.0,4.0,HOU,https://cdn.nba.com/logos/nba/1610612745/primary/L/logo.svg,Reed Sheppard,https://cdn.nba.com/headshots/nba/latest/1040x760/1642263.png
0022500818,153,3,PT00M37.10S,PT00M25.40S,4,"Rebound, Missed Shot, Rebound, Turnover",HAWKS Rebound | MISS Alexander-Walker 25' 3PT Pullup Jump Shot | Risacher REBOUND (Off:1 Def:0) | Risacher Bad Pass Turnover (P2.T12),ATL,Atlanta Hawks,1610612737,1642258,Z. Risacher,89,85,Missed,3.0,Pullup Jump shot,N. Alexander-Walker,-75.0,243.0,25.0,31.0,,6.0,6.0,1,0,0.0,0,0.0,,,,,0.0,0.0,ATL,https://cdn.nba.com/logos/nba/1610612737/primary/L/logo.svg,Nickeil Alexander-Walker,https://cdn.nba.com/headshots/nba/latest/1040x760/1629638.png
0022500819,47,1,PT00M39.70S,PT00M38.00S,2,"Rebound, Missed Shot",Raptors Rebound | MISS Dick 5' Driving Layup,TOR,Toronto Raptors,1610612761,1641711,G. Dick,24,17,Missed,2.0,Driving Layup Shot,G. Dick,-31.0,38.0,5.0,38.0,2.0,2.0,2.0,1,0,0.0,0,1.0,,2.0,Made,28.0,2.0,2.0,TOR,https://cdn.nba.com/logos/nba/1610612761/primary/L/logo.svg,Gradey Dick,https://cdn.nba.com/headshots/nba/latest/1040x760/1641711.png
0022500820,221,4,PT00M38.50S,PT00M36.40S,2,"Violation, Missed Shot",Moody Violation:Kicked Ball (M.Davis) | MISS Murray 28' 3PT Pullup Jump Shot,DEN,Denver Nuggets,1610612743,1627750,J. Murray,126,117,Missed,3.0,Pullup Jump shot,J. Murray,54.0,272.0,28.0,36.0,2.0,2.0,2.0,1,0,0.0,0,1.0,,0.0,Missed,177.0,0.0,0.0,DEN,https://cdn.nba.com/logos/nba/1610612743/primary/L/logo.svg,Jamal Murray,https://cdn.nba.com/headshots/nba/latest/1040x760/1627750.png
0022500821,110,2,PT00M35.30S,PT00M35.30S,1,Missed Shot,MISS Nembhard 27' 3PT Pullup Jump Shot,IND,Indiana Pacers,1610612754,1629614,A. Nembhard,66,71,Missed,3.0,Pullup Jump shot,A. Nembhard,-183.0,193.0,27.0,35.0,5.0,0.0,5.0,1,0,0.0,0,1.0,,0.0,Missed,3.0,0.0,0.0,IND,https://cdn.nba.com/logos/nba/1610612754/primary/L/logo.svg,Andrew Nembhard,https://cdn.nba.com/headshots/nba/latest/1040x760/1629614.png
0022500824,51,1,PT00M40.30S,PT00M36.40S,2,"Rebound, Made Shot",Bona REBOUND (Off:1 Def:1) | Maxey 26' 3PT Running Pull-Up Jump Shot (8 PTS) (Bona 1 AST),PHI,Philadelphia 76ers,1610612755,1630178,T. Maxey,26,35,Made,3.0,Running Pull-Up Jump Shot,T. Maxey,75.0,245.0,26.0,36.0,4.0,4.0,4.0,1,0,3.0,0,1.0,,0.0,Missed,5.0,0.0,3.0,PHI,https://cdn.nba.com/logos/nba/1610612755/primary/L/logo.svg,Tyrese Maxey,https://cdn.nba.com/headshots/nba/latest/1040x760/1630178.png
0022500825,47,1,PT00M37.10S,PT00M30.20S,2,"Steal, Missed Shot",Hukporti STEAL (1 STL) | MISS Shamet 25' 3PT Jump Shot,NYK,New York Knicks,1610612752,1629013,L. Shamet,25,25,Missed,3.0,Jump Shot,L. Shamet,87.0,230.0,25.0,30.0,7.0,7.0,7.0,1,0,0.0,0,0.0,,,,,0.0,0.0,NYK,https://cdn.nba.com/logos/nba/1610612752/primary/L/logo.svg,Landry Shamet,https://cdn.nba.com/headshots/nba/latest/1040x760/1629013.png
0022500826,95,2,PT00M35.60S,PT00M21.40S,2,"Steal, Made Shot",Grant STEAL (1 STL) | Grant 27' 3PT Jump Shot (12 PTS) (Henderson 4 AST),POR,Portland Trail Blazers,1610612757,203924,J. Grant,40,47,Made,3.0,Jump Shot,J. Grant,16.0,268.0,27.0,21.0,15.0,15.0,15.0,0,1,3.0,0,,0.0,,,,0.0,3.0,POR,https://cdn.nba.com/logos/nba/1610612757/primary/L/logo.svg,Jerami Grant,https://cdn.nba.com/headshots/nba/latest/1040x760/203924.png
0022500828,113,2,PT00M37.70S,PT00M35.00S,2,"Steal, Made Shot",Fox STEAL (2 STL) | Johnson 3' Running Dunk (6 PTS) (Fox 5 AST),SAS,San Antonio Spurs,1610612759,1629640,K. Johnson,53,55,Made,2.0,Running Dunk Shot,K. Johnson,-28.0,20.0,3.0,35.0,3.0,3.0,3.0,1,0,2.0,0,1.0,,0.0,Missed,1.0,0.0,2.0,SAS,https://cdn.nba.com/logos/nba/1610612759/primary/L/logo.svg,Keldon Johnson,https://cdn.nba.com/headshots/nba/latest/1040x760/1629640.png
0022500830,58,1,PT00M36.10S,PT00M25.70S,6,"Rebound, Missed Shot, Rebound, Missed Shot, Rebound, Made Shot",Jazz Rebound | MISS Williams Jr. 26' 3PT Pullup Jump Shot | Sensabaugh REBOUND (Off:1 Def:0) | MISS Love 25' 3PT Jump Shot | Markkanen REBOUND (Off:1 Def:0) | Markkanen 2' Putback Layup (6 PTS),UTA,Utah Jazz,1610612762,1628374,L. Markkanen,35,21,Missed,3.0,Pullup Jump shot,V. Williams Jr.,188.0,184.0,26.0,32.0,10.0,4.0,4.0,1,0,2.0,0,1.0,,1.0,,,1.0,3.0,UTA,https://cdn.nba.com/logos/nba/1610612762/primary/L/logo.svg,Vince Williams Jr.,https://cdn.nba.com/headshots/nba/latest/1040x760/1631246.png
0022500831,56,1,PT00M38.90S,PT00M35.90S,2,"Rebound, Made Shot",Jackson REBOUND (Off:0 Def:1) | McConnell Running Layup (5 PTS) (Jackson 1 AST),IND,Indiana Pacers,1610612754,204456,T. McConnell,38,30,Made,2.0,Running Layup Shot,T. McConnell,1.0,4.0,0.0,36.0,3.0,3.0,3.0,1,0,2.0,0,1.0,,0.0,,,0.0,2.0,IND,https://cdn.nba.com/logos/nba/1610612754/primary/L/logo.svg,T.J. McConnell,https://cdn.nba.com/headshots/nba/latest/1040x760/204456.png
0022500831,119,2,PT00M37.20S,PT00M31.80S,2,"Rebound, Made Shot",Edgecombe REBOUND (Off:1 Def:3) | Embiid 17' Jump Shot (20 PTS),PHI,Philadelphia 76ers,1610612755,203954,J. Embiid,63,73,Made,2.0,Jump Shot,J. Embiid,118.0,125.0,17.0,32.0,5.0,5.0,5.0,1,0,2.0,0,1.0,,2.0,Made,2.0,2.0,4.0,PHI,https://cdn.nba.com/logos/nba/1610612755/primary/L/logo.svg,Joel Embiid,https://cdn.nba.com/headshots/nba/latest/1040x760/203954.png
0022500834,214,4,PT00M35.60S,PT00M31.60S,5,"Missed Shot, Rebound, Missed Shot, Rebound, Made Shot",MISS Joe 10' Driving Floating Jump Shot | Holmgren REBOUND (Off:2 Def:6) | MISS Holmgren Tip Dunk Shot | Holmgren REBOUND (Off:3 Def:6) | Holmgren Putback Dunk (7 PTS),OKC,Oklahoma City Thunder,1610612760,1631096,C. Holmgren,107,116,Missed,2.0,Driving Floating Jump Shot,I. Joe,-20.0,95.0,10.0,36.0,4.0,0.0,4.0,1,0,2.0,0,0.0,,,,,0.0,2.0,OKC,https://cdn.nba.com/logos/nba/1610612760/primary/L/logo.svg,Isaiah Joe,https://cdn.nba.com/headshots/nba/latest/1040x760/1630198.png
0022500837,55,1,PT00M34.40S,PT00M12.50S,4,"Rebound, Missed Shot, Rebound, Made Shot",Porter Jr. REBOUND (Off:0 Def:1) | MISS Thomas 1' Running Layup | Portis REBOUND (Off:1 Def:0) | Porter Jr. 25' 3PT Jump Shot (7 PTS),MIL,Milwaukee Bucks,1610612749,1629645,K. Porter Jr.,30,29,Missed,2.0,Running Layup Shot,C. Thomas,-9.0,3.0,1.0,27.0,22.0,7.0,7.0,1,0,3.0,0,0.0,,,,,0.0,3.0,MIL,https://cdn.nba.com/logos/nba/1610612749/primary/L/logo.svg,Cam Thomas,https://cdn.nba.com/headshots/nba/latest/1040x760/1630560.png
0022500837,165,3,PT00M33.50S,PT00M23.60S,2,"Steal, Missed Shot",Dieng STEAL (2 STL) | MISS Rollins 15' Turnaround Fadeaway Shot,MIL,Milwaukee Bucks,1610612749,1631157,R. Rollins,89,93,Missed,2.0,Turnaround Fadeaway shot,R. Rollins,-118.0,91.0,15.0,24.0,10.0,10.0,10.0,0,1,0.0,0,,0.0,,,,0.0,0.0,MIL,https://cdn.nba.com/logos/nba/1610612749/primary/L/logo.svg,Ryan Rollins,https://cdn.nba.com/headshots/nba/latest/1040x760/1631157.png
0022500838,51,1,PT00M39.70S,PT00M36.50S,2,"Rebound, Made Shot",Bey REBOUND (Off:1 Def:2) | Matkovic 3PT Running Jump Shot (3 PTS) (Poole 1 AST),NOP,New Orleans Pelicans,1610612740,1631255,K. Matković,31,17,Made,3.0,Running Jump Shot,K. Matković,230.0,-5.0,0.0,36.0,4.0,4.0,4.0,1,0,3.0,0,0.0,,,,,0.0,3.0,NOP,https://cdn.nba.com/logos/nba/1610612740/primary/L/logo.svg,Karlo Matković,https://cdn.nba.com/headshots/nba/latest/1040x760/1631255.png
0022500838,220,4,PT00M34.10S,PT00M28.80S,2,"Rebound, Missed Shot",Podziemski REBOUND (Off:4 Def:10) | MISS Melton 25' 3PT Jump Shot,GSW,Golden State Warriors,1610612744,1629001,D. Melton,109,104,Missed,3.0,Jump Shot,D. Melton,192.0,157.0,25.0,29.0,5.0,5.0,5.0,1,0,0.0,0,1.0,,2.0,Made,17.0,2.0,2.0,GSW,https://cdn.nba.com/logos/nba/1610612744/primary/L/logo.svg,De'Anthony Melton,https://cdn.nba.com/headshots/nba/latest/1040x760/1629001.png
0022500840,106,2,PT00M36.80S,PT00M32.00S,2,"Steal, Missed Shot",da Silva STEAL (1 STL) | MISS da Silva 27' 3PT Running Jump Shot,ORL,Orlando Magic,1610612753,1641783,T. da Silva,56,51,Missed,3.0,Running Jump Shot,T. da Silva,-176.0,206.0,27.0,32.0,5.0,5.0,5.0,1,0,0.0,0,1.0,,2.0,,,2.0,2.0,ORL,https://cdn.nba.com/logos/nba/1610612753/primary/L/logo.svg,Tristan Da Silva,https://cdn.nba.com/headshots/nba/latest/1040x760/1641783.png
0022500840,212,4,PT00M34.60S,PT00M26.30S,4,"Timeout, Missed Shot, Rebound, Made Shot",LAKERS Timeout: Regular (Full 6 Short 0) | MISS Hachimura 3PT Jump Shot | Doncic REBOUND (Off:1 Def:8) | James 2' Cutting Dunk Shot (21 PTS) (Doncic 15 AST),LAL,Los Angeles Lakers,1610612747,2544,L. James,109,108,Missed,3.0,Jump Shot,R. Hachimura,225.0,36.0,0.0,31.0,9.0,4.0,4.0,1,0,2.0,0,1.0,,0.0,Missed,2.0,0.0,2.0,LAL,https://cdn.nba.com/logos/nba/1610612747/primary/L/logo.svg,Rui Hachimura,https://cdn.nba.com/headshots/nba/latest/1040x760/1629060.png
0022500846,196,4,PT00M35.60S,PT00M20.20S,2,"Timeout, Made Shot",BUCKS Timeout: Regular (Full 6 Short 0) | Porter Jr. 16' Fadeaway Jumper (20 PTS),MIL,Milwaukee Bucks,1610612749,1629645,K. Porter Jr.,118,116,Made,2.0,Fadeaway Jump Shot,K. Porter Jr.,95.0,128.0,16.0,20.0,16.0,16.0,16.0,0,1,2.0,0,,0.0,,,,0.0,2.0,MIL,https://cdn.nba.com/logos/nba/1610612749/primary/L/logo.svg,Kevin Porter Jr.,https://cdn.nba.com/headshots/nba/latest/1040x760/1629645.png
0022500847,92,2,PT00M37.50S,PT00M34.80S,2,"Steal, Made Shot",Brown STEAL (1 STL) | Hardaway Jr. 1' Running Dunk (7 PTS) (Brown 4 AST),DEN,Denver Nuggets,1610612743,203501,T. Hardaway Jr.,47,45,Made,2.0,Running Dunk Shot,T. Hardaway Jr.,2.0,8.0,1.0,35.0,3.0,3.0,3.0,1,0,2.0,0,1.0,,0.0,Missed,4.0,0.0,2.0,DEN,https://cdn.nba.com/logos/nba/1610612743/primary/L/logo.svg,Tim Hardaway Jr.,https://cdn.nba.com/headshots/nba/latest/1040x760/203501.png
0022500847,147,3,PT00M38.10S,PT00M33.20S,2,"Rebound, Made Shot",NUGGETS Rebound | Jokic 26' 3PT Jump Shot (28 PTS),DEN,Denver Nuggets,1610612743,203999,N. Jokić,75,67,Made,3.0,Jump Shot,N. Jokić,-78.0,243.0,26.0,33.0,5.0,5.0,5.0,1,0,3.0,0,1.0,,2.0,Made,19.0,2.0,5.0,DEN,https://cdn.nba.com/logos/nba/1610612743/primary/L/logo.svg,Nikola Jokić,https://cdn.nba.com/headshots/nba/latest/1040x760/203999.png
0022500849,114,2,PT00M35.50S,PT00M22.20S,4,"Rebound, Missed Shot, Rebound, Made Shot",Watford REBOUND (Off:2 Def:3) | MISS Embiid 27' 3PT Jump Shot | Watford REBOUND (Off:3 Def:3) | Grimes 3PT Jump Shot (6 PTS) (Maxey 7 AST),PHI,Philadelphia 76ers,1610612755,1629656,Q. Grimes,73,57,Missed,3.0,Jump Shot,J. Embiid,36.0,268.0,27.0,28.0,14.0,8.0,8.0,0,1,3.0,0,,1.0,0.0,Missed,0.0,0.0,3.0,PHI,https://cdn.nba.com/logos/nba/1610612755/primary/L/logo.svg,Joel Embiid,https://cdn.nba.com/headshots/nba/latest/1040x760/203954.png
0022500850,52,1,PT00M36.90S,PT00M32.00S,2,"Steal, Made Shot",Daniels STEAL (3 STL) | Kispert 25' 3PT Running Jump Shot (11 PTS) (Daniels 5 AST),ATL,Atlanta Hawks,1610612737,1630557,C. Kispert,35,24,Made,3.0,Running Jump Shot,C. Kispert,-227.0,106.0,25.0,32.0,5.0,5.0,5.0,1,0,3.0,0,1.0,,2.0,Made,7.0,2.0,5.0,ATL,https://cdn.nba.com/logos/nba/1610612737/primary/L/logo.svg,Corey Kispert,https://cdn.nba.com/headshots/nba/latest/1040x760/1630557.png
0022500850,166,3,PT00M33.90S,PT00M32.00S,3,"Missed Shot, Rebound, Made Shot",MISS Landale 3PT Jump Shot | Kispert REBOUND (Off:1 Def:3) | Kispert 1' Putback Layup (26 PTS),ATL,Atlanta Hawks,1610612737,1630557,C. Kispert,98,80,Missed,3.0,Jump Shot,J. Landale,228.0,5.0,0.0,34.0,7.0,0.0,7.0,1,0,2.0,0,1.0,,0.0,Missed,1.0,0.0,2.0,ATL,https://cdn.nba.com/logos/nba/1610612737/primary/L/logo.svg,Jock Landale,https://cdn.nba.com/headshots/nba/latest/1040x760/1629111.png
0022500854,54,1,PT00M37.60S,PT00M30.70S,2,"Rebound, Made Shot",Achiuwa REBOUND (Off:4 Def:3) | Achiuwa 25' 3PT Jump Shot (14 PTS) (Hayes 1 AST),SAC,Sacramento Kings,1610612758,1630173,P. Achiuwa,28,42,Made,3.0,Jump Shot,P. Achiuwa,11.0,248.0,25.0,31.0,7.0,7.0,7.0,1,0,3.0,0,0.0,,,,,0.0,3.0,SAC,https://cdn.nba.com/logos/nba/1610612758/primary/L/logo.svg,Precious Achiuwa,https://cdn.nba.com/headshots/nba/latest/1040x760/1630173.png
0022500855,92,2,PT00M35.10S,PT00M19.20S,2,"Rebound, Made Shot",Lakers Rebound | Reaves 25' 3PT Jump Shot (9 PTS) (Doncic 2 AST),LAL,Los Angeles Lakers,1610612747,1630559,A. Reaves,47,49,Made,3.0,Jump Shot,A. Reaves,-109.0,229.0,25.0,19.0,16.0,16.0,16.0,0,1,3.0,0,,0.0,,,,0.0,3.0,LAL,https://cdn.nba.com/logos/nba/1610612747/primary/L/logo.svg,Austin Reaves,https://cdn.nba.com/headshots/nba/latest/1040x760/1630559.png
0022500856,57,1,PT00M36.80S,PT00M24.80S,6,"Rebound, Missed Shot, Rebound, Missed Shot, Rebound, Made Shot",Fears REBOUND (Off:0 Def:2) | MISS Fears 4' Driving Layup | Queen REBOUND (Off:1 Def:2) | MISS Queen 1' Driving Reverse Layup | Matkovic REBOUND (Off:1 Def:1) | Matkovic Tip Layup Shot (5 PTS),NOP,New Orleans Pelicans,1610612740,1631255,K. Matković,35,37,Missed,2.0,Driving Layup Shot,J. Fears,13.0,35.0,4.0,30.0,12.0,7.0,7.0,1,0,2.0,0,1.0,,0.0,Missed,0.0,0.0,2.0,NOP,https://cdn.nba.com/logos/nba/1610612740/primary/L/logo.svg,Jeremiah Fears,https://cdn.nba.com/headshots/nba/latest/1040x760/1642847.png
0022500856,170,3,PT00M37.30S,PT00M30.90S,2,"Rebound, Missed Shot",Love REBOUND (Off:0 Def:6) | MISS Mykhailiuk 6' Driving Layup,UTA,Utah Jazz,1610612762,1629004,S. Mykhailiuk,88,103,Missed,2.0,Driving Layup Shot,S. Mykhailiuk,-50.0,29.0,6.0,31.0,6.0,6.0,6.0,1,0,0.0,0,0.0,,,,,0.0,0.0,UTA,https://cdn.nba.com/logos/nba/1610612762/primary/L/logo.svg,Svi Mykhailiuk,https://cdn.nba.com/headshots/nba/latest/1040x760/1629004.png
0022500858,101,2,PT00M35.80S,PT00M21.10S,2,"Rebound, Missed Shot",Mobley REBOUND (Off:0 Def:4) | MISS Schroder 9' Driving Floating Bank Jump Shot,CLE,Cleveland Cavaliers,1610612739,203471,D. Schröder,50,54,Missed,2.0,Driving Floating Bank Jump Shot,D. Schröder,83.0,27.0,9.0,21.0,15.0,15.0,15.0,0,1,0.0,0,,1.0,0.0,,,0.0,0.0,CLE,https://cdn.nba.com/logos/nba/1610612739/primary/L/logo.svg,Dennis Schröder,https://cdn.nba.com/headshots/nba/latest/1040x760/203471.png
0022500859,146,3,PT00M38.10S,PT00M33.40S,2,"Rebound, Made Shot",Brown REBOUND (Off:0 Def:6) | Brown 25' 3PT Running Pull-Up Jump Shot (28 PTS),BOS,Boston Celtics,1610612738,1627759,J. Brown,109,83,Made,3.0,Running Pull-Up Jump Shot,J. Brown,-147.0,199.0,25.0,33.0,5.0,5.0,5.0,1,0,3.0,0,1.0,,0.0,Missed,0.0,0.0,3.0,BOS,https://cdn.nba.com/logos/nba/1610612738/primary/L/logo.svg,Jaylen Brown,https://cdn.nba.com/headshots/nba/latest/1040x760/1627759.png
0022500860,99,2,PT00M33.70S,PT00M30.30S,2,"Rebound, Made Shot",Towns REBOUND (Off:0 Def:4) | Shamet 26' 3PT Running Jump Shot (12 PTS) (Hart 1 AST),NYK,New York Knicks,1610612752,1629013,L. Shamet,56,75,Made,3.0,Running Jump Shot,L. Shamet,180.0,181.0,26.0,30.0,4.0,4.0,4.0,1,0,3.0,0,1.0,,2.0,Made,2.0,2.0,5.0,NYK,https://cdn.nba.com/logos/nba/1610612752/primary/L/logo.svg,Landry Shamet,https://cdn.nba.com/headshots/nba/latest/1040x760/1629013.png
0022500862,157,3,PT00M39.10S,PT00M34.00S,2,"Rebound, Made Shot",Holmgren REBOUND (Off:1 Def:10) | Gilgeous-Alexander 1' Driving Layup (32 PTS),OKC,Oklahoma City Thunder,1610612760,1628983,S. Gilgeous-Alexander,77,81,Made,2.0,Driving Layup Shot,S. Gilgeous-Alexander,9.0,-6.0,1.0,34.0,5.0,5.0,5.0,1,0,2.0,0,1.0,,0.0,,,0.0,2.0,OKC,https://cdn.nba.com/logos/nba/1610612760/primary/L/logo.svg,Shai Gilgeous-Alexander,https://cdn.nba.com/headshots/nba/latest/1040x760/1628983.png
0022500862,230,5,PT00M38.10S,PT00M28.60S,4,"Steal, Missed Shot, Rebound, Missed Shot",Hardaway Jr. STEAL (1 STL) | MISS Murray 25' 3PT Jump Shot | Braun REBOUND (Off:4 Def:4) | MISS Braun Tip Dunk Shot,DEN,Denver Nuggets,1610612743,1631128,C. Braun,119,112,Missed,3.0,Jump Shot,J. Murray,234.0,84.0,25.0,32.0,9.0,6.0,6.0,1,0,0.0,0,1.0,,0.0,Missed,49.0,0.0,0.0,DEN,https://cdn.nba.com/logos/nba/1610612743/primary/L/logo.svg,Jamal Murray,https://cdn.nba.com/headshots/nba/latest/1040x760/1627750.png
0022500864,47,1,PT00M35.50S,PT00M31.30S,3,"Jump Ball, Violation, Missed Shot",  | Ware Violation:Kicked Ball (D.Collins) | MISS Sheppard 3PT Jump Shot,HOU,Houston Rockets,1610612745,1642263,R. Sheppard,29,26,Missed,3.0,Jump Shot,R. Sheppard,232.0,8.0,0.0,31.0,5.0,5.0,5.0,1,0,0.0,0,1.0,,2.0,Made,2.0,2.0,2.0,HOU,https://cdn.nba.com/logos/nba/1610612745/primary/L/logo.svg,Reed Sheppard,https://cdn.nba.com/headshots/nba/latest/1040x760/1642263.png
0022500866,45,1,PT00M37.00S,PT00M14.20S,4,"Rebound, Missed Shot, Rebound, Made Shot",Moody REBOUND (Off:0 Def:2) | MISS Moody 3PT Jump Shot | Post REBOUND (Off:1 Def:0) | Post 2' Driving Dunk (2 PTS),GSW,Golden State Warriors,1610612744,1642366,Q. Post,20,33,Missed,3.0,Jump Shot,M. Moody,-229.0,17.0,0.0,19.0,23.0,18.0,18.0,0,1,2.0,0,,1.0,0.0,Missed,3.0,0.0,2.0,GSW,https://cdn.nba.com/logos/nba/1610612744/primary/L/logo.svg,Moses Moody,https://cdn.nba.com/headshots/nba/latest/1040x760/1630541.png
0022500867,111,2,PT00M36.10S,PT00M33.30S,2,"Rebound, Made Shot",Matkovic REBOUND (Off:0 Def:2) | Fears 4' Running Layup (8 PTS) (Matkovic 3 AST),NOP,New Orleans Pelicans,1610612740,1642847,J. Fears,40,63,Made,2.0,Running Layup Shot,J. Fears,34.0,21.0,4.0,33.0,3.0,3.0,3.0,1,0,2.0,0,1.0,,2.0,Made,12.0,2.0,4.0,NOP,https://cdn.nba.com/logos/nba/1610612740/primary/L/logo.svg,Jeremiah Fears,https://cdn.nba.com/headshots/nba/latest/1040x760/1642847.png
0022500868,48,1,PT00M39.30S,PT00M33.40S,2,"Rebound, Made Shot",Anunoby REBOUND (Off:2 Def:2) | Brunson 26' 3PT Running Pull-Up Jump Shot (11 PTS),NYK,New York Knicks,1610612752,1628973,J. Brunson,22,21,Made,3.0,Running Pull-Up Jump Shot,J. Brunson,168.0,193.0,26.0,33.0,6.0,6.0,6.0,1,0,3.0,0,1.0,,0.0,Missed,1.0,0.0,3.0,NYK,https://cdn.nba.com/logos/nba/1610612752/primary/L/logo.svg,Jalen Brunson,https://cdn.nba.com/headshots/nba/latest/1040x760/1628973.png
0022500870,104,2,PT00M34.60S,PT00M33.40S,2,"Rebound, Made Shot",Rollins REBOUND (Off:0 Def:4) | Green 24' 3PT Running Jump Shot (13 PTS) (Rollins 5 AST),MIL,Milwaukee Bucks,1610612749,1631260,A. Green,51,66,Made,3.0,Running Jump Shot,A. Green,238.0,32.0,24.0,33.0,2.0,2.0,2.0,1,0,3.0,0,1.0,,0.0,Missed,0.0,0.0,3.0,MIL,https://cdn.nba.com/logos/nba/1610612749/primary/L/logo.svg,A.J. Green,
0022500874,153,3,PT00M34.30S,PT00M24.00S,3,"Missed Shot, Rebound, Made Shot",MISS Brown 27' 3PT Step Back Jump Shot | Brown REBOUND (Off:2 Def:5) | Walsh 25' 3PT Jump Shot (6 PTS) (Pritchard 3 AST),BOS,Boston Celtics,1610612738,1641775,J. Walsh,89,80,Missed,3.0,Step Back Jump shot,J. Brown,159.0,221.0,27.0,34.0,32.0,0.0,32.0,0,1,3.0,0,,1.0,0.0,,,0.0,3.0,BOS,https://cdn.nba.com/logos/nba/1610612738/primary/L/logo.svg,Jaylen Brown,https://cdn.nba.com/headshots/nba/latest/1040x760/1627759.png
0022500876,55,1,PT00M34.20S,PT00M31.10S,2,"Rebound, Made Shot",Caruso REBOUND (Off:0 Def:2) | Caruso 1' Driving Layup (2 PTS),OKC,Oklahoma City Thunder,1610612760,1627936,A. Caruso,25,34,Made,2.0,Driving Layup Shot,A. Caruso,10.0,5.0,1.0,31.0,3.0,3.0,3.0,1,0,2.0,0,1.0,,2.0,Made,5.0,2.0,4.0,OKC,https://cdn.nba.com/logos/nba/1610612760/primary/L/logo.svg,Alex Caruso,https://cdn.nba.com/headshots/nba/latest/1040x760/1627936.png
0022500876,109,2,PT00M36.30S,PT00M29.40S,3,"Rebound, Foul, Missed Shot",Holmgren REBOUND (Off:2 Def:4) | Middleton P.FOUL (P2.T2) (P.Ransom) | MISS Gilgeous-Alexander 4' Driving Layup,OKC,Oklahoma City Thunder,1610612760,1628983,S. Gilgeous-Alexander,47,58,Missed,2.0,Driving Layup Shot,S. Gilgeous-Alexander,37.0,15.0,4.0,29.0,7.0,7.0,7.0,1,0,0.0,0,1.0,,0.0,,,0.0,0.0,OKC,https://cdn.nba.com/logos/nba/1610612760/primary/L/logo.svg,Shai Gilgeous-Alexander,https://cdn.nba.com/headshots/nba/latest/1040x760/1628983.png
0022500879,52,1,PT00M40.40S,PT00M17.50S,2,"Rebound, Missed Shot",Cooper REBOUND (Off:0 Def:1) | MISS Riley 16' Fadeaway Jumper,WAS,Washington Wizards,1610612764,1642860,W. Riley,30,26,Missed,2.0,Fadeaway Jump Shot,W. Riley,-9.0,155.0,16.0,18.0,22.0,22.0,22.0,0,1,0.0,0,,0.0,,,,0.0,0.0,WAS,https://cdn.nba.com/logos/nba/1610612764/primary/L/logo.svg,Will Riley,https://cdn.nba.com/headshots/nba/latest/1040x760/1642860.png
0022500879,103,2,PT00M35.80S,PT00M22.80S,4,"Rebound, Missed Shot, Rebound, Made Shot",Durant REBOUND (Off:0 Def:2) | MISS Eason 25' 3PT Running Jump Shot | Thompson REBOUND (Off:1 Def:7) | Eason 3' Driving Layup (4 PTS) (Durant 1 AST),HOU,Houston Rockets,1610612745,1631106,T. Eason,51,59,Missed,3.0,Running Jump Shot,T. Eason,148.0,201.0,25.0,31.0,13.0,5.0,5.0,1,0,2.0,0,1.0,,1.0,,,1.0,3.0,HOU,https://cdn.nba.com/logos/nba/1610612745/primary/L/logo.svg,Tari Eason,https://cdn.nba.com/headshots/nba/latest/1040x760/1631106.png
0022500883,55,1,PT00M38.40S,PT00M33.60S,2,"Steal, Missed Shot",Nembhard STEAL (2 STL) | MISS Gafford 2' Running Dunk,DAL,Dallas Mavericks,1610612742,1629655,D. Gafford,31,23,Missed,2.0,Running Dunk Shot,D. Gafford,22.0,8.0,2.0,34.0,4.0,4.0,4.0,1,0,0.0,0,1.0,,0.0,Missed,0.0,0.0,0.0,DAL,https://cdn.nba.com/logos/nba/1610612742/primary/L/logo.svg,Daniel Gafford,https://cdn.nba.com/headshots/nba/latest/1040x760/1629655.png
0022500883,56,1,PT00M33.60S,PT00M09.50S,2,"Rebound, Missed Shot",James REBOUND (Off:0 Def:2) | MISS Knueppel 28' 3PT Pullup Jump Shot,CHA,Charlotte Hornets,1610612766,1642851,K. Knueppel,31,23,Missed,3.0,Pullup Jump shot,K. Knueppel,-123.0,256.0,28.0,10.0,24.0,24.0,24.0,0,1,0.0,0,,0.0,,,,0.0,0.0,CHA,https://cdn.nba.com/logos/nba/1610612766/primary/L/logo.svg,Kon Knueppel,https://cdn.nba.com/headshots/nba/latest/1040x760/1642851.png
0022500888,167,3,PT00M34.50S,PT00M12.70S,4,"Jump Ball, Rebound, Foul, Missed Shot",Jump Ball Walker vs. Johnson: Tip to Grimes | 76ERS Rebound | Johnson P.FOUL (P1.T4) (E.Dalen) | MISS Payne 29' 3PT Pullup Jump Shot,PHI,Philadelphia 76ers,1610612755,1626166,C. Payne,64,113,Missed,3.0,Pullup Jump shot,C. Payne,-126.0,260.0,29.0,13.0,21.0,21.0,21.0,0,1,0.0,0,,0.0,,,,0.0,0.0,PHI,https://cdn.nba.com/logos/nba/1610612755/primary/L/logo.svg,Cameron Payne,https://cdn.nba.com/headshots/nba/latest/1040x760/1626166.png
0022500891,55,1,PT00M34.10S,PT00M31.60S,2,"Steal, Made Shot",McGowens STEAL (1 STL) | Fears 1' Running Layup (5 PTS) (McGowens 1 AST),NOP,New Orleans Pelicans,1610612740,1642847,J. Fears,31,33,Made,2.0,Running Layup Shot,J. Fears,-7.0,5.0,1.0,32.0,2.0,2.0,2.0,1,0,2.0,0,1.0,,0.0,Missed,2.0,0.0,2.0,NOP,https://cdn.nba.com/logos/nba/1610612740/primary/L/logo.svg,Jeremiah Fears,https://cdn.nba.com/headshots/nba/latest/1040x760/1642847.png
0022500897,101,2,PT00M34.50S,PT00M27.80S,2,"Foul, Made Shot",Johnson P.FOUL (P1.T4) (J.Capers) | Turner 3PT Pullup Jump Shot (8 PTS) (Rollins 9 AST),MIL,Milwaukee Bucks,1610612749,1626167,M. Turner,71,66,Made,3.0,Pullup Jump shot,M. Turner,225.0,56.0,0.0,28.0,6.0,6.0,6.0,1,0,3.0,0,0.0,,,,,0.0,3.0,MIL,https://cdn.nba.com/logos/nba/1610612749/primary/L/logo.svg,Myles Turner,https://cdn.nba.com/headshots/nba/latest/1040x760/1626167.png
0022500899,205,4,PT00M37.30S,PT00M32.20S,2,"Timeout, Made Shot",MAGIC Timeout: Regular (Full 6 Short 0) | Suggs 27' 3PT Pullup Jump Shot (17 PTS),ORL,Orlando Magic,1610612753,1630591,J. Suggs,113,114,Made,3.0,Pullup Jump shot,J. Suggs,-100.0,251.0,27.0,32.0,5.0,5.0,5.0,1,0,3.0,0,1.0,,2.0,Made,1.0,2.0,5.0,ORL,https://cdn.nba.com/logos/nba/1610612753/primary/L/logo.svg,Jalen Suggs,https://cdn.nba.com/headshots/nba/latest/1040x760/1630591.png
0022500900,102,2,PT00M37.20S,PT00M22.70S,3,"Missed Shot, Rebound, Made Shot",MISS Young 28' 3PT Pullup Jump Shot | Reese REBOUND (Off:4 Def:4) | Hardy 3PT Step Back Jump Shot (3 PTS) (Carrington 2 AST),WAS,Washington Wizards,1610612764,1630702,J. Hardy,49,67,Missed,3.0,Pullup Jump shot,T. Young,163.0,226.0,28.0,37.0,21.0,0.0,21.0,0,1,3.0,0,,0.0,,,,0.0,3.0,WAS,https://cdn.nba.com/logos/nba/1610612764/primary/L/logo.svg,Trae Young,https://cdn.nba.com/headshots/nba/latest/1040x760/1629027.png
0022500902,91,2,PT00M36.40S,PT00M30.70S,2,"Rebound, Made Shot",Horford REBOUND (Off:0 Def:3) | Santos 4' Cutting Layup Shot (6 PTS) (Green 4 AST),GSW,Golden State Warriors,1610612744,1630611,G. Santos,47,49,Made,2.0,Cutting Layup Shot,G. Santos,31.0,21.0,4.0,31.0,5.0,5.0,5.0,1,0,2.0,0,1.0,,0.0,,,0.0,2.0,GSW,https://cdn.nba.com/logos/nba/1610612744/primary/L/logo.svg,Gui Santos,https://cdn.nba.com/headshots/nba/latest/1040x760/1630611.png
0022500903,106,2,PT00M37.20S,PT00M24.50S,2,"Rebound, Missed Shot",DiVincenzo REBOUND (Off:0 Def:4) | MISS Randle 3' Layup,MIN,Minnesota Timberwolves,1610612750,203944,J. Randle,55,54,Missed,2.0,Layup Shot,J. Randle,17.0,25.0,3.0,24.0,13.0,13.0,13.0,0,1,0.0,0,,0.0,,,,0.0,0.0,MIN,https://cdn.nba.com/logos/nba/1610612750/primary/L/logo.svg,Julius Randle,https://cdn.nba.com/headshots/nba/latest/1040x760/203944.png
0022500903,203,4,PT00M34.00S,PT00M15.50S,6,"Rebound, Missed Shot, Rebound, Missed Shot, Rebound, Made Shot",Battle REBOUND (Off:1 Def:4) | MISS Dick 25' 3PT Jump Shot | Jackson-Davis REBOUND (Off:1 Def:1) | MISS Battle 27' 3PT Jump Shot | Jackson-Davis REBOUND (Off:2 Def:1) | Jackson-Davis 2' Putback Layup (2 PTS),TOR,Toronto Raptors,1610612761,1631218,T. Jackson-Davis,115,107,Missed,3.0,Jump Shot,G. Dick,-13.0,251.0,25.0,26.0,18.0,8.0,8.0,0,1,2.0,0,,0.0,,,,0.0,2.0,TOR,https://cdn.nba.com/logos/nba/1610612761/primary/L/logo.svg,Gradey Dick,https://cdn.nba.com/headshots/nba/latest/1040x760/1641711.png
0022500904,148,3,PT00M39.50S,PT00M33.50S,3,"Foul, Free Throw, Missed Shot",Kornet Non-Unsportsmanlike Tech Foul - Flopping (P1.T4) (T.Brothers) | Cunningham Free Throw Technical (17 PTS) | MISS Fox 26' 3PT Pullup Jump Shot,SAS,San Antonio Spurs,1610612759,1628368,D. Fox,93,85,Missed,3.0,Pullup Jump shot,D. Fox,165.0,205.0,26.0,34.0,6.0,6.0,6.0,1,0,1.0,1,1.0,,0.0,,,0.0,1.0,SAS,https://cdn.nba.com/logos/nba/1610612759/primary/L/logo.svg,De'Aaron Fox,https://cdn.nba.com/headshots/nba/latest/1040x760/1628368.png
0022500905,161,3,PT00M37.00S,PT00M31.10S,2,"Rebound, Made Shot",Richards REBOUND (Off:2 Def:7) | Jones 7' Running Layup (16 PTS),CHI,Chicago Bulls,1610612741,1630200,T. Jones,75,81,Made,2.0,Running Layup Shot,T. Jones,53.0,53.0,7.0,31.0,6.0,6.0,6.0,1,0,2.0,0,1.0,,2.0,Made,3.0,2.0,4.0,CHI,https://cdn.nba.com/logos/nba/1610612741/primary/L/logo.svg,Tre Jones,https://cdn.nba.com/headshots/nba/latest/1040x760/1630200.png
0022500908,108,2,PT00M34.50S,PT00M28.90S,2,"Rebound, Made Shot",Queta REBOUND (Off:2 Def:5) | White 2' Driving Dunk (12 PTS),BOS,Boston Celtics,1610612738,1628401,D. White,57,53,Made,2.0,Driving Dunk Shot,D. White,10.0,13.0,2.0,29.0,5.0,5.0,5.0,1,0,2.0,0,1.0,,1.0,,,1.0,3.0,BOS,https://cdn.nba.com/logos/nba/1610612738/primary/L/logo.svg,Derrick White,https://cdn.nba.com/headshots/nba/latest/1040x760/1628401.png
0022500909,209,4,PT00M37.30S,PT00M28.70S,5,"Rebound, Foul, Missed Shot, Rebound, Missed Shot",Diabate REBOUND (Off:5 Def:9) | Adebayo P.FOUL (P2.T2) (R.Acosta) | MISS Knueppel 27' 3PT Pullup Jump Shot | Williams REBOUND (Off:2 Def:4) | MISS Ball 26' 3PT Jump Shot,CHA,Charlotte Hornets,1610612766,1630163,L. Ball,120,124,Missed,3.0,Pullup Jump shot,K. Knueppel,124.0,239.0,27.0,33.0,8.0,4.0,4.0,1,0,0.0,0,1.0,,0.0,Missed,15.0,0.0,0.0,CHA,https://cdn.nba.com/logos/nba/1610612766/primary/L/logo.svg,Kon Knueppel,https://cdn.nba.com/headshots/nba/latest/1040x760/1642851.png
0022500910,212,4,PT00M40.20S,PT00M15.60S,2,"Steal, Made Shot",Thompson STEAL (2 STL) | Durant 19' Pullup Jump Shot (20 PTS) (Thompson 7 AST),HOU,Houston Rockets,1610612745,201142,K. Durant,104,97,Made,2.0,Pullup Jump shot,K. Durant,-108.0,155.0,19.0,16.0,24.0,24.0,24.0,0,1,2.0,0,,1.0,2.0,,,2.0,4.0,HOU,https://cdn.nba.com/logos/nba/1610612745/primary/L/logo.svg,Kevin Durant,https://cdn.nba.com/headshots/nba/latest/1040x760/201142.png
0022500912,156,3,PT00M34.30S,PT00M20.20S,3,"Missed Shot, Rebound, Made Shot",MISS Allen 27' 3PT Jump Shot | Fleming REBOUND (Off:2 Def:1) | Booker 26' 3PT Pullup Jump Shot (25 PTS),PHX,Phoenix Suns,1610612756,1626164,D. Booker,92,78,Missed,3.0,Jump Shot,G. Allen,-39.0,263.0,27.0,34.0,25.0,0.0,25.0,0,1,3.0,0,,0.0,,,,0.0,3.0,PHX,https://cdn.nba.com/logos/nba/1610612756/primary/L/logo.svg,Grayson Allen,https://cdn.nba.com/headshots/nba/latest/1040x760/1628960.png
0022500912,204,4,PT00M37.80S,PT00M34.50S,2,"Steal, Missed Shot",Murray STEAL (2 STL) | MISS Murray 1' Driving Layup,NOP,New Orleans Pelicans,1610612740,1627749,D. Murray,114,111,Missed,2.0,Driving Layup Shot,D. Murray,-7.0,-1.0,1.0,34.0,4.0,4.0,4.0,1,0,0.0,0,1.0,,2.0,,,2.0,2.0,NOP,https://cdn.nba.com/logos/nba/1610612740/primary/L/logo.svg,Dejounte Murray,https://cdn.nba.com/headshots/nba/latest/1040x760/1627749.png
0022500913,51,1,PT00M38.60S,PT00M35.60S,2,"Rebound, Made Shot",Jackson REBOUND (Off:0 Def:2) | Batum 24' 3PT Jump Shot (3 PTS) (Mathurin 1 AST),LAC,LA Clippers,1610612746,201587,N. Batum,25,32,Made,3.0,Jump Shot,N. Batum,-235.0,52.0,24.0,36.0,3.0,3.0,3.0,1,0,3.0,0,0.0,,,,,0.0,3.0,LAC,https://cdn.nba.com/logos/nba/1610612746/primary/L/logo.svg,Nicolas Batum,https://cdn.nba.com/headshots/nba/latest/1040x760/201587.png
0022500913,149,3,PT00M39.70S,PT00M34.30S,2,"Rebound, Made Shot",Kornet REBOUND (Off:4 Def:2) | Champagnie 27' 3PT Running Pull-Up Jump Shot (20 PTS),SAS,San Antonio Spurs,1610612759,1630577,J. Champagnie,78,90,Made,3.0,Running Pull-Up Jump Shot,J. Champagnie,-138.0,235.0,27.0,34.0,6.0,6.0,6.0,1,0,3.0,0,1.0,,3.0,Made,2.0,3.0,6.0,SAS,https://cdn.nba.com/logos/nba/1610612759/primary/L/logo.svg,Julian Champagnie,https://cdn.nba.com/headshots/nba/latest/1040x760/1630577.png
0022500913,198,4,PT00M36.80S,PT00M19.50S,2,"Rebound, Missed Shot",Dunn REBOUND (Off:0 Def:7) | MISS Leonard 28' 3PT Jump Shot,LAC,LA Clippers,1610612746,202695,K. Leonard,111,112,Missed,3.0,Jump Shot,K. Leonard,-4.0,279.0,28.0,20.0,17.0,17.0,17.0,0,1,0.0,0,,1.0,0.0,,,0.0,0.0,LAC,https://cdn.nba.com/logos/nba/1610612746/primary/L/logo.svg,Kawhi Leonard,https://cdn.nba.com/headshots/nba/latest/1040x760/202695.png
0022500917,51,1,PT00M33.90S,PT00M33.90S,1,Missed Shot,MISS Maxey 25' 3PT Step Back Jump Shot,PHI,Philadelphia 76ers,1610612755,1630178,T. Maxey,26,38,Missed,3.0,Step Back Jump shot,T. Maxey,-74.0,236.0,25.0,34.0,6.0,0.0,6.0,1,0,0.0,0,1.0,,0.0,Missed,0.0,0.0,0.0,PHI,https://cdn.nba.com/logos/nba/1610612755/primary/L/logo.svg,Tyrese Maxey,https://cdn.nba.com/headshots/nba/latest/1040x760/1630178.png
0022500923,102,2,PT00M33.60S,PT00M33.60S,1,Missed Shot,MISS Herro 26' 3PT Pullup Jump Shot,MIA,Miami Heat,1610612748,1629639,T. Herro,67,46,Missed,3.0,Pullup Jump shot,T. Herro,-123.0,225.0,26.0,34.0,6.0,0.0,6.0,1,0,0.0,0,1.0,,0.0,Missed,0.0,0.0,0.0,MIA,https://cdn.nba.com/logos/nba/1610612748/primary/L/logo.svg,Tyler Herro,https://cdn.nba.com/headshots/nba/latest/1040x760/1629639.png
0022500924,160,3,PT00M38.60S,PT00M22.10S,2,"Rebound, Missed Shot",Bagley III REBOUND (Off:1 Def:6) | MISS Thompson 18' Fadeaway Jumper,DAL,Dallas Mavericks,1610612742,202691,K. Thompson,88,66,Missed,2.0,Fadeaway Jump Shot,K. Thompson,-158.0,76.0,18.0,22.0,17.0,17.0,17.0,0,1,0.0,0,,0.0,,,,0.0,0.0,DAL,https://cdn.nba.com/logos/nba/1610612742/primary/L/logo.svg,Klay Thompson,https://cdn.nba.com/headshots/nba/latest/1040x760/202691.png
0022500928,98,2,PT00M34.50S,PT00M29.00S,2,"Rebound, Made Shot",Maluach REBOUND (Off:1 Def:4) | Fleming 3PT Running Jump Shot (6 PTS) (Booker 5 AST),PHX,Phoenix Suns,1610612756,1642853,R. Fleming,60,56,Made,3.0,Running Jump Shot,R. Fleming,234.0,20.0,0.0,29.0,5.0,5.0,5.0,1,0,3.0,0,0.0,,,,,0.0,3.0,PHX,https://cdn.nba.com/logos/nba/1610612756/primary/L/logo.svg,Rasheer Fleming,https://cdn.nba.com/headshots/nba/latest/1040x760/1642853.png
0022500930,51,1,PT00M40.20S,PT00M33.50S,2,"Rebound, Missed Shot",Buzelis REBOUND (Off:0 Def:5) | MISS Buzelis 6' Running Jump Shot,CHI,Chicago Bulls,1610612741,1641824,M. Buzelis,28,25,Missed,2.0,Running Jump Shot,M. Buzelis,-4.0,56.0,6.0,34.0,6.0,6.0,6.0,1,0,0.0,0,1.0,,0.0,,6.0,0.0,0.0,CHI,https://cdn.nba.com/logos/nba/1610612741/primary/L/logo.svg,Matas Buzelis,https://cdn.nba.com/headshots/nba/latest/1040x760/1641824.png
0022500931,101,2,PT00M33.80S,PT00M29.20S,2,"Rebound, Made Shot",Payne REBOUND (Off:1 Def:4) | Payne 25' 3PT Running Pull-Up Jump Shot (7 PTS),PHI,Philadelphia 76ers,1610612755,1626166,C. Payne,56,42,Made,3.0,Running Pull-Up Jump Shot,C. Payne,-38.0,247.0,25.0,29.0,5.0,5.0,5.0,1,0,3.0,0,1.0,,2.0,,,2.0,5.0,PHI,https://cdn.nba.com/logos/nba/1610612755/primary/L/logo.svg,Cameron Payne,https://cdn.nba.com/headshots/nba/latest/1040x760/1626166.png
0022500931,153,3,PT00M36.60S,PT00M20.00S,2,"Rebound, Missed Shot",Schroder REBOUND (Off:0 Def:1) | MISS Bryant 2' Turnaround Jump Shot,CLE,Cleveland Cavaliers,1610612739,1628418,T. Bryant,87,66,Missed,2.0,Turnaround Jump Shot,T. Bryant,-18.0,9.0,2.0,20.0,17.0,17.0,17.0,0,1,0.0,0,,0.0,,,,0.0,0.0,CLE,https://cdn.nba.com/logos/nba/1610612739/primary/L/logo.svg,Thomas Bryant,https://cdn.nba.com/headshots/nba/latest/1040x760/1628418.png
0022500932,103,2,PT00M39.50S,PT00M35.30S,2,"Steal, Made Shot",Clowney STEAL (1 STL) | Clowney 2' Running Dunk (7 PTS) (Saraf 3 AST),BKN,Brooklyn Nets,1610612751,1641730,N. Clowney,65,55,Made,2.0,Running Dunk Shot,N. Clowney,-7.0,16.0,2.0,35.0,5.0,5.0,5.0,1,0,2.0,0,1.0,,0.0,,,0.0,2.0,BKN,https://cdn.nba.com/logos/nba/1610612751/primary/L/logo.svg,Noah Clowney,https://cdn.nba.com/headshots/nba/latest/1040x760/1641730.png
0022500932,213,4,PT00M38.60S,PT00M31.90S,2,"Rebound, Made Shot",Mashack REBOUND (Off:3 Def:3) | Small 26' 3PT Jump Shot (17 PTS),MEM,Memphis Grizzlies,1610612763,1642914,J. Small,123,113,Made,3.0,Jump Shot,J. Small,199.0,162.0,26.0,32.0,7.0,7.0,7.0,1,0,3.0,0,1.0,,2.0,Made,18.0,2.0,5.0,MEM,https://cdn.nba.com/logos/nba/1610612763/primary/L/logo.svg,Javon Small,https://cdn.nba.com/headshots/nba/latest/1040x760/1642914.png
0022500935,51,1,PT00M36.30S,PT00M30.90S,2,"Rebound, Made Shot",Brunson REBOUND (Off:0 Def:2) | Brunson 10' Running Pull-Up Jump Shot (13 PTS),NYK,New York Knicks,1610612752,1628973,J. Brunson,28,24,Made,2.0,Running Pull-Up Jump Shot,J. Brunson,26.0,98.0,10.0,31.0,5.0,5.0,5.0,1,0,2.0,0,1.0,,0.0,Missed,0.0,0.0,2.0,NYK,https://cdn.nba.com/logos/nba/1610612752/primary/L/logo.svg,Jalen Brunson,https://cdn.nba.com/headshots/nba/latest/1040x760/1628973.png
0022500935,213,4,PT00M34.90S,PT00M22.80S,7,"Rebound, Timeout, Missed Shot, Rebound, Missed Shot, Rebound, Missed Shot",Towns REBOUND (Off:0 Def:10) | Knicks Timeout: Regular (Reg.5 Short 0) | MISS Shamet 3PT Jump Shot | Hart REBOUND (Off:7 Def:6) | MISS Anunoby 26' 3PT Step Back Jump Shot | Towns REBOUND (Off:1 Def:10) | MISS Towns Tip Layup Shot,NYK,New York Knicks,1610612752,1626157,K. Towns,122,116,Missed,3.0,Jump Shot,L. Shamet,234.0,16.0,0.0,32.0,12.0,3.0,3.0,1,0,0.0,0,1.0,,2.0,Made,8.0,2.0,2.0,NYK,https://cdn.nba.com/logos/nba/1610612752/primary/L/logo.svg,Landry Shamet,https://cdn.nba.com/headshots/nba/latest/1040x760/1629013.png
0022500937,149,3,PT00M37.40S,PT00M33.20S,2,"Steal, Made Shot",Jenkins STEAL (1 STL) | Huerter 3' Running Layup (4 PTS) (Jenkins 2 AST),DET,Detroit Pistons,1610612765,1628989,K. Huerter,71,105,Made,2.0,Running Layup Shot,K. Huerter,25.0,8.0,3.0,33.0,4.0,4.0,4.0,1,0,2.0,0,1.0,,0.0,Missed,0.0,0.0,2.0,DET,https://cdn.nba.com/logos/nba/1610612765/primary/L/logo.svg,Kevin Huerter,https://cdn.nba.com/headshots/nba/latest/1040x760/1628989.png
0022500938,60,1,PT00M34.60S,PT00M30.50S,2,"Rebound, Made Shot",Jaquez Jr. REBOUND (Off:0 Def:1) | Larsson 1' Running Finger Roll Layup (5 PTS) (Jaquez Jr. 4 AST),MIA,Miami Heat,1610612748,1641796,P. Larsson,39,27,Made,2.0,Running Finger Roll Layup Shot,P. Larsson,-9.0,6.0,1.0,30.0,5.0,5.0,5.0,1,0,2.0,0,1.0,,1.0,,,1.0,3.0,MIA,https://cdn.nba.com/logos/nba/1610612748/primary/L/logo.svg,Pelle Larsson,https://cdn.nba.com/headshots/nba/latest/1040x760/1641796.png
0022500939,53,1,PT00M36.50S,PT00M32.10S,2,"Rebound, Made Shot",Alexander-Walker REBOUND (Off:0 Def:1) | Alexander-Walker 2' Driving Layup (7 PTS),ATL,Atlanta Hawks,1610612737,1629638,N. Alexander-Walker,40,24,Made,2.0,Driving Layup Shot,N. Alexander-Walker,-1.0,15.0,2.0,32.0,4.0,4.0,4.0,1,0,2.0,0,1.0,,0.0,Missed,4.0,0.0,2.0,ATL,https://cdn.nba.com/logos/nba/1610612737/primary/L/logo.svg,Nickeil Alexander-Walker,https://cdn.nba.com/headshots/nba/latest/1040x760/1629638.png
0022500939,105,2,PT00M39.20S,PT00M34.60S,2,"Timeout, Missed Shot",Mavericks Timeout: Regular (Reg.3 Short 0) | MISS Flagg 21' Pullup Jump Shot,DAL,Dallas Mavericks,1610612742,1642843,C. Flagg,64,53,Missed,2.0,Pullup Jump shot,C. Flagg,-158.0,138.0,21.0,35.0,4.0,4.0,4.0,1,0,0.0,0,0.0,,,,,0.0,0.0,DAL,https://cdn.nba.com/logos/nba/1610612742/primary/L/logo.svg,Cooper Flagg,https://cdn.nba.com/headshots/nba/latest/1040x760/1642843.png
0022500940,45,1,PT00M35.10S,PT00M31.40S,2,"Rebound, Missed Shot",Barrett REBOUND (Off:1 Def:1) | MISS Barnes 26' 3PT Running Pull-Up Jump Shot,TOR,Toronto Raptors,1610612761,1630567,S. Barnes,27,27,Missed,3.0,Running Pull-Up Jump Shot,S. Barnes,-123.0,232.0,26.0,31.0,4.0,4.0,4.0,1,0,0.0,0,1.0,,2.0,Made,0.0,2.0,2.0,TOR,https://cdn.nba.com/logos/nba/1610612761/primary/L/logo.svg,Scottie Barnes,https://cdn.nba.com/headshots/nba/latest/1040x760/1630567.png
0022500942,50,1,PT00M34.20S,PT00M34.20S,3,"Timeout, Instant Replay, Missed Shot",SPURS Timeout: Coach Challenge (Full 1 Short 0) | Instant Replay1st Period (8:41 PM EST) | MISS Tatum 3' Driving Layup,BOS,Boston Celtics,1610612738,1628369,J. Tatum,26,31,Missed,2.0,Driving Layup Shot,J. Tatum,21.0,25.0,3.0,34.0,0.0,0.0,0.0,1,0,0.0,0,1.0,,0.0,Missed,2.0,0.0,0.0,BOS,https://cdn.nba.com/logos/nba/1610612738/primary/L/logo.svg,Jayson Tatum,https://cdn.nba.com/headshots/nba/latest/1040x760/1628369.png
0022500942,51,1,PT00M34.20S,PT00M13.70S,3,"Jump Ball, Rebound, Made Shot",Jump Ball Kornet vs. Queta: Tip to Bryant | SPURS Rebound | Bryant 3PT Jump Shot (3 PTS) (Fox 2 AST),SAS,San Antonio Spurs,1610612759,1642868,C. Bryant,29,31,Made,3.0,Jump Shot,C. Bryant,232.0,-6.0,0.0,14.0,20.0,20.0,20.0,0,1,3.0,0,,0.0,,,,0.0,3.0,SAS,https://cdn.nba.com/logos/nba/1610612759/primary/L/logo.svg,Carter Bryant,https://cdn.nba.com/headshots/nba/latest/1040x760/1642868.png
0022500942,204,4,PT00M37.70S,PT00M32.90S,2,"Rebound, Missed Shot",Gonzalez REBOUND (Off:0 Def:5) | MISS Scheierman 25' 3PT Running Pull-Up Jump Shot,BOS,Boston Celtics,1610612738,1631248,B. Scheierman,125,116,Missed,3.0,Running Pull-Up Jump Shot,B. Scheierman,191.0,167.0,25.0,33.0,5.0,5.0,5.0,1,0,0.0,0,0.0,,,,,0.0,0.0,BOS,https://cdn.nba.com/logos/nba/1610612738/primary/L/logo.svg,Baylor Scheierman,https://cdn.nba.com/headshots/nba/latest/1040x760/1631248.png
0022500943,233,5,PT00M39.00S,PT00M32.20S,2,"Rebound, Missed Shot",Miller REBOUND (Off:6 Def:5) | MISS Buzelis 24' 3PT Jump Shot,CHI,Chicago Bulls,1610612741,1641824,M. Buzelis,124,129,Missed,3.0,Jump Shot,M. Buzelis,-238.0,31.0,24.0,32.0,7.0,7.0,7.0,1,0,0.0,0,1.0,,1.0,,,1.0,1.0,CHI,https://cdn.nba.com/logos/nba/1610612741/primary/L/logo.svg,Matas Buzelis,https://cdn.nba.com/headshots/nba/latest/1040x760/1641824.png
0022500944,50,1,PT00M38.60S,PT00M33.70S,2,"Rebound, Made Shot",Krejci REBOUND (Off:0 Def:1) | Henderson 30' 3PT Running Jump Shot (9 PTS) (Krejci 1 AST),POR,Portland Trail Blazers,1610612757,1630703,S. Henderson,32,20,Made,3.0,Running Jump Shot,S. Henderson,67.0,288.0,30.0,34.0,5.0,5.0,5.0,1,0,3.0,0,1.0,,2.0,Made,1.0,2.0,5.0,POR,https://cdn.nba.com/logos/nba/1610612757/primary/L/logo.svg,Scoot Henderson,https://cdn.nba.com/headshots/nba/latest/1040x760/1630703.png
0022500945,52,1,PT00M39.00S,PT00M33.40S,2,"Rebound, Missed Shot",Pacers Rebound | MISS Jackson 6' Driving Layup,IND,Indiana Pacers,1610612754,1631245,Q. Jackson,24,23,Missed,2.0,Driving Layup Shot,Q. Jackson,48.0,27.0,6.0,33.0,6.0,6.0,6.0,1,0,0.0,0,1.0,,2.0,Made,2.0,2.0,2.0,IND,https://cdn.nba.com/logos/nba/1610612754/primary/L/logo.svg,Quenton Jackson,https://cdn.nba.com/headshots/nba/latest/1040x760/1631245.png
0022500945,215,4,PT00M38.80S,PT00M36.10S,2,"Rebound, Made Shot",Pacers Rebound | Sheppard 4' Driving Layup (7 PTS) (Jones 9 AST),IND,Indiana Pacers,1610612754,1641767,B. Sheppard,109,107,Made,2.0,Driving Layup Shot,B. Sheppard,-31.0,27.0,4.0,36.0,3.0,3.0,3.0,1,0,2.0,0,1.0,,2.0,Made,15.0,2.0,4.0,IND,https://cdn.nba.com/logos/nba/1610612754/primary/L/logo.svg,Ben Sheppard,https://cdn.nba.com/headshots/nba/latest/1040x760/1641767.png
0022500948,156,3,PT00M38.20S,PT00M28.30S,4,"Rebound, Missed Shot, Rebound, Missed Shot",PELICANS Rebound | MISS Bey 3' Driving Layup | Jordan REBOUND (Off:1 Def:2) | MISS Jordan Putback Layup,NOP,New Orleans Pelicans,1610612740,201599,D. Jordan,93,83,Missed,2.0,Driving Layup Shot,S. Bey,-7.0,29.0,3.0,33.0,10.0,5.0,5.0,1,0,0.0,0,1.0,,0.0,Missed,3.0,0.0,0.0,NOP,https://cdn.nba.com/logos/nba/1610612740/primary/L/logo.svg,Saddiq Bey,https://cdn.nba.com/headshots/nba/latest/1040x760/1630180.png
0022500950,98,2,PT00M39.00S,PT00M05.70S,3,"Rebound, Foul, Made Shot",Durant REBOUND (Off:0 Def:3) | Jokic P.FOUL (P2.T3) (E.Scott) | Eason 5' Driving Layup (6 PTS) (Durant 4 AST),HOU,Houston Rockets,1610612745,1631106,T. Eason,50,47,Made,2.0,Driving Layup Shot,T. Eason,16.0,43.0,5.0,6.0,33.0,33.0,33.0,0,1,2.0,0,,0.0,,,,0.0,2.0,HOU,https://cdn.nba.com/logos/nba/1610612745/primary/L/logo.svg,Tari Eason,https://cdn.nba.com/headshots/nba/latest/1040x760/1631106.png
0022500950,151,3,PT00M36.00S,PT00M31.70S,2,"Steal, Made Shot",S. Jones STEAL (2 STL) | Brown 2' Running Dunk (4 PTS) (S. Jones 2 AST),DEN,Denver Nuggets,1610612743,1628971,B. Brown,90,69,Made,2.0,Running Dunk Shot,B. Brown,6.0,21.0,2.0,32.0,4.0,4.0,4.0,1,0,2.0,0,1.0,,3.0,Made,5.0,3.0,5.0,DEN,https://cdn.nba.com/logos/nba/1610612743/primary/L/logo.svg,Bruce Brown,https://cdn.nba.com/headshots/nba/latest/1040x760/1628971.png
0022500953,109,2,PT00M39.80S,PT00M32.80S,2,"Steal, Missed Shot",Barlow STEAL (2 STL) | MISS Grimes 5' Running Layup,PHI,Philadelphia 76ers,1610612755,1629656,Q. Grimes,64,60,Missed,2.0,Running Layup Shot,Q. Grimes,4.0,45.0,5.0,33.0,7.0,7.0,7.0,1,0,0.0,0,1.0,,0.0,,,0.0,0.0,PHI,https://cdn.nba.com/logos/nba/1610612755/primary/L/logo.svg,Quentin Grimes,https://cdn.nba.com/headshots/nba/latest/1040x760/1629656.png
0022500954,152,3,PT00M37.30S,PT00M30.90S,2,"Rebound, Made Shot",Walker REBOUND (Off:0 Def:6) | Potter 2' Driving Dunk (6 PTS),IND,Indiana Pacers,1610612754,1630695,M. Potter,88,94,Made,2.0,Driving Dunk Shot,M. Potter,6.0,-18.0,2.0,31.0,6.0,6.0,6.0,1,0,2.0,0,1.0,,0.0,Missed,5.0,0.0,2.0,IND,https://cdn.nba.com/logos/nba/1610612754/primary/L/logo.svg,Micah Potter,https://cdn.nba.com/headshots/nba/latest/1040x760/1630695.png
0022500959,148,3,PT00M34.70S,PT00M31.10S,2,"Rebound, Missed Shot",THUNDER Rebound | MISS Gilgeous-Alexander 27' 3PT Step Back Jump Shot,OKC,Oklahoma City Thunder,1610612760,1628983,S. Gilgeous-Alexander,80,83,Missed,3.0,Step Back Jump shot,S. Gilgeous-Alexander,-161.0,215.0,27.0,31.0,4.0,4.0,4.0,1,0,0.0,0,0.0,,,,,0.0,0.0,OKC,https://cdn.nba.com/logos/nba/1610612760/primary/L/logo.svg,Shai Gilgeous-Alexander,https://cdn.nba.com/headshots/nba/latest/1040x760/1628983.png
0022500959,194,4,PT00M36.90S,PT00M30.10S,3,"Foul, Timeout, Made Shot",Brown P.FOUL (P5.T4) (S.Wright) | THUNDER Timeout: Regular (Full 6 Short 0) | Gilgeous-Alexander 16' Pullup Jump Shot (35 PTS),OKC,Oklahoma City Thunder,1610612760,1628983,S. Gilgeous-Alexander,102,100,Made,2.0,Pullup Jump shot,S. Gilgeous-Alexander,51.0,151.0,16.0,30.0,7.0,7.0,7.0,1,0,2.0,0,1.0,,2.0,,3.0,2.0,4.0,OKC,https://cdn.nba.com/logos/nba/1610612760/primary/L/logo.svg,Shai Gilgeous-Alexander,https://cdn.nba.com/headshots/nba/latest/1040x760/1628983.png
0022500960,56,1,PT00M34.60S,PT00M29.80S,2,"Rebound, Made Shot",Jones REBOUND (Off:1 Def:2) | Miller 2' Running Layup (2 PTS) (Jones 1 AST),CHI,Chicago Bulls,1610612741,1631159,L. Miller,26,24,Made,2.0,Running Layup Shot,L. Miller,12.0,15.0,2.0,30.0,5.0,5.0,5.0,1,0,2.0,0,1.0,,2.0,,,2.0,4.0,CHI,https://cdn.nba.com/logos/nba/1610612741/primary/L/logo.svg,Leonard Miller,https://cdn.nba.com/headshots/nba/latest/1040x760/1631159.png
0022500961,98,2,PT00M38.00S,PT00M31.20S,2,"Rebound, Missed Shot",Burton REBOUND (Off:0 Def:2) | MISS Hendricks 26' 3PT Jump Shot,MEM,Memphis Grizzlies,1610612763,1641707,T. Hendricks,66,61,Missed,3.0,Jump Shot,T. Hendricks,-176.0,188.0,26.0,31.0,7.0,7.0,7.0,1,0,0.0,0,1.0,,0.0,Missed,2.0,0.0,0.0,MEM,https://cdn.nba.com/logos/nba/1610612763/primary/L/logo.svg,Taylor Hendricks,https://cdn.nba.com/headshots/nba/latest/1040x760/1641707.png
0022500961,155,3,PT00M38.50S,PT00M31.70S,2,"Rebound, Made Shot",Cunningham REBOUND (Off:1 Def:6) | Stewart 1' Cutting Dunk Shot (8 PTS) (Cunningham 14 AST),DET,Detroit Pistons,1610612765,1630191,I. Stewart,98,84,Made,2.0,Cutting Dunk Shot,I. Stewart,4.0,8.0,1.0,32.0,6.0,6.0,6.0,1,0,2.0,0,0.0,,,,,0.0,2.0,DET,https://cdn.nba.com/logos/nba/1610612765/primary/L/logo.svg,Isaiah Stewart,https://cdn.nba.com/headshots/nba/latest/1040x760/1630191.png
0022500962,105,2,PT00M36.60S,PT00M29.70S,2,"Rebound, Missed Shot",Zubac REBOUND (Off:0 Def:4) | MISS Nesmith 3PT Jump Shot,IND,Indiana Pacers,1610612754,1630174,A. Nesmith,45,53,Missed,3.0,Jump Shot,A. Nesmith,232.0,8.0,0.0,30.0,7.0,7.0,7.0,1,0,0.0,0,1.0,,0.0,Missed,0.0,0.0,0.0,IND,https://cdn.nba.com/logos/nba/1610612754/primary/L/logo.svg,Aaron Nesmith,https://cdn.nba.com/headshots/nba/latest/1040x760/1630174.png
0022500963,197,4,PT00M34.80S,PT00M31.00S,2,"Timeout, Missed Shot",Suns Timeout: Regular (Reg.7 Short 0) | MISS Green 26' 3PT Pullup Jump Shot,PHX,Phoenix Suns,1610612756,1630224,J. Green,116,110,Missed,3.0,Pullup Jump shot,J. Green,-159.0,207.0,26.0,31.0,4.0,4.0,4.0,1,0,0.0,0,1.0,,3.0,,,3.0,3.0,PHX,https://cdn.nba.com/logos/nba/1610612756/primary/L/logo.svg,Jalen Green,https://cdn.nba.com/headshots/nba/latest/1040x760/1630224.png
0022500967,55,1,PT00M38.30S,PT00M33.10S,2,"Steal, Made Shot",Clingan STEAL (2 STL) | Henderson 4' Running Layup (10 PTS) (Holiday 1 AST),POR,Portland Trail Blazers,1610612757,1630703,S. Henderson,28,38,Made,2.0,Running Layup Shot,S. Henderson,25.0,37.0,4.0,33.0,5.0,5.0,5.0,1,0,2.0,0,1.0,,0.0,Missed,0.0,0.0,2.0,POR,https://cdn.nba.com/logos/nba/1610612757/primary/L/logo.svg,Scoot Henderson,https://cdn.nba.com/headshots/nba/latest/1040x760/1630703.png
0022500967,103,2,PT00M36.10S,PT00M31.70S,2,"Rebound, Missed Shot",Filipowski REBOUND (Off:0 Def:4) | MISS Collier 15' Running Pull-Up Jump Shot,UTA,Utah Jazz,1610612762,1642268,I. Collier,63,58,Missed,2.0,Running Pull-Up Jump Shot,I. Collier,65.0,130.0,15.0,32.0,4.0,4.0,4.0,1,0,0.0,0,1.0,,0.0,Missed,1.0,0.0,0.0,UTA,https://cdn.nba.com/logos/nba/1610612762/primary/L/logo.svg,Isaiah Collier,https://cdn.nba.com/headshots/nba/latest/1040x760/1642268.png
0022500969,56,1,PT00M37.60S,PT00M17.20S,2,"Rebound, Made Shot",Minott REBOUND (Off:0 Def:2) | Saraf 4' Driving Layup (2 PTS),BKN,Brooklyn Nets,1610612751,1642879,B. Saraf,29,16,Made,2.0,Driving Layup Shot,B. Saraf,10.0,38.0,4.0,17.0,21.0,21.0,21.0,0,1,2.0,0,,0.0,,,,0.0,2.0,BKN,https://cdn.nba.com/logos/nba/1610612751/primary/L/logo.svg,Ben Saraf,https://cdn.nba.com/headshots/nba/latest/1040x760/1642879.png
0022500972,53,1,PT00M37.20S,PT00M17.50S,2,"Rebound, Made Shot",Bane REBOUND (Off:0 Def:1) | Carter 20' Step Back Jump Shot (2 PTS),ORL,Orlando Magic,1610612753,1628975,J. Carter,27,41,Made,2.0,Step Back Jump shot,J. Carter,108.0,170.0,20.0,18.0,19.0,19.0,19.0,0,1,2.0,0,,0.0,,,,0.0,2.0,ORL,https://cdn.nba.com/logos/nba/1610612753/primary/L/logo.svg,Jevon Carter,https://cdn.nba.com/headshots/nba/latest/1040x760/1628975.png
0022500976,103,2,PT00M35.70S,PT00M29.10S,2,"Rebound, Missed Shot",Wallace REBOUND (Off:2 Def:3) | MISS Mitchell 24' 3PT Running Jump Shot,OKC,Oklahoma City Thunder,1610612760,1642349,A. Mitchell,47,51,Missed,3.0,Running Jump Shot,A. Mitchell,-234.0,33.0,24.0,29.0,7.0,7.0,7.0,1,0,0.0,0,0.0,,,,,0.0,0.0,OKC,https://cdn.nba.com/logos/nba/1610612760/primary/L/logo.svg,Ajay Mitchell,https://cdn.nba.com/headshots/nba/latest/1040x760/1642349.png
0022500984,216,4,PT00M37.40S,PT00M12.70S,2,"Steal, Missed Shot",Santos STEAL (1 STL) | MISS Podziemski 24' 3PT Jump Shot,GSW,Golden State Warriors,1610612744,1641764,B. Podziemski,117,125,Missed,3.0,Jump Shot,B. Podziemski,-235.0,-1.0,24.0,13.0,24.0,24.0,24.0,0,1,0.0,0,,0.0,,,,0.0,0.0,GSW,https://cdn.nba.com/logos/nba/1610612744/primary/L/logo.svg,Brandin Podziemski,https://cdn.nba.com/headshots/nba/latest/1040x760/1641764.png
0022500986,151,3,PT00M34.10S,PT00M34.10S,1,Made Shot,Booker 19' Step Back Jump Shot (35 PTS),PHX,Phoenix Suns,1610612756,1626164,D. Booker,88,86,Made,2.0,Step Back Jump shot,D. Booker,-91.0,163.0,19.0,34.0,6.0,0.0,6.0,1,0,2.0,0,0.0,,,,,0.0,2.0,PHX,https://cdn.nba.com/logos/nba/1610612756/primary/L/logo.svg,Devin Booker,https://cdn.nba.com/headshots/nba/latest/1040x760/1626164.png
0022500987,159,3,PT00M40.20S,PT00M36.00S,2,"Steal, Made Shot",Jones STEAL (2 STL) | Jones 1' Running Layup (15 PTS),CHI,Chicago Bulls,1610612741,1630200,T. Jones,92,82,Made,2.0,Running Layup Shot,T. Jones,6.0,13.0,1.0,36.0,4.0,4.0,4.0,1,0,2.0,0,1.0,,3.0,Made,12.0,3.0,5.0,CHI,https://cdn.nba.com/logos/nba/1610612741/primary/L/logo.svg,Tre Jones,https://cdn.nba.com/headshots/nba/latest/1040x760/1630200.png
0022500990,49,1,PT00M34.10S,PT00M28.00S,2,"Rebound, Made Shot",Miller REBOUND (Off:0 Def:1) | Miller 4' Driving Layup (4 PTS),LAC,LA Clippers,1610612746,1641757,J. Miller,37,26,Made,2.0,Driving Layup Shot,J. Miller,-15.0,34.0,4.0,28.0,6.0,6.0,6.0,1,0,2.0,0,0.0,,,,,0.0,2.0,LAC,https://cdn.nba.com/logos/nba/1610612746/primary/L/logo.svg,Jordan Miller,https://cdn.nba.com/headshots/nba/latest/1040x760/1641757.png
0022500992,104,2,PT00M34.40S,PT00M34.40S,1,Missed Shot,MISS Gilgeous-Alexander 14' Pullup Jump Shot,OKC,Oklahoma City Thunder,1610612760,1628983,S. Gilgeous-Alexander,47,51,Missed,2.0,Pullup Jump shot,S. Gilgeous-Alexander,15.0,138.0,14.0,34.0,6.0,0.0,6.0,1,0,0.0,0,1.0,,0.0,Missed,1.0,0.0,0.0,OKC,https://cdn.nba.com/logos/nba/1610612760/primary/L/logo.svg,Shai Gilgeous-Alexander,https://cdn.nba.com/headshots/nba/latest/1040x760/1628983.png
0022500995,93,2,PT00M38.80S,PT00M33.20S,2,"Rebound, Missed Shot",Harden REBOUND (Off:1 Def:3) | MISS Strus 27' 3PT Jump Shot,CLE,Cleveland Cavaliers,1610612739,1629622,M. Strus,56,56,Missed,3.0,Jump Shot,M. Strus,48.0,266.0,27.0,33.0,6.0,6.0,6.0,1,0,0.0,0,1.0,,1.0,,,1.0,1.0,CLE,https://cdn.nba.com/logos/nba/1610612739/primary/L/logo.svg,Max Strus,https://cdn.nba.com/headshots/nba/latest/1040x760/1629622.png
0022500995,197,4,PT00M38.80S,PT00M32.90S,2,"Timeout, Made Shot",BUCKS Timeout: Regular (Full 7 Short 0) | Portis 1' Driving Layup (19 PTS) (Porter Jr. 10 AST),MIL,Milwaukee Bucks,1610612749,1626171,B. Portis,114,121,Made,2.0,Driving Layup Shot,B. Portis,-6.0,9.0,1.0,33.0,6.0,6.0,6.0,1,0,2.0,0,1.0,,2.0,,,2.0,4.0,MIL,https://cdn.nba.com/logos/nba/1610612749/primary/L/logo.svg,Bobby Portis,https://cdn.nba.com/headshots/nba/latest/1040x760/1626171.png
0022500998,102,2,PT00M36.70S,PT00M30.30S,2,"Rebound, Missed Shot",Raynaud REBOUND (Off:0 Def:5) | MISS Clifford 3PT Step Back Jump Shot,SAC,Sacramento Kings,1610612758,1642363,N. Clifford,47,76,Missed,3.0,Step Back Jump shot,N. Clifford,-228.0,21.0,0.0,30.0,7.0,7.0,7.0,1,0,0.0,0,0.0,,,,,0.0,0.0,SAC,https://cdn.nba.com/logos/nba/1610612758/primary/L/logo.svg,Nique Clifford,https://cdn.nba.com/headshots/nba/latest/1040x760/1642363.png
0022500998,153,3,PT00M35.10S,PT00M27.50S,2,"Rebound, Missed Shot",Hayes REBOUND (Off:0 Def:1) | MISS Clifford 11' Driving Floating Jump Shot,SAC,Sacramento Kings,1610612758,1642363,N. Clifford,81,112,Missed,2.0,Driving Floating Jump Shot,N. Clifford,113.0,13.0,11.0,28.0,7.0,7.0,7.0,1,0,0.0,0,0.0,,,,,0.0,0.0,SAC,https://cdn.nba.com/logos/nba/1610612758/primary/L/logo.svg,Nique Clifford,https://cdn.nba.com/headshots/nba/latest/1040x760/1642363.png
0022500999,155,3,PT00M38.30S,PT00M34.60S,2,"Rebound, Made Shot",Payton II REBOUND (Off:4 Def:1) | Porzingis 30' 3PT Jump Shot (11 PTS) (Payton II 4 AST),GSW,Golden State Warriors,1610612744,204001,K. Porziņģis,89,73,Made,3.0,Jump Shot,K. Porziņģis,-77.0,294.0,30.0,35.0,3.0,3.0,3.0,1,0,3.0,0,0.0,,,,,0.0,3.0,GSW,https://cdn.nba.com/logos/nba/1610612744/primary/L/logo.svg,Kristaps Porziņģis,https://cdn.nba.com/headshots/nba/latest/1040x760/204001.png
0022501001,209,4,PT00M36.20S,PT00M32.90S,3,"Timeout, Timeout, Made Shot",PACERS Timeout: Regular (Full 6 Short 0) | PACERS Timeout: Regular (Full 7 Short 0) | Slawson 2' Driving Finger Roll Layup (17 PTS) (Jones 2 AST),IND,Indiana Pacers,1610612754,1641771,J. Slawson,119,125,Made,2.0,Driving Finger Roll Layup Shot,J. Slawson,2.0,21.0,2.0,33.0,3.0,3.0,3.0,1,0,2.0,0,1.0,,0.0,,18.0,0.0,2.0,IND,https://cdn.nba.com/logos/nba/1610612754/primary/L/logo.svg,Jalen Slawson,https://cdn.nba.com/headshots/nba/latest/1040x760/1641771.png
0022501002,104,2,PT00M36.00S,PT00M21.80S,2,"Rebound, Missed Shot",Buzelis REBOUND (Off:1 Def:2) | MISS Giddey 7' Driving Floating Jump Shot,CHI,Chicago Bulls,1610612741,1630581,J. Giddey,45,72,Missed,2.0,Driving Floating Jump Shot,J. Giddey,37.0,58.0,7.0,22.0,14.0,14.0,14.0,0,1,0.0,0,,0.0,,,,0.0,0.0,CHI,https://cdn.nba.com/logos/nba/1610612741/primary/L/logo.svg,Josh Giddey,https://cdn.nba.com/headshots/nba/latest/1040x760/1630581.png
0022501004,118,2,PT00M39.90S,PT00M38.30S,2,"Rebound, Made Shot",Jazz Rebound | Sensabaugh 1' Reverse Layup (23 PTS) (Harkless 1 AST),UTA,Utah Jazz,1610612762,1641729,B. Sensabaugh,72,56,Made,2.0,Reverse Layup Shot,B. Sensabaugh,9.0,4.0,1.0,38.0,2.0,2.0,2.0,1,0,2.0,0,1.0,,2.0,,11.0,2.0,4.0,UTA,https://cdn.nba.com/logos/nba/1610612762/primary/L/logo.svg,Brice Sensabaugh,https://cdn.nba.com/headshots/nba/latest/1040x760/1641729.png
0022501004,119,2,PT00M33.50S,PT00M33.50S,1,Missed Shot,MISS McDaniels 24' 3PT Jump Shot,MIN,Minnesota Timberwolves,1610612750,1630183,J. McDaniels,72,56,Missed,3.0,Jump Shot,J. McDaniels,217.0,109.0,24.0,34.0,4.0,0.0,4.0,1,0,0.0,0,1.0,,0.0,Missed,1.0,0.0,0.0,MIN,https://cdn.nba.com/logos/nba/1610612750/primary/L/logo.svg,Jaden McDaniels,https://cdn.nba.com/headshots/nba/latest/1040x760/1630183.png
0022501005,102,2,PT00M34.70S,PT00M31.20S,2,"Rebound, Made Shot",PELICANS Rebound | Murphy III 25' 3PT Jump Shot (12 PTS) (Bey 1 AST),NOP,New Orleans Pelicans,1610612740,1630530,T. Murphy III,58,58,Made,3.0,Jump Shot,T. Murphy III,-173.0,182.0,25.0,31.0,4.0,4.0,4.0,1,0,3.0,0,1.0,,2.0,Made,0.0,2.0,5.0,NOP,https://cdn.nba.com/logos/nba/1610612740/primary/L/logo.svg,Trey Murphy III,https://cdn.nba.com/headshots/nba/latest/1040x760/1630530.png
0022501010,154,3,PT00M35.00S,PT00M19.90S,5,"Rebound, Foul, Missed Shot, Rebound, Made Shot",Powell REBOUND (Off:0 Def:1) | LaRavia P.FOUL (P3.T3) (M.Lindsay) | MISS Jakucionis 26' 3PT Jump Shot | Ware REBOUND (Off:3 Def:5) | Ware 4' Floating Jump Shot (12 PTS),MIA,Miami Heat,1610612748,1642276,K. Ware,88,97,Missed,3.0,Jump Shot,K. Jakučionis,-228.0,127.0,26.0,23.0,15.0,12.0,12.0,0,1,2.0,0,,0.0,,,,0.0,2.0,MIA,https://cdn.nba.com/logos/nba/1610612748/primary/L/logo.svg,Kasparas Jakučionis,https://cdn.nba.com/headshots/nba/latest/1040x760/1642857.png
0022501011,106,2,PT00M35.00S,PT00M31.60S,2,"Steal, Made Shot",Williams STEAL (1 STL) | Richards 1' Running Dunk (5 PTS) (Giddey 11 AST),CHI,Chicago Bulls,1610612741,1630208,N. Richards,45,61,Made,2.0,Running Dunk Shot,N. Richards,-4.0,10.0,1.0,32.0,3.0,3.0,3.0,1,0,2.0,0,1.0,,0.0,Missed,0.0,0.0,2.0,CHI,https://cdn.nba.com/logos/nba/1610612741/primary/L/logo.svg,Nick Richards,https://cdn.nba.com/headshots/nba/latest/1040x760/1630208.png
0022501012,149,3,PT00M36.00S,PT00M23.20S,3,"Missed Shot, Rebound, Made Shot",MISS Bogdanovic 29' 3PT Pullup Jump Shot | Miller REBOUND (Off:2 Def:5) | Jackson 1' Dunk (10 PTS) (Sanders 2 AST),LAC,LA Clippers,1610612746,1630543,I. Jackson,84,84,Missed,3.0,Pullup Jump shot,B. Bogdanović,87.0,279.0,29.0,36.0,21.0,0.0,21.0,0,1,2.0,0,,1.0,0.0,Missed,1.0,0.0,2.0,LAC,https://cdn.nba.com/logos/nba/1610612746/primary/L/logo.svg,Bogdan Bogdanović,https://cdn.nba.com/headshots/nba/latest/1040x760/203992.png
0022501012,200,4,PT00M34.40S,PT00M28.70S,2,"Rebound, Made Shot",Dunn REBOUND (Off:2 Def:5) | Bogdanovic 2' Driving Layup (16 PTS),LAC,LA Clippers,1610612746,203992,B. Bogdanović,105,99,Made,2.0,Driving Layup Shot,B. Bogdanović,15.0,8.0,2.0,29.0,5.0,5.0,5.0,1,0,2.0,0,1.0,,0.0,Missed,11.0,0.0,2.0,LAC,https://cdn.nba.com/logos/nba/1610612746/primary/L/logo.svg,Bogdan Bogdanović,https://cdn.nba.com/headshots/nba/latest/1040x760/203992.png
0022501013,95,2,PT00M39.20S,PT00M35.40S,2,"Rebound, Made Shot",Bouyea REBOUND (Off:0 Def:2) | Maluach Running Dunk (2 PTS) (Gillespie 3 AST),PHX,Phoenix Suns,1610612756,1642863,K. Maluach,52,59,Made,2.0,Running Dunk Shot,K. Maluach,-2.0,3.0,0.0,35.0,4.0,4.0,4.0,1,0,2.0,0,1.0,,0.0,Missed,2.0,0.0,2.0,PHX,https://cdn.nba.com/logos/nba/1610612756/primary/L/logo.svg,Khaman Maluach,https://cdn.nba.com/headshots/nba/latest/1040x760/1642863.png
0022501020,209,4,PT00M35.20S,PT00M22.20S,6,"Missed Shot, Rebound, Missed Shot, Rebound, Timeout, Made Shot",MISS Avdija 7' Driving Floating Jump Shot | Grant REBOUND (Off:1 Def:3) | MISS Grant 3PT Jump Shot | Avdija REBOUND (Off:3 Def:5) | Trail Blazers Timeout: Regular (Reg.5 Short 0) | Grant 24' 3PT Jump Shot (24 PTS) (Holiday 12 AST),POR,Portland Trail Blazers,1610612757,203924,J. Grant,104,106,Missed,2.0,Driving Floating Jump Shot,D. Avdija,43.0,57.0,7.0,35.0,13.0,0.0,13.0,0,1,3.0,0,,1.0,2.0,,,2.0,5.0,POR,https://cdn.nba.com/logos/nba/1610612757/primary/L/logo.svg,Deni Avdija,https://cdn.nba.com/headshots/nba/latest/1040x760/1630166.png
0022501022,50,1,PT00M38.90S,PT00M22.90S,4,"Steal, Missed Shot, Rebound, Missed Shot",Cooper STEAL (1 STL) | MISS Vukcevic 28' 3PT Running Pull-Up Jump Shot | Gill REBOUND (Off:1 Def:0) | MISS Watkins 3PT Jump Shot,WAS,Washington Wizards,1610612764,1642364,J. Watkins,32,32,Missed,3.0,Running Pull-Up Jump Shot,T. Vukcevic,112.0,257.0,28.0,33.0,16.0,6.0,6.0,1,0,0.0,0,0.0,,,,,0.0,0.0,WAS,https://cdn.nba.com/logos/nba/1610612764/primary/L/logo.svg,Tristan Vukcevic,https://cdn.nba.com/headshots/nba/latest/1040x760/1641774.png
0022501026,53,1,PT00M38.30S,PT00M30.70S,2,"Steal, Made Shot",Kuminga STEAL (1 STL) | Risacher 25' 3PT Jump Shot (6 PTS) (McCollum 3 AST),ATL,Atlanta Hawks,1610612737,1642258,Z. Risacher,35,35,Made,3.0,Jump Shot,Z. Risacher,61.0,243.0,25.0,31.0,7.0,7.0,7.0,1,0,3.0,0,1.0,,0.0,Missed,1.0,0.0,3.0,ATL,https://cdn.nba.com/logos/nba/1610612737/primary/L/logo.svg,Zaccharie Risacher,https://cdn.nba.com/headshots/nba/latest/1040x760/1642258.png
0022501027,52,1,PT00M39.10S,PT00M39.10S,3,"Timeout, Instant Replay, Missed Shot",ROCKETS Timeout: Coach Challenge (Full 2 Short 0) | Instant Replay1st Period (8:39 PM EST) | MISS Larsson 4' Driving Finger Roll Layup,MIA,Miami Heat,1610612748,1641796,P. Larsson,30,29,Missed,2.0,Driving Finger Roll Layup Shot,P. Larsson,-2.0,36.0,4.0,39.0,0.0,0.0,0.0,1,0,0.0,0,1.0,,0.0,Missed,20.0,0.0,0.0,MIA,https://cdn.nba.com/logos/nba/1610612748/primary/L/logo.svg,Pelle Larsson,https://cdn.nba.com/headshots/nba/latest/1040x760/1641796.png
0022501027,53,1,PT00M39.10S,PT00M20.40S,3,"Jump Ball, Rebound, Missed Shot",Jump Ball Smith Jr. vs. Adebayo: Tip to Smith | Heat Rebound | MISS Fontecchio 26' 3PT Jump Shot,MIA,Miami Heat,1610612748,1631323,S. Fontecchio,30,29,Missed,3.0,Jump Shot,S. Fontecchio,-194.0,173.0,26.0,20.0,19.0,19.0,19.0,0,1,0.0,0,,0.0,,,,0.0,0.0,MIA,https://cdn.nba.com/logos/nba/1610612748/primary/L/logo.svg,Simone Fontecchio,https://cdn.nba.com/headshots/nba/latest/1040x760/1631323.png
0022501029,50,1,PT00M33.70S,PT00M33.70S,1,Made Shot,Thompson 29' 3PT Jump Shot (12 PTS) (Nembhard 5 AST),DAL,Dallas Mavericks,1610612742,202691,K. Thompson,42,32,Made,3.0,Jump Shot,K. Thompson,-7.0,285.0,29.0,34.0,5.0,0.0,5.0,1,0,3.0,0,1.0,,0.0,Missed,2.0,0.0,3.0,DAL,https://cdn.nba.com/logos/nba/1610612742/primary/L/logo.svg,Klay Thompson,https://cdn.nba.com/headshots/nba/latest/1040x760/202691.png
0022501031,53,1,PT00M39.40S,PT00M22.70S,3,"Rebound, Foul, Made Shot",SUNS Rebound | Green L.B.FOUL (P1.T2) (J.Butler) | Fleming 2' Cutting Finger Roll Layup Shot (2 PTS) (Gillespie 2 AST),PHX,Phoenix Suns,1610612756,1642853,R. Fleming,26,13,Made,2.0,Cutting Finger Roll Layup Shot,R. Fleming,-6.0,15.0,2.0,23.0,16.0,16.0,16.0,0,1,2.0,0,,0.0,,,,0.0,2.0,PHX,https://cdn.nba.com/logos/nba/1610612756/primary/L/logo.svg,Rasheer Fleming,https://cdn.nba.com/headshots/nba/latest/1040x760/1642853.png
0022501032,52,1,PT00M35.80S,PT00M30.90S,2,"Rebound, Missed Shot",Trail Blazers Rebound | MISS Murray 3PT Jump Shot,POR,Portland Trail Blazers,1610612757,1631200,K. Murray,40,38,Missed,3.0,Jump Shot,K. Murray,-229.0,4.0,0.0,31.0,5.0,5.0,5.0,1,0,0.0,0,1.0,,2.0,Made,21.0,2.0,2.0,POR,https://cdn.nba.com/logos/nba/1610612757/primary/L/logo.svg,Kris Murray,https://cdn.nba.com/headshots/nba/latest/1040x760/1631200.png
0022501033,44,1,PT00M35.80S,PT00M31.80S,2,"Rebound, Made Shot",Saraf REBOUND (Off:0 Def:1) | Smith 24' 3PT Running Jump Shot (6 PTS) (Liddell 1 AST),BKN,Brooklyn Nets,1610612751,1641869,M. Smith,27,32,Made,3.0,Running Jump Shot,M. Smith,-232.0,63.0,24.0,32.0,4.0,4.0,4.0,1,0,3.0,0,1.0,,2.0,Made,0.0,2.0,5.0,BKN,https://cdn.nba.com/logos/nba/1610612751/primary/L/logo.svg,Malachi Smith,
0022501034,48,1,PT00M36.10S,PT00M31.20S,3,"Rebound, Foul, Made Shot",KNICKS Rebound | Gill L.B.FOUL (P1.T3) (J.Sterling) | Anunoby 24' 3PT Jump Shot (3 PTS),NYK,New York Knicks,1610612752,1628384,O. Anunoby,32,25,Made,3.0,Jump Shot,O. Anunoby,-235.0,2.0,24.0,31.0,5.0,5.0,5.0,1,0,3.0,0,1.0,,0.0,Missed,5.0,0.0,3.0,NYK,https://cdn.nba.com/logos/nba/1610612752/primary/L/logo.svg,OG Anunoby,https://cdn.nba.com/headshots/nba/latest/1040x760/1628384.png
0022501040,100,2,PT00M33.70S,PT00M28.00S,2,"Rebound, Missed Shot",Edgecombe REBOUND (Off:0 Def:5) | MISS Edgecombe 28' 3PT Pullup Jump Shot,PHI,Philadelphia 76ers,1610612755,1642845,V. Edgecombe,43,62,Missed,3.0,Pullup Jump shot,V. Edgecombe,-115.0,253.0,28.0,28.0,6.0,6.0,6.0,1,0,0.0,0,1.0,,0.0,Missed,0.0,0.0,0.0,PHI,https://cdn.nba.com/logos/nba/1610612755/primary/L/logo.svg,VJ Edgecombe,https://cdn.nba.com/headshots/nba/latest/1040x760/1642845.png
0022501041,54,1,PT00M37.60S,PT00M33.90S,2,"Rebound, Made Shot",Adebayo REBOUND (Off:0 Def:1) | Jakucionis 3PT Running Jump Shot (6 PTS) (Adebayo 2 AST),MIA,Miami Heat,1610612748,1642857,K. Jakučionis,31,35,Made,3.0,Running Jump Shot,K. Jakučionis,-224.0,69.0,0.0,34.0,4.0,4.0,4.0,1,0,3.0,0,1.0,,0.0,Missed,0.0,0.0,3.0,MIA,https://cdn.nba.com/logos/nba/1610612748/primary/L/logo.svg,Kasparas Jakučionis,https://cdn.nba.com/headshots/nba/latest/1040x760/1642857.png
0022501041,113,2,PT00M37.60S,PT00M14.90S,2,"Rebound, Missed Shot",Wiggins REBOUND (Off:1 Def:2) | MISS Larsson 6' Driving Floating Jump Shot,MIA,Miami Heat,1610612748,1641796,P. Larsson,58,76,Missed,2.0,Driving Floating Jump Shot,P. Larsson,-13.0,58.0,6.0,15.0,23.0,23.0,23.0,0,1,0.0,0,,0.0,,,,0.0,0.0,MIA,https://cdn.nba.com/logos/nba/1610612748/primary/L/logo.svg,Pelle Larsson,https://cdn.nba.com/headshots/nba/latest/1040x760/1641796.png
0022501042,56,1,PT00M35.70S,PT00M32.10S,2,"Rebound, Missed Shot",Durant REBOUND (Off:1 Def:3) | MISS Finney-Smith 26' 3PT Running Jump Shot,HOU,Houston Rockets,1610612745,1627827,D. Finney-Smith,39,21,Missed,3.0,Running Jump Shot,D. Finney-Smith,-151.0,213.0,26.0,32.0,4.0,4.0,4.0,1,0,0.0,0,1.0,,0.0,,,0.0,0.0,HOU,https://cdn.nba.com/logos/nba/1610612745/primary/L/logo.svg,Dorian Finney-Smith,https://cdn.nba.com/headshots/nba/latest/1040x760/1627827.png
0022501043,173,3,PT00M39.00S,PT00M34.90S,2,"Steal, Made Shot",Filipowski STEAL (1 STL) | Bailey 24' Running Jump Shot (28 PTS) (Filipowski 3 AST),UTA,Utah Jazz,1610612762,1642846,A. Bailey,85,115,Made,2.0,Running Jump Shot,A. Bailey,22.0,236.0,24.0,35.0,4.0,4.0,4.0,1,0,2.0,0,1.0,,3.0,Made,10.0,3.0,5.0,UTA,https://cdn.nba.com/logos/nba/1610612762/primary/L/logo.svg,Ace Bailey,https://cdn.nba.com/headshots/nba/latest/1040x760/1642846.png
0022501046,49,1,PT00M39.20S,PT00M33.60S,2,"Rebound, Made Shot",Miller REBOUND (Off:0 Def:1) | Dunn 3PT Running Jump Shot (5 PTS) (Garland 2 AST),LAC,LA Clippers,1610612746,1627739,K. Dunn,28,22,Made,3.0,Running Jump Shot,K. Dunn,227.0,4.0,0.0,34.0,5.0,5.0,5.0,1,0,3.0,0,0.0,,,,,0.0,3.0,LAC,https://cdn.nba.com/logos/nba/1610612746/primary/L/logo.svg,Kris Dunn,https://cdn.nba.com/headshots/nba/latest/1040x760/1627739.png
0022501046,101,2,PT00M36.80S,PT00M31.00S,2,"Rebound, Made Shot",Batum REBOUND (Off:0 Def:3) | Leonard 28' 3PT Step Back Jump Shot (22 PTS),LAC,LA Clippers,1610612746,202695,K. Leonard,71,47,Made,3.0,Step Back Jump shot,K. Leonard,-142.0,239.0,28.0,31.0,6.0,6.0,6.0,1,0,3.0,0,1.0,,0.0,Missed,5.0,0.0,3.0,LAC,https://cdn.nba.com/logos/nba/1610612746/primary/L/logo.svg,Kawhi Leonard,https://cdn.nba.com/headshots/nba/latest/1040x760/202695.png
0022501047,103,2,PT00M38.80S,PT00M32.00S,2,"Rebound, Missed Shot",Miller REBOUND (Off:1 Def:2) | MISS White 31' 3PT Pullup Jump Shot,CHA,Charlotte Hornets,1610612766,1629632,C. White,70,47,Missed,3.0,Pullup Jump shot,C. White,-4.0,306.0,31.0,32.0,7.0,7.0,7.0,1,0,0.0,0,1.0,,2.0,,,2.0,2.0,CHA,https://cdn.nba.com/logos/nba/1610612766/primary/L/logo.svg,Coby White,https://cdn.nba.com/headshots/nba/latest/1040x760/1629632.png
0022501049,147,3,PT00M35.90S,PT00M22.30S,2,"Rebound, Made Shot",Bryant REBOUND (Off:1 Def:5) | Mitchell 5' Turnaround Jump Shot (31 PTS),CLE,Cleveland Cavaliers,1610612739,1628378,D. Mitchell,104,95,Made,2.0,Turnaround Jump Shot,D. Mitchell,-44.0,31.0,5.0,22.0,14.0,14.0,14.0,0,1,2.0,0,,1.0,1.0,,,1.0,3.0,CLE,https://cdn.nba.com/logos/nba/1610612739/primary/L/logo.svg,Donovan Mitchell,https://cdn.nba.com/headshots/nba/latest/1040x760/1628378.png
0022501050,46,1,PT00M35.60S,PT00M31.00S,2,"Rebound, Missed Shot",Gillespie REBOUND (Off:0 Def:1) | MISS Gillespie 3' Running Layup,PHX,Phoenix Suns,1610612756,1631221,C. Gillespie,35,26,Missed,2.0,Running Layup Shot,C. Gillespie,-15.0,24.0,3.0,31.0,5.0,5.0,5.0,1,0,0.0,0,0.0,,,,,0.0,0.0,PHX,https://cdn.nba.com/logos/nba/1610612756/primary/L/logo.svg,Collin Gillespie,https://cdn.nba.com/headshots/nba/latest/1040x760/1631221.png
0022501051,233,5,PT00M36.10S,PT00M15.60S,2,"Foul, Missed Shot",Thompson P.FOUL (P5.T3) (K.Scott) | MISS McCollum 27' 3PT Jump Shot,ATL,Atlanta Hawks,1610612737,203468,C. McCollum,129,130,Missed,3.0,Jump Shot,C. McCollum,-208.0,172.0,27.0,16.0,20.0,20.0,20.0,0,1,0.0,0,,0.0,,,,0.0,0.0,ATL,https://cdn.nba.com/logos/nba/1610612737/primary/L/logo.svg,CJ McCollum,https://cdn.nba.com/headshots/nba/latest/1040x760/203468.png
0022501052,52,1,PT00M34.80S,PT00M14.90S,2,"Rebound, Made Shot",L. James REBOUND (Off:1 Def:2) | Doncic 1' Driving Finger Roll Layup (21 PTS) (L. James 3 AST),LAL,Los Angeles Lakers,1610612747,1629029,L. Dončić,28,45,Made,2.0,Driving Finger Roll Layup Shot,L. Dončić,6.0,6.0,1.0,15.0,20.0,20.0,20.0,0,1,2.0,0,,0.0,,,,0.0,2.0,LAL,https://cdn.nba.com/logos/nba/1610612747/primary/L/logo.svg,Luka Dončić,https://cdn.nba.com/headshots/nba/latest/1040x760/1629029.png
0022501057,173,3,PT00M39.20S,PT00M33.70S,2,"Steal, Made Shot",Mbeng STEAL (3 STL) | Chandler 2' Running Layup (10 PTS) (Tshiebwe 4 AST),UTA,Utah Jazz,1610612762,1631113,K. Chandler,73,102,Made,2.0,Running Layup Shot,K. Chandler,18.0,3.0,2.0,34.0,5.0,5.0,5.0,1,0,2.0,0,1.0,,2.0,Made,1.0,2.0,4.0,UTA,https://cdn.nba.com/logos/nba/1610612762/primary/L/logo.svg,Kennedy Chandler,https://cdn.nba.com/headshots/nba/latest/1040x760/1631113.png
0022501058,201,4,PT00M33.50S,PT00M28.50S,3,"Violation, Timeout, Made Shot",Durant Violation:Kicked Ball (S.Foster) | TIMBERWOLVES Timeout: Regular (Full 6 Short 0) | Randle 6' Driving Floating Jump Shot (20 PTS),MIN,Minnesota Timberwolves,1610612750,203944,J. Randle,95,94,Made,2.0,Driving Floating Jump Shot,J. Randle,-56.0,1.0,6.0,28.0,6.0,6.0,6.0,1,0,2.0,0,1.0,,0.0,Missed,1.0,0.0,2.0,MIN,https://cdn.nba.com/logos/nba/1610612750/primary/L/logo.svg,Julius Randle,https://cdn.nba.com/headshots/nba/latest/1040x760/203944.png
0022501059,165,3,PT00M40.10S,PT00M32.90S,2,"Rebound, Made Shot",Watson REBOUND (Off:0 Def:3) | Strawther 27' 3PT Jump Shot (8 PTS) (Jokic 16 AST),DEN,Denver Nuggets,1610612743,1631124,J. Strawther,109,98,Made,3.0,Jump Shot,J. Strawther,-91.0,256.0,27.0,33.0,7.0,7.0,7.0,1,0,3.0,0,1.0,,2.0,Made,6.0,2.0,5.0,DEN,https://cdn.nba.com/logos/nba/1610612743/primary/L/logo.svg,Julian Strawther,https://cdn.nba.com/headshots/nba/latest/1040x760/1631124.png
0022501062,49,1,PT00M35.40S,PT00M29.60S,2,"Rebound, Made Shot",Mathurin REBOUND (Off:1 Def:1) | Batum 3PT Jump Shot (3 PTS) (Mathurin 2 AST),LAC,LA Clippers,1610612746,201587,N. Batum,36,22,Made,3.0,Jump Shot,N. Batum,233.0,-6.0,0.0,30.0,5.0,5.0,5.0,1,0,3.0,0,0.0,,,,,0.0,3.0,LAC,https://cdn.nba.com/logos/nba/1610612746/primary/L/logo.svg,Nicolas Batum,https://cdn.nba.com/headshots/nba/latest/1040x760/201587.png
0022501063,97,2,PT00M34.40S,PT00M11.80S,2,"Rebound, Made Shot",Diabate REBOUND (Off:1 Def:3) | White 9' Pullup Jump Shot (12 PTS),CHA,Charlotte Hornets,1610612766,1629632,C. White,65,55,Made,2.0,Pullup Jump shot,C. White,54.0,74.0,9.0,12.0,22.0,22.0,22.0,0,1,2.0,0,,0.0,,,,0.0,2.0,CHA,https://cdn.nba.com/logos/nba/1610612766/primary/L/logo.svg,Coby White,https://cdn.nba.com/headshots/nba/latest/1040x760/1629632.png
0022501064,52,1,PT00M39.50S,PT00M36.60S,2,"Rebound, Made Shot",Jenkins REBOUND (Off:0 Def:1) | Jenkins 27' 3PT Running Pull-Up Jump Shot (5 PTS),DET,Detroit Pistons,1610612765,1642450,D. Jenkins,29,31,Made,3.0,Running Pull-Up Jump Shot,D. Jenkins,-40.0,263.0,27.0,37.0,3.0,3.0,3.0,1,0,3.0,0,1.0,,2.0,Made,5.0,2.0,5.0,DET,https://cdn.nba.com/logos/nba/1610612765/primary/L/logo.svg,Daniss Jenkins,https://cdn.nba.com/headshots/nba/latest/1040x760/1642450.png
0022501067,191,4,PT00M40.40S,PT00M23.60S,8,"Timeout, Missed Shot, Rebound, Missed Shot, Rebound, Missed Shot, Rebound, Missed Shot",Hawks Timeout: Regular (Reg.6 Short 0) | MISS Alexander-Walker 26' 3PT Jump Shot | Daniels REBOUND (Off:2 Def:4) | MISS Daniels Tip Layup Shot | Okongwu REBOUND (Off:3 Def:5) | MISS Johnson 26' 3PT Pullup Jump Shot | Okongwu REBOUND (Off:4 Def:5) | MISS McCollum 24' 3PT Step Back Jump Shot,ATL,Atlanta Hawks,1610612737,203468,C. McCollum,109,101,Missed,3.0,Jump Shot,N. Alexander-Walker,-158.0,204.0,26.0,36.0,16.0,4.0,4.0,1,0,0.0,0,1.0,,1.0,,20.0,1.0,1.0,ATL,https://cdn.nba.com/logos/nba/1610612737/primary/L/logo.svg,Nickeil Alexander-Walker,https://cdn.nba.com/headshots/nba/latest/1040x760/1629638.png
0022501068,165,3,PT00M36.40S,PT00M30.20S,2,"Rebound, Missed Shot",Strus REBOUND (Off:1 Def:6) | MISS Strus 26' 3PT Running Pull-Up Jump Shot,CLE,Cleveland Cavaliers,1610612739,1629622,M. Strus,105,82,Missed,3.0,Running Pull-Up Jump Shot,M. Strus,156.0,204.0,26.0,30.0,6.0,6.0,6.0,1,0,0.0,0,1.0,,1.0,,,1.0,1.0,CLE,https://cdn.nba.com/logos/nba/1610612739/primary/L/logo.svg,Max Strus,https://cdn.nba.com/headshots/nba/latest/1040x760/1629622.png
0022501069,99,2,PT00M37.00S,PT00M10.20S,6,"Rebound, Missed Shot, Rebound, Missed Shot, Rebound, Missed Shot",Burton REBOUND (Off:1 Def:1) | MISS Burton 3PT Running Jump Shot | Clayton Jr. REBOUND (Off:1 Def:1) | MISS Burton 10' Turnaround Fadeaway Shot | Jarreau REBOUND (Off:1 Def:1) | MISS Jarreau Tip Layup Shot,MEM,Memphis Grizzlies,1610612763,1630610,D. Jarreau,49,54,Missed,3.0,Running Jump Shot,T. Burton,229.0,13.0,0.0,33.0,27.0,4.0,4.0,1,0,0.0,0,0.0,,,,,0.0,0.0,MEM,https://cdn.nba.com/logos/nba/1610612763/primary/L/logo.svg,Tyler Burton,
0022501069,199,4,PT00M34.30S,PT00M34.30S,1,Missed Shot,MISS Small 27' 3PT Jump Shot,MEM,Memphis Grizzlies,1610612763,1642914,J. Small,109,117,Missed,3.0,Jump Shot,J. Small,94.0,256.0,27.0,34.0,6.0,0.0,6.0,1,0,0.0,0,1.0,,0.0,Missed,25.0,0.0,0.0,MEM,https://cdn.nba.com/logos/nba/1610612763/primary/L/logo.svg,Javon Small,https://cdn.nba.com/headshots/nba/latest/1040x760/1642914.png
0022501070,168,3,PT00M37.40S,PT00M28.70S,4,"Foul, Missed Shot, Rebound, Missed Shot",Mitchell P.FOUL (P3.T3) (J.Williams) | MISS Sexton 5' Pullup Jump Shot | Williams REBOUND (Off:1 Def:2) | MISS Williams Tip Layup Shot,CHI,Chicago Bulls,1610612741,1630172,P. Williams,93,88,Missed,2.0,Pullup Jump shot,C. Sexton,-15.0,47.0,5.0,31.0,8.0,6.0,6.0,1,0,0.0,0,1.0,,0.0,Missed,27.0,0.0,0.0,CHI,https://cdn.nba.com/logos/nba/1610612741/primary/L/logo.svg,Collin Sexton,https://cdn.nba.com/headshots/nba/latest/1040x760/1629012.png
0022501071,49,1,PT00M39.10S,PT00M35.30S,2,"Foul, Missed Shot",Barrett P.FOUL (P1.T4) (K.Cutler) | MISS Poole 20' Pullup Jump Shot,NOP,New Orleans Pelicans,1610612740,1629673,J. Poole,29,25,Missed,2.0,Pullup Jump shot,J. Poole,109.0,170.0,20.0,35.0,4.0,4.0,4.0,1,0,0.0,0,1.0,,0.0,Missed,2.0,0.0,0.0,NOP,https://cdn.nba.com/logos/nba/1610612740/primary/L/logo.svg,Jordan Poole,https://cdn.nba.com/headshots/nba/latest/1040x760/1629673.png
0022501071,159,3,PT00M35.80S,PT00M31.60S,2,"Violation, Made Shot",Matkovic Violation:Kicked Ball (M.Davis) | Barnes 17' Pullup Jump Shot (21 PTS) (Shead 6 AST),TOR,Toronto Raptors,1610612761,1630567,S. Barnes,90,75,Made,2.0,Pullup Jump shot,S. Barnes,114.0,120.0,17.0,32.0,4.0,4.0,4.0,1,0,2.0,0,1.0,,0.0,Missed,1.0,0.0,2.0,TOR,https://cdn.nba.com/logos/nba/1610612761/primary/L/logo.svg,Scottie Barnes,https://cdn.nba.com/headshots/nba/latest/1040x760/1630567.png
0022501072,105,2,PT00M37.80S,PT00M32.80S,2,"Rebound, Missed Shot",Konchar REBOUND (Off:1 Def:3) | MISS Sensabaugh 29' 3PT Pullup Jump Shot,UTA,Utah Jazz,1610612762,1641729,B. Sensabaugh,62,60,Missed,3.0,Pullup Jump shot,B. Sensabaugh,88.0,273.0,29.0,33.0,5.0,5.0,5.0,1,0,0.0,0,1.0,,2.0,Made,6.0,2.0,2.0,UTA,https://cdn.nba.com/logos/nba/1610612762/primary/L/logo.svg,Brice Sensabaugh,https://cdn.nba.com/headshots/nba/latest/1040x760/1641729.png
0022501075,56,1,PT00M35.60S,PT00M34.10S,2,"Rebound, Made Shot",Kennard REBOUND (Off:0 Def:2) | Doncic 26' 3PT Step Back Jump Shot (14 PTS) (Reaves 3 AST),LAL,Los Angeles Lakers,1610612747,1629029,L. Dončić,32,25,Made,3.0,Step Back Jump shot,L. Dončić,69.0,247.0,26.0,34.0,2.0,2.0,2.0,1,0,3.0,0,1.0,,3.0,Made,12.0,3.0,6.0,LAL,https://cdn.nba.com/logos/nba/1610612747/primary/L/logo.svg,Luka Dončić,https://cdn.nba.com/headshots/nba/latest/1040x760/1629029.png
0022501076,151,3,PT00M35.90S,PT00M31.60S,2,"Rebound, Missed Shot",Wembanyama REBOUND (Off:1 Def:8) | MISS Wembanyama 5' Running Layup,SAS,San Antonio Spurs,1610612759,1641705,V. Wembanyama,78,102,Missed,2.0,Running Layup Shot,V. Wembanyama,47.0,14.0,5.0,32.0,4.0,4.0,4.0,1,0,0.0,0,1.0,,1.0,Missed,29.0,1.0,1.0,SAS,https://cdn.nba.com/logos/nba/1610612759/primary/L/logo.svg,Victor Wembanyama,https://cdn.nba.com/headshots/nba/latest/1040x760/1641705.png
0022501079,184,3,PT00M35.60S,PT00M34.40S,3,"Rebound, Timeout, Made Shot",Bulls Rebound | Bulls Timeout: Regular (Reg.4 Short 0) | Jones 3' Cutting Layup Shot (10 PTS) (Giddey 9 AST),CHI,Chicago Bulls,1610612741,1630200,T. Jones,94,88,Made,2.0,Cutting Layup Shot,T. Jones,-13.0,26.0,3.0,34.0,2.0,2.0,2.0,1,0,2.0,0,1.0,,0.0,,,0.0,2.0,CHI,https://cdn.nba.com/logos/nba/1610612741/primary/L/logo.svg,Tre Jones,https://cdn.nba.com/headshots/nba/latest/1040x760/1630200.png
0022501080,151,3,PT00M39.10S,PT00M34.10S,2,"Steal, Missed Shot",Anderson STEAL (2 STL) | MISS Hyland 25' 3PT Running Pull-Up Jump Shot,MIN,Minnesota Timberwolves,1610612750,1630538,B. Hyland,60,72,Missed,3.0,Running Pull-Up Jump Shot,B. Hyland,174.0,181.0,25.0,34.0,5.0,5.0,5.0,1,0,0.0,0,1.0,,0.0,Missed,0.0,0.0,0.0,MIN,https://cdn.nba.com/logos/nba/1610612750/primary/L/logo.svg,Bones Hyland,https://cdn.nba.com/headshots/nba/latest/1040x760/1630538.png
0022501081,53,1,PT00M39.60S,PT00M35.00S,2,"Rebound, Made Shot",Konchar REBOUND (Off:0 Def:2) | Sensabaugh 1' Running Dunk (7 PTS) (Konchar 2 AST),UTA,Utah Jazz,1610612762,1641729,B. Sensabaugh,37,19,Made,2.0,Running Dunk Shot,B. Sensabaugh,6.0,-4.0,1.0,35.0,5.0,5.0,5.0,1,0,2.0,0,1.0,,2.0,Made,12.0,2.0,4.0,UTA,https://cdn.nba.com/logos/nba/1610612762/primary/L/logo.svg,Brice Sensabaugh,https://cdn.nba.com/headshots/nba/latest/1040x760/1641729.png
0022501082,98,2,PT00M35.20S,PT00M31.20S,2,"Rebound, Missed Shot",Jones Jr. REBOUND (Off:0 Def:1) | MISS Leonard 29' 3PT Running Pull-Up Jump Shot,LAC,LA Clippers,1610612746,202695,K. Leonard,41,57,Missed,3.0,Running Pull-Up Jump Shot,K. Leonard,-206.0,198.0,29.0,31.0,4.0,4.0,4.0,1,0,0.0,0,1.0,,0.0,,,0.0,0.0,LAC,https://cdn.nba.com/logos/nba/1610612746/primary/L/logo.svg,Kawhi Leonard,https://cdn.nba.com/headshots/nba/latest/1040x760/202695.png
0022501086,57,1,PT00M39.70S,PT00M38.40S,2,"Steal, Made Shot",Mamukelashvili STEAL (2 STL) | Mamukelashvili 1' Running Layup (10 PTS) (Lawson 2 AST),TOR,Toronto Raptors,1610612761,1630572,S. Mamukelashvili,37,20,Made,2.0,Running Layup Shot,S. Mamukelashvili,0.0,7.0,1.0,38.0,2.0,2.0,2.0,1,0,2.0,0,1.0,,1.0,,,1.0,3.0,TOR,https://cdn.nba.com/logos/nba/1610612761/primary/L/logo.svg,Sandro Mamukelashvili,https://cdn.nba.com/headshots/nba/latest/1040x760/1630572.png
0022501086,171,3,PT00M34.20S,PT00M34.20S,1,Missed Shot,MISS Cain 2' Driving Finger Roll Layup,ORL,Orlando Magic,1610612753,1631288,J. Cain,111,68,Missed,2.0,Driving Finger Roll Layup Shot,J. Cain,-18.0,8.0,2.0,34.0,6.0,0.0,6.0,1,0,0.0,0,1.0,,0.0,Missed,2.0,0.0,0.0,ORL,https://cdn.nba.com/logos/nba/1610612753/primary/L/logo.svg,Jamal Cain,https://cdn.nba.com/headshots/nba/latest/1040x760/1631288.png
0022501090,47,1,PT00M39.80S,PT00M37.90S,2,"Rebound, Made Shot",Warriors Rebound | Porzingis 27' 3PT Step Back Jump Shot (6 PTS) (Podziemski 1 AST),GSW,Golden State Warriors,1610612744,204001,K. Porziņģis,21,28,Made,3.0,Step Back Jump shot,K. Porziņģis,-196.0,188.0,27.0,38.0,2.0,2.0,2.0,1,0,3.0,0,0.0,,,,,0.0,3.0,GSW,https://cdn.nba.com/logos/nba/1610612744/primary/L/logo.svg,Kristaps Porziņģis,https://cdn.nba.com/headshots/nba/latest/1040x760/204001.png
0022501094,162,3,PT00M38.00S,PT00M31.80S,2,"Steal, Made Shot",Harper STEAL (1 STL) | Johnson 7' Running Jump Shot (12 PTS),SAS,San Antonio Spurs,1610612759,1629640,K. Johnson,102,80,Made,2.0,Running Jump Shot,K. Johnson,-49.0,46.0,7.0,32.0,6.0,6.0,6.0,1,0,2.0,0,1.0,,0.0,Missed,3.0,0.0,2.0,SAS,https://cdn.nba.com/logos/nba/1610612759/primary/L/logo.svg,Keldon Johnson,https://cdn.nba.com/headshots/nba/latest/1040x760/1629640.png
0022501095,50,1,PT00M39.80S,PT00M36.80S,2,"Rebound, Made Shot",Anderson REBOUND (Off:0 Def:1) | Randle Running Reverse Layup (7 PTS) (Hyland 1 AST),MIN,Minnesota Timberwolves,1610612750,203944,J. Randle,21,33,Made,2.0,Running Reverse Layup Shot,J. Randle,-1.0,0.0,0.0,37.0,3.0,3.0,3.0,1,0,2.0,0,1.0,,2.0,Made,8.0,2.0,4.0,MIN,https://cdn.nba.com/logos/nba/1610612750/primary/L/logo.svg,Julius Randle,https://cdn.nba.com/headshots/nba/latest/1040x760/203944.png
0022501098,157,3,PT00M33.80S,PT00M33.80S,1,Missed Shot,MISS Riley 26' 3PT Jump Shot,WAS,Washington Wizards,1610612764,1642860,W. Riley,88,75,Missed,3.0,Jump Shot,W. Riley,-153.0,211.0,26.0,34.0,6.0,0.0,6.0,1,0,0.0,0,1.0,,2.0,,,2.0,2.0,WAS,https://cdn.nba.com/logos/nba/1610612764/primary/L/logo.svg,Will Riley,https://cdn.nba.com/headshots/nba/latest/1040x760/1642860.png
0022501099,178,3,PT00M36.50S,PT00M34.10S,2,"Steal, Made Shot",Goodwin STEAL (3 STL) | Allen 1' Running Dunk (5 PTS) (Booker 4 AST),PHX,Phoenix Suns,1610612756,1628960,G. Allen,94,91,Made,2.0,Running Dunk Shot,G. Allen,4.0,4.0,1.0,34.0,2.0,2.0,2.0,1,0,2.0,0,1.0,,3.0,Made,0.0,3.0,5.0,PHX,https://cdn.nba.com/logos/nba/1610612756/primary/L/logo.svg,Grayson Allen,https://cdn.nba.com/headshots/nba/latest/1040x760/1628960.png
0022501102,47,1,PT00M35.40S,PT00M30.10S,2,"Rebound, Made Shot",Sheppard REBOUND (Off:0 Def:2) | Durant 4' Running Finger Roll Layup (13 PTS) (Sheppard 1 AST),HOU,Houston Rockets,1610612745,201142,K. Durant,37,20,Made,2.0,Running Finger Roll Layup Shot,K. Durant,27.0,31.0,4.0,30.0,5.0,5.0,5.0,1,0,2.0,0,1.0,,0.0,,,0.0,2.0,HOU,https://cdn.nba.com/logos/nba/1610612745/primary/L/logo.svg,Kevin Durant,https://cdn.nba.com/headshots/nba/latest/1040x760/201142.png
0022501102,93,2,PT00M34.50S,PT00M28.60S,2,"Rebound, Made Shot",Brunson REBOUND (Off:0 Def:3) | Bridges 3PT Running Jump Shot (5 PTS) (Hart 2 AST),NYK,New York Knicks,1610612752,1628969,M. Bridges,63,47,Made,3.0,Running Jump Shot,M. Bridges,229.0,14.0,0.0,29.0,5.0,5.0,5.0,1,0,3.0,0,1.0,,3.0,Made,0.0,3.0,6.0,NYK,https://cdn.nba.com/logos/nba/1610612752/primary/L/logo.svg,Mikal Bridges,https://cdn.nba.com/headshots/nba/latest/1040x760/1628969.png
0022501104,98,2,PT00M37.40S,PT00M23.50S,4,"Rebound, Missed Shot, Rebound, Missed Shot",Camara REBOUND (Off:1 Def:2) | MISS Holiday 25' 3PT Pullup Jump Shot | Clingan REBOUND (Off:2 Def:2) | MISS Murray 27' 3PT Jump Shot,POR,Portland Trail Blazers,1610612757,1631200,K. Murray,44,62,Missed,3.0,Pullup Jump shot,J. Holiday,-211.0,138.0,25.0,28.0,13.0,9.0,9.0,0,1,0.0,0,,0.0,,,,0.0,0.0,POR,https://cdn.nba.com/logos/nba/1610612757/primary/L/logo.svg,Jrue Holiday,https://cdn.nba.com/headshots/nba/latest/1040x760/201950.png
0022501105,57,1,PT00M34.50S,PT00M29.10S,2,"Rebound, Made Shot",Oubre Jr. REBOUND (Off:0 Def:2) | Grimes 1' Cutting Dunk Shot (7 PTS) (Drummond 1 AST),PHI,Philadelphia 76ers,1610612755,1629656,Q. Grimes,27,35,Made,2.0,Cutting Dunk Shot,Q. Grimes,-9.0,1.0,1.0,29.0,5.0,5.0,5.0,1,0,2.0,0,0.0,,,,,0.0,2.0,PHI,https://cdn.nba.com/logos/nba/1610612755/primary/L/logo.svg,Quentin Grimes,https://cdn.nba.com/headshots/nba/latest/1040x760/1629656.png
0022501106,53,1,PT00M37.60S,PT00M33.20S,2,"Rebound, Made Shot",Tatum REBOUND (Off:0 Def:4) | Hauser 3PT Jump Shot (17 PTS) (Tatum 3 AST),BOS,Boston Celtics,1610612738,1630573,S. Hauser,33,51,Made,3.0,Jump Shot,S. Hauser,233.0,-13.0,0.0,33.0,5.0,5.0,5.0,1,0,3.0,0,1.0,,2.0,Made,6.0,2.0,5.0,BOS,https://cdn.nba.com/logos/nba/1610612738/primary/L/logo.svg,Sam Hauser,https://cdn.nba.com/headshots/nba/latest/1040x760/1630573.png
0022501109,119,2,PT00M40.30S,PT00M21.80S,2,"Rebound, Made Shot",Potter REBOUND (Off:0 Def:1) | Siakam 15' Fadeaway Jumper (22 PTS),IND,Indiana Pacers,1610612754,1627783,P. Siakam,66,82,Made,2.0,Fadeaway Jump Shot,P. Siakam,-6.0,152.0,15.0,22.0,18.0,18.0,18.0,0,1,2.0,0,,1.0,1.0,,,1.0,3.0,IND,https://cdn.nba.com/logos/nba/1610612754/primary/L/logo.svg,Pascal Siakam,https://cdn.nba.com/headshots/nba/latest/1040x760/1627783.png
0022501110,142,3,PT00M34.40S,PT00M24.40S,2,"Foul, Made Shot",Jackson Jr. P.FOUL (P2.T3) (J.Schroeder) | Sengun 1' Turnaround Hook Shot (17 PTS) (Durant 8 AST),HOU,Houston Rockets,1610612745,1630578,A. Sengun,85,75,Made,2.0,Turnaround Hook Shot,A. Sengun,9.0,4.0,1.0,24.0,10.0,10.0,10.0,0,1,2.0,0,,0.0,,,,0.0,2.0,HOU,https://cdn.nba.com/logos/nba/1610612745/primary/L/logo.svg,Alperen Şengün,https://cdn.nba.com/headshots/nba/latest/1040x760/1630578.png
0022501110,188,4,PT00M37.80S,PT00M30.50S,8,"Timeout, Missed Shot, Rebound, Missed Shot, Rebound, Foul, Free Throw, Free Throw",Bucks Timeout: Regular (Reg.6 Short 0) | MISS Dieng 28' 3PT Step Back Jump Shot | Sims REBOUND (Off:7 Def:12) | MISS Sims Tip Layup Shot | Sims REBOUND (Off:8 Def:12) | Thompson S.FOUL (P1.PN) (J.Williams) | Sims Free Throw 1 of 2 (6 PTS) | MISS Sims Free Throw 2 of 2,MIL,Milwaukee Bucks,1610612749,1630579,J. Sims,116,111,Missed,3.0,Step Back Jump shot,O. Dieng,42.0,278.0,28.0,34.0,,4.0,4.0,1,0,1.0,1,1.0,,0.0,Missed,24.0,0.0,1.0,MIL,https://cdn.nba.com/logos/nba/1610612749/primary/L/logo.svg,Ousmane Dieng,https://cdn.nba.com/headshots/nba/latest/1040x760/1631172.png
0022501115,47,1,PT00M33.50S,PT00M24.00S,2,"Rebound, Missed Shot",LeVert REBOUND (Off:0 Def:2) | MISS Reed Running Layup,DET,Detroit Pistons,1610612765,1630194,P. Reed,30,29,Missed,2.0,Running Layup Shot,P. Reed,0.0,0.0,0.0,24.0,10.0,10.0,10.0,0,1,0.0,0,,0.0,,,,0.0,0.0,DET,https://cdn.nba.com/logos/nba/1610612765/primary/L/logo.svg,Paul Reed,https://cdn.nba.com/headshots/nba/latest/1040x760/1630194.png
0022501115,207,4,PT00M35.30S,PT00M32.60S,2,"Rebound, Made Shot",DiVincenzo REBOUND (Off:0 Def:1) | Randle 3' Running Layup (27 PTS) (DiVincenzo 1 AST),MIN,Minnesota Timberwolves,1610612750,203944,J. Randle,107,103,Made,2.0,Running Layup Shot,J. Randle,-4.0,26.0,3.0,33.0,2.0,2.0,2.0,1,0,2.0,0,1.0,,0.0,Missed,26.0,0.0,2.0,MIN,https://cdn.nba.com/logos/nba/1610612750/primary/L/logo.svg,Julius Randle,https://cdn.nba.com/headshots/nba/latest/1040x760/203944.png
0022501117,97,2,PT00M37.60S,PT00M33.00S,2,"Rebound, Missed Shot",Melton REBOUND (Off:2 Def:3) | MISS Payton II 6' Running Layup,GSW,Golden State Warriors,1610612744,1627780,G. Payton II,45,54,Missed,2.0,Running Layup Shot,G. Payton II,-10.0,56.0,6.0,33.0,5.0,5.0,5.0,1,0,0.0,0,1.0,,2.0,Made,23.0,2.0,2.0,GSW,https://cdn.nba.com/logos/nba/1610612744/primary/L/logo.svg,Gary Payton II,https://cdn.nba.com/headshots/nba/latest/1040x760/1627780.png
0022501118,51,1,PT00M33.70S,PT00M28.90S,2,"Rebound, Made Shot",Holiday REBOUND (Off:0 Def:2) | Cissoko 1' Running Alley Oop Dunk Shot (2 PTS) (Henderson 1 AST),POR,Portland Trail Blazers,1610612757,1631321,S. Cissoko,35,30,Made,2.0,Running Alley Oop Dunk Shot,S. Cissoko,9.0,8.0,1.0,29.0,5.0,5.0,5.0,1,0,2.0,0,1.0,,0.0,Missed,0.0,0.0,2.0,POR,https://cdn.nba.com/logos/nba/1610612757/primary/L/logo.svg,Sidy Cissoko,https://cdn.nba.com/headshots/nba/latest/1040x760/1631321.png
0022501120,59,1,PT00M39.50S,PT00M34.30S,2,"Steal, Missed Shot",Connaughton STEAL (1 STL) | MISS Miller 24' 3PT Running Jump Shot,CHA,Charlotte Hornets,1610612766,1641706,B. Miller,38,24,Missed,3.0,Running Jump Shot,B. Miller,240.0,1.0,24.0,34.0,6.0,6.0,6.0,1,0,0.0,0,1.0,,0.0,Missed,0.0,0.0,0.0,CHA,https://cdn.nba.com/logos/nba/1610612766/primary/L/logo.svg,Brandon Miller,https://cdn.nba.com/headshots/nba/latest/1040x760/1641706.png
0022501122,52,1,PT00M36.50S,PT00M34.50S,2,"Steal, Made Shot",Smith STEAL (1 STL) | Smith 1' Running Layup (5 PTS),BKN,Brooklyn Nets,1610612751,1641869,M. Smith,22,35,Made,2.0,Running Layup Shot,M. Smith,4.0,6.0,1.0,34.0,2.0,2.0,2.0,1,0,2.0,0,1.0,,1.0,,,1.0,3.0,BKN,https://cdn.nba.com/logos/nba/1610612751/primary/L/logo.svg,Malachi Smith,
0022501124,155,3,PT00M36.20S,PT00M31.00S,2,"Steal, Made Shot",Okogie STEAL (1 STL) | Eason 2' Running Reverse Layup (16 PTS) (Sengun 5 AST),HOU,Houston Rockets,1610612745,1631106,T. Eason,103,78,Made,2.0,Running Reverse Layup Shot,T. Eason,-5.0,18.0,2.0,31.0,5.0,5.0,5.0,1,0,2.0,0,1.0,,2.0,Made,14.0,2.0,4.0,HOU,https://cdn.nba.com/logos/nba/1610612745/primary/L/logo.svg,Tari Eason,https://cdn.nba.com/headshots/nba/latest/1040x760/1631106.png
0022501125,161,3,PT00M37.10S,PT00M23.60S,4,"Steal, Missed Shot, Rebound, Missed Shot",Whitehead STEAL (3 STL) | MISS Williamson 24' 3PT Pullup Jump Shot | Okani REBOUND (Off:1 Def:3) | MISS Okani Tip Layup Shot,MEM,Memphis Grizzlies,1610612763,1643253,T. Okani,70,94,Missed,3.0,Pullup Jump shot,L. Williamson,230.0,72.0,24.0,28.0,13.0,9.0,9.0,0,1,0.0,0,,1.0,2.0,Made,2.0,2.0,2.0,MEM,https://cdn.nba.com/logos/nba/1610612763/primary/L/logo.svg,Lucas Williamson,
0022501126,151,3,PT00M38.80S,PT00M23.40S,2,"Rebound, Missed Shot",Sims REBOUND (Off:2 Def:2) | MISS Green 28' 3PT Jump Shot,MIL,Milwaukee Bucks,1610612749,1631260,A. Green,76,105,Missed,3.0,Jump Shot,A. Green,-201.0,195.0,28.0,23.0,16.0,16.0,16.0,0,1,0.0,0,,0.0,,,,0.0,0.0,MIL,https://cdn.nba.com/logos/nba/1610612749/primary/L/logo.svg,A.J. Green,
0022501127,105,2,PT00M37.50S,PT00M34.60S,2,"Rebound, Made Shot",Suggs REBOUND (Off:0 Def:2) | F. Wagner 2' Running Reverse Layup (8 PTS) (Suggs 6 AST),ORL,Orlando Magic,1610612753,1630532,F. Wagner,58,69,Made,2.0,Running Reverse Layup Shot,F. Wagner,-15.0,5.0,2.0,35.0,3.0,3.0,3.0,1,0,2.0,0,1.0,,2.0,,,2.0,4.0,ORL,https://cdn.nba.com/logos/nba/1610612753/primary/L/logo.svg,Franz Wagner,https://cdn.nba.com/headshots/nba/latest/1040x760/1630532.png
0022501131,47,1,PT00M38.80S,PT00M33.40S,2,"Rebound, Made Shot",Holland II REBOUND (Off:0 Def:1) | LeVert 27' 3PT Running Pull-Up Jump Shot (5 PTS),DET,Detroit Pistons,1610612765,1627747,C. LeVert,29,41,Made,3.0,Running Pull-Up Jump Shot,C. LeVert,121.0,236.0,27.0,33.0,6.0,6.0,6.0,1,0,3.0,0,1.0,,0.0,Missed,0.0,0.0,3.0,DET,https://cdn.nba.com/logos/nba/1610612765/primary/L/logo.svg,Caris LeVert,https://cdn.nba.com/headshots/nba/latest/1040x760/1627747.png
0022501133,106,2,PT00M39.20S,PT00M31.80S,2,"Rebound, Missed Shot",Scott REBOUND (Off:0 Def:3) | MISS Powell 3' Driving Layup,BKN,Brooklyn Nets,1610612751,1642962,D. Powell,59,51,Missed,2.0,Driving Layup Shot,D. Powell,25.0,11.0,3.0,32.0,7.0,7.0,7.0,1,0,0.0,0,1.0,,0.0,Missed,2.0,0.0,0.0,BKN,https://cdn.nba.com/logos/nba/1610612751/primary/L/logo.svg,Drake Powell,https://cdn.nba.com/headshots/nba/latest/1040x760/1642962.png
0022501135,106,2,PT00M34.30S,PT00M30.40S,2,"Rebound, Missed Shot",Gibson REBOUND (Off:2 Def:3) | MISS Rupert 28' 3PT Running Pull-Up Jump Shot,MEM,Memphis Grizzlies,1610612763,1641712,R. Rupert,62,56,Missed,3.0,Running Pull-Up Jump Shot,R. Rupert,-192.0,210.0,28.0,30.0,4.0,4.0,4.0,1,0,0.0,0,1.0,,0.0,Missed,0.0,0.0,0.0,MEM,https://cdn.nba.com/logos/nba/1610612763/primary/L/logo.svg,Rayan Rupert,https://cdn.nba.com/headshots/nba/latest/1040x760/1641712.png
0022501137,101,2,PT00M36.00S,PT00M35.00S,2,"Rebound, Made Shot",Randle REBOUND (Off:0 Def:3) | Knueppel 2' Layup (8 PTS) (Miller 2 AST),CHA,Charlotte Hornets,1610612766,1642851,K. Knueppel,55,55,Made,2.0,Layup Shot,K. Knueppel,-21.0,11.0,2.0,35.0,1.0,1.0,1.0,1,0,2.0,0,1.0,,0.0,,,0.0,2.0,CHA,https://cdn.nba.com/logos/nba/1610612766/primary/L/logo.svg,Kon Knueppel,https://cdn.nba.com/headshots/nba/latest/1040x760/1642851.png
0022501137,105,2,PT00M35.30S,PT00M00.70S,2,"Steal, Made Shot",Miller STEAL (1 STL) | Hyland 25' 3PT Jump Shot (15 PTS) (Anderson 2 AST),MIN,Minnesota Timberwolves,1610612750,1630538,B. Hyland,60,55,Made,3.0,Jump Shot,B. Hyland,89.0,231.0,25.0,1.0,34.0,34.0,34.0,0,1,3.0,0,,0.0,,,,0.0,3.0,MIN,https://cdn.nba.com/logos/nba/1610612750/primary/L/logo.svg,Bones Hyland,https://cdn.nba.com/headshots/nba/latest/1040x760/1630538.png
0022501140,108,2,PT00M34.10S,PT00M29.70S,2,"Steal, Made Shot",LaRavia STEAL (2 STL) | L. James 2' Running Layup (21 PTS) (Hachimura 1 AST),LAL,Los Angeles Lakers,1610612747,2544,L. James,67,60,Made,2.0,Running Layup Shot,L. James,5.0,22.0,2.0,30.0,4.0,4.0,4.0,1,0,2.0,0,1.0,,1.0,,,1.0,3.0,LAL,https://cdn.nba.com/logos/nba/1610612747/primary/L/logo.svg,LeBron James,https://cdn.nba.com/headshots/nba/latest/1040x760/2544.png
0022501142,196,4,PT00M35.00S,PT00M19.60S,3,"Rebound, Timeout, Made Shot",Payton II REBOUND (Off:2 Def:1) | WARRIORS Timeout: Regular (Full 6 Short 0) | Payton II 3' Cutting Layup Shot (14 PTS) (Green 12 AST),GSW,Golden State Warriors,1610612744,1627780,G. Payton II,116,115,Made,2.0,Cutting Layup Shot,G. Payton II,-22.0,15.0,3.0,20.0,15.0,15.0,15.0,0,1,2.0,0,,1.0,0.0,Missed,2.0,0.0,2.0,GSW,https://cdn.nba.com/logos/nba/1610612744/primary/L/logo.svg,Gary Payton II,https://cdn.nba.com/headshots/nba/latest/1040x760/1627780.png
0022501144,117,2,PT00M36.10S,PT00M18.80S,2,"Steal, Made Shot",Bitadze STEAL (1 STL) | Banchero 5' Driving Floating Bank Jump Shot (20 PTS),ORL,Orlando Magic,1610612753,1631094,P. Banchero,68,55,Made,2.0,Driving Floating Bank Jump Shot,P. Banchero,44.0,24.0,5.0,19.0,17.0,17.0,17.0,0,1,2.0,0,,1.0,1.0,,,1.0,3.0,ORL,https://cdn.nba.com/logos/nba/1610612753/primary/L/logo.svg,Paolo Banchero,https://cdn.nba.com/headshots/nba/latest/1040x760/1631094.png
0022501145,48,1,PT00M37.60S,PT00M33.60S,2,"Steal, Missed Shot",Williamson STEAL (1 STL) | MISS Williamson 2' Running Finger Roll Layup,MEM,Memphis Grizzlies,1610612763,1631351,L. Williamson,30,24,Missed,2.0,Running Finger Roll Layup Shot,L. Williamson,13.0,10.0,2.0,34.0,4.0,4.0,4.0,1,0,0.0,0,1.0,,3.0,Made,32.0,3.0,3.0,MEM,https://cdn.nba.com/logos/nba/1610612763/primary/L/logo.svg,Lucas Williamson,
0022501145,49,1,PT00M33.60S,PT00M31.80S,2,"Rebound, Made Shot",GRIZZLIES Rebound | Coward 25' 3PT Jump Shot (8 PTS) (Clayton Jr. 3 AST),MEM,Memphis Grizzlies,1610612763,1642907,C. Coward,33,24,Made,3.0,Jump Shot,C. Coward,-229.0,95.0,25.0,32.0,2.0,2.0,2.0,1,0,3.0,0,1.0,,3.0,Made,10.0,3.0,6.0,MEM,https://cdn.nba.com/logos/nba/1610612763/primary/L/logo.svg,Cedric Coward,https://cdn.nba.com/headshots/nba/latest/1040x760/1642907.png
0022501145,109,2,PT00M35.30S,PT00M30.80S,2,"Rebound, Made Shot",Allen REBOUND (Off:2 Def:2) | Merrill 25' 3PT Running Pull-Up Jump Shot (3 PTS) (Schroder 8 AST),CLE,Cleveland Cavaliers,1610612739,1630241,S. Merrill,61,65,Made,3.0,Running Pull-Up Jump Shot,S. Merrill,138.0,204.0,25.0,31.0,4.0,4.0,4.0,1,0,3.0,0,1.0,,3.0,Made,0.0,3.0,6.0,CLE,https://cdn.nba.com/logos/nba/1610612739/primary/L/logo.svg,Sam Merrill,https://cdn.nba.com/headshots/nba/latest/1040x760/1630241.png
0022501146,107,2,PT00M40.40S,PT00M34.40S,2,"Steal, Missed Shot",Johnson STEAL (2 STL) | MISS Harper 3' Running Finger Roll Layup,SAS,San Antonio Spurs,1610612759,1642844,D. Harper,61,54,Missed,2.0,Running Finger Roll Layup Shot,D. Harper,-12.0,23.0,3.0,34.0,6.0,6.0,6.0,1,0,0.0,0,1.0,,1.0,,,1.0,1.0,SAS,https://cdn.nba.com/logos/nba/1610612759/primary/L/logo.svg,Dylan Harper,https://cdn.nba.com/headshots/nba/latest/1040x760/1642844.png
0022501148,115,2,PT00M35.80S,PT00M24.40S,2,"Rebound, Made Shot",Jones REBOUND (Off:0 Def:1) | Jones 2' Driving Layup (10 PTS) (Olbrich 1 AST),CHI,Chicago Bulls,1610612741,1630200,T. Jones,36,66,Made,2.0,Driving Layup Shot,T. Jones,-18.0,13.0,2.0,24.0,12.0,12.0,12.0,0,1,2.0,0,,1.0,0.0,Missed,2.0,0.0,2.0,CHI,https://cdn.nba.com/logos/nba/1610612741/primary/L/logo.svg,Tre Jones,https://cdn.nba.com/headshots/nba/latest/1040x760/1630200.png
0022501148,172,3,PT00M36.30S,PT00M33.90S,2,"Steal, Made Shot",McClung STEAL (1 STL) | Miller 2' Running Dunk (6 PTS) (McClung 1 AST),CHI,Chicago Bulls,1610612741,1631159,L. Miller,61,97,Made,2.0,Running Dunk Shot,L. Miller,15.0,10.0,2.0,34.0,2.0,2.0,2.0,1,0,2.0,0,1.0,,3.0,Made,1.0,3.0,5.0,CHI,https://cdn.nba.com/logos/nba/1610612741/primary/L/logo.svg,Leonard Miller,https://cdn.nba.com/headshots/nba/latest/1040x760/1631159.png
0022501148,173,3,PT00M33.90S,PT00M12.20S,2,"Timeout, Made Shot",WIZARDS Timeout: Regular (Full 6 Short 0) | Coulibaly 3' Layup (19 PTS) (Cooper 2 AST),WAS,Washington Wizards,1610612764,1641731,B. Coulibaly,63,97,Made,2.0,Layup Shot,B. Coulibaly,-25.0,15.0,3.0,12.0,22.0,22.0,22.0,0,1,2.0,0,,1.0,0.0,Missed,16.0,0.0,2.0,WAS,https://cdn.nba.com/logos/nba/1610612764/primary/L/logo.svg,Bilal Coulibaly,https://cdn.nba.com/headshots/nba/latest/1040x760/1641731.png
0022501150,92,2,PT00M33.50S,PT00M22.30S,2,"Rebound, Missed Shot",Green REBOUND (Off:2 Def:1) | MISS Ryan 11' Driving Floating Jump Shot,MIL,Milwaukee Bucks,1610612749,1642504,C. Ryan,49,43,Missed,2.0,Driving Floating Jump Shot,C. Ryan,99.0,38.0,11.0,22.0,12.0,12.0,12.0,0,1,0.0,0,,0.0,,,,0.0,0.0,MIL,https://cdn.nba.com/logos/nba/1610612749/primary/L/logo.svg,Cormac Ryan,
0022501150,193,4,PT00M38.30S,PT00M33.30S,2,"Rebound, Made Shot",Green REBOUND (Off:2 Def:4) | Green 29' 3PT Pullup Jump Shot (20 PTS),MIL,Milwaukee Bucks,1610612749,1631260,A. Green,92,90,Made,3.0,Pullup Jump shot,A. Green,-45.0,283.0,29.0,33.0,5.0,5.0,5.0,1,0,3.0,0,1.0,,0.0,Missed,11.0,0.0,3.0,MIL,https://cdn.nba.com/logos/nba/1610612749/primary/L/logo.svg,A.J. Green,
0022501151,55,1,PT00M33.70S,PT00M15.60S,4,"Rebound, Missed Shot, Rebound, Made Shot",Barnes REBOUND (Off:0 Def:1) | MISS Barnes 1' Driving Layup | Quickley REBOUND (Off:1 Def:1) | Quickley 27' 3PT Step Back Jump Shot (3 PTS),TOR,Toronto Raptors,1610612761,1630193,I. Quickley,32,27,Missed,2.0,Driving Layup Shot,S. Barnes,10.0,7.0,1.0,27.0,18.0,7.0,7.0,1,0,3.0,0,0.0,,,,,0.0,3.0,TOR,https://cdn.nba.com/logos/nba/1610612761/primary/L/logo.svg,Scottie Barnes,https://cdn.nba.com/headshots/nba/latest/1040x760/1630567.png
0022501151,109,2,PT00M35.00S,PT00M21.10S,2,"Rebound, Made Shot",Jaquez Jr. REBOUND (Off:1 Def:2) | Jaquez Jr. 3' Driving Reverse Layup (8 PTS) (Herro 4 AST),MIA,Miami Heat,1610612748,1631170,J. Jaquez Jr.,64,51,Made,2.0,Driving Reverse Layup Shot,J. Jaquez Jr.,-29.0,-7.0,3.0,21.0,14.0,14.0,14.0,0,1,2.0,0,,0.0,,,,0.0,2.0,MIA,https://cdn.nba.com/logos/nba/1610612748/primary/L/logo.svg,Jaime Jaquez Jr.,https://cdn.nba.com/headshots/nba/latest/1040x760/1631170.png
0022501152,163,3,PT00M33.90S,PT00M29.10S,2,"Rebound, Made Shot",Anderson REBOUND (Off:0 Def:2) | Anderson 6' Running Layup (6 PTS),MIN,Minnesota Timberwolves,1610612750,203937,K. Anderson,77,100,Made,2.0,Running Layup Shot,K. Anderson,32.0,46.0,6.0,29.0,5.0,5.0,5.0,1,0,2.0,0,1.0,,2.0,Made,27.0,2.0,4.0,MIN,https://cdn.nba.com/logos/nba/1610612750/primary/L/logo.svg,Kyle Anderson,https://cdn.nba.com/headshots/nba/latest/1040x760/203937.png
0022501154,48,1,PT00M36.20S,PT00M31.00S,2,"Rebound, Missed Shot",Leons REBOUND (Off:0 Def:2) | MISS St. Curry 33' 3PT Running Pull-Up Jump Shot,GSW,Golden State Warriors,1610612744,201939,S. Curry,25,26,Missed,3.0,Running Pull-Up Jump Shot,S. Curry,116.0,309.0,33.0,31.0,5.0,5.0,5.0,1,0,0.0,0,1.0,,0.0,Missed,2.0,0.0,0.0,GSW,https://cdn.nba.com/logos/nba/1610612744/primary/L/logo.svg,Stephen Curry,https://cdn.nba.com/headshots/nba/latest/1040x760/201939.png
0022501154,99,2,PT00M36.90S,PT00M30.20S,5,"Missed Shot, Rebound, Missed Shot, Rebound, Made Shot",MISS St. Curry 31' 3PT Jump Shot | Bassey REBOUND (Off:1 Def:4) | MISS Bassey Putback Layup | Spencer REBOUND (Off:1 Def:0) | Spencer 3PT Step Back Jump Shot (11 PTS),GSW,Golden State Warriors,1610612744,1630311,P. Spencer,66,51,Missed,3.0,Jump Shot,S. Curry,-89.0,296.0,31.0,37.0,7.0,0.0,7.0,1,0,3.0,0,0.0,,,,,0.0,3.0,GSW,https://cdn.nba.com/logos/nba/1610612744/primary/L/logo.svg,Stephen Curry,https://cdn.nba.com/headshots/nba/latest/1040x760/201939.png
0022501156,52,1,PT00M38.00S,PT00M32.20S,2,"Steal, Made Shot",Nembhard STEAL (2 STL) | Poulakidas 3PT Running Jump Shot (3 PTS) (Thompson 2 AST),DAL,Dallas Mavericks,1610612742,1642967,J. Poulakidas,38,26,Made,3.0,Running Jump Shot,J. Poulakidas,234.0,-3.0,0.0,32.0,6.0,6.0,6.0,1,0,3.0,0,1.0,,0.0,Missed,2.0,0.0,3.0,DAL,https://cdn.nba.com/logos/nba/1610612742/primary/L/logo.svg,John Poulakidas,
0022501158,107,2,PT00M40.20S,PT00M37.20S,2,"Rebound, Missed Shot",Johnson REBOUND (Off:1 Def:5) | MISS Alexander-Walker 25' 3PT Running Jump Shot,ATL,Atlanta Hawks,1610612737,1629638,N. Alexander-Walker,56,67,Missed,3.0,Running Jump Shot,N. Alexander-Walker,212.0,137.0,25.0,37.0,3.0,3.0,3.0,1,0,0.0,0,1.0,,0.0,Missed,7.0,0.0,0.0,ATL,https://cdn.nba.com/logos/nba/1610612737/primary/L/logo.svg,Nickeil Alexander-Walker,https://cdn.nba.com/headshots/nba/latest/1040x760/1629638.png
0022501158,108,2,PT00M35.00S,PT00M29.20S,2,"Rebound, Made Shot",Mitchell REBOUND (Off:1 Def:3) | Mitchell 9' Driving Floating Jump Shot (12 PTS),CLE,Cleveland Cavaliers,1610612739,1628378,D. Mitchell,58,67,Made,2.0,Driving Floating Jump Shot,D. Mitchell,-47.0,74.0,9.0,29.0,6.0,6.0,6.0,1,0,2.0,0,1.0,,2.0,Made,0.0,2.0,4.0,CLE,https://cdn.nba.com/logos/nba/1610612739/primary/L/logo.svg,Donovan Mitchell,https://cdn.nba.com/headshots/nba/latest/1040x760/1628378.png
0022501158,216,4,PT00M35.50S,PT00M30.80S,2,"Rebound, Missed Shot",Gueye REBOUND (Off:2 Def:3) | MISS McCollum 26' 3PT Running Pull-Up Jump Shot,ATL,Atlanta Hawks,1610612737,203468,C. McCollum,122,116,Missed,3.0,Running Pull-Up Jump Shot,C. McCollum,199.0,162.0,26.0,31.0,5.0,5.0,5.0,1,0,0.0,0,1.0,,0.0,Missed,22.0,0.0,0.0,ATL,https://cdn.nba.com/logos/nba/1610612737/primary/L/logo.svg,CJ McCollum,https://cdn.nba.com/headshots/nba/latest/1040x760/203468.png
0022501162,47,1,PT00M35.70S,PT00M29.80S,2,"Rebound, Made Shot",Coward REBOUND (Off:1 Def:1) | Coward 26' 3PT Running Pull-Up Jump Shot (7 PTS),MEM,Memphis Grizzlies,1610612763,1642907,C. Coward,35,33,Made,3.0,Running Pull-Up Jump Shot,C. Coward,33.0,262.0,26.0,30.0,6.0,6.0,6.0,1,0,3.0,0,1.0,,0.0,Missed,5.0,0.0,3.0,MEM,https://cdn.nba.com/logos/nba/1610612763/primary/L/logo.svg,Cedric Coward,https://cdn.nba.com/headshots/nba/latest/1040x760/1642907.png
0022501164,51,1,PT00M34.30S,PT00M13.30S,2,"Rebound, Made Shot",Powell REBOUND (Off:0 Def:1) | Poulakidas 17' Pullup Jump Shot (7 PTS),DAL,Dallas Mavericks,1610612742,1642967,J. Poulakidas,33,29,Made,2.0,Pullup Jump shot,J. Poulakidas,-38.0,161.0,17.0,13.0,21.0,21.0,21.0,0,1,2.0,0,,0.0,,,,0.0,2.0,DAL,https://cdn.nba.com/logos/nba/1610612742/primary/L/logo.svg,John Poulakidas,
0022501164,153,3,PT00M40.30S,PT00M35.00S,2,"Rebound, Made Shot",Gillespie REBOUND (Off:1 Def:3) | Gillespie 3' Driving Layup (11 PTS),PHX,Phoenix Suns,1610612756,1631221,C. Gillespie,88,77,Made,2.0,Driving Layup Shot,C. Gillespie,12.0,24.0,3.0,35.0,5.0,5.0,5.0,1,0,2.0,0,1.0,,0.0,Missed,20.0,0.0,2.0,PHX,https://cdn.nba.com/logos/nba/1610612756/primary/L/logo.svg,Collin Gillespie,https://cdn.nba.com/headshots/nba/latest/1040x760/1631221.png
0022501166,160,3,PT00M40.20S,PT00M35.50S,2,"Steal, Made Shot",McClung STEAL (3 STL) | Jones 1' Running Finger Roll Layup (22 PTS) (Sexton 1 AST),CHI,Chicago Bulls,1610612741,1630200,T. Jones,74,85,Made,2.0,Running Finger Roll Layup Shot,T. Jones,-4.0,14.0,1.0,36.0,4.0,4.0,4.0,1,0,2.0,0,1.0,,2.0,Made,21.0,2.0,4.0,CHI,https://cdn.nba.com/logos/nba/1610612741/primary/L/logo.svg,Tre Jones,https://cdn.nba.com/headshots/nba/latest/1040x760/1630200.png
0022501169,205,4,PT00M40.30S,PT00M36.40S,2,"Rebound, Missed Shot",Edgecombe REBOUND (Off:3 Def:3) | MISS Edgecombe 25' 3PT Running Pull-Up Jump Shot,PHI,Philadelphia 76ers,1610612755,1642845,V. Edgecombe,110,102,Missed,3.0,Running Pull-Up Jump Shot,V. Edgecombe,56.0,243.0,25.0,36.0,4.0,4.0,4.0,1,0,0.0,0,1.0,,0.0,Missed,21.0,0.0,0.0,PHI,https://cdn.nba.com/logos/nba/1610612755/primary/L/logo.svg,VJ Edgecombe,https://cdn.nba.com/headshots/nba/latest/1040x760/1642845.png
0022501175,113,2,PT00M38.00S,PT00M31.90S,3,"Jump Ball, Rebound, Missed Shot",Jump Ball Potter vs. Drummond: Tip to Walker | PACERS Rebound | MISS Potter 27' 3PT Jump Shot,IND,Indiana Pacers,1610612754,1630695,M. Potter,51,56,Missed,3.0,Jump Shot,M. Potter,119.0,246.0,27.0,32.0,6.0,6.0,6.0,1,0,0.0,0,1.0,,0.0,,,0.0,0.0,IND,https://cdn.nba.com/logos/nba/1610612754/primary/L/logo.svg,Micah Potter,https://cdn.nba.com/headshots/nba/latest/1040x760/1630695.png
0022501176,91,2,PT00M37.30S,PT00M13.40S,2,"Violation, Missed Shot",Mamukelashvili Violation:Defensive Goaltending (S.Corbin) | MISS Ingram 16' Pullup Jump Shot,TOR,Toronto Raptors,1610612761,1627742,B. Ingram,51,36,Missed,2.0,Pullup Jump shot,B. Ingram,109.0,115.0,16.0,13.0,24.0,24.0,24.0,0,1,0.0,0,,0.0,,,,0.0,0.0,TOR,https://cdn.nba.com/logos/nba/1610612761/primary/L/logo.svg,Brandon Ingram,https://cdn.nba.com/headshots/nba/latest/1040x760/1627742.png
0022501177,167,3,PT00M34.30S,PT00M29.90S,2,"Rebound, Made Shot",Gueye REBOUND (Off:0 Def:1) | Jones 26' 3PT Running Jump Shot (21 PTS),CHI,Chicago Bulls,1610612741,1630200,T. Jones,77,97,Made,3.0,Running Jump Shot,T. Jones,-131.0,230.0,26.0,30.0,4.0,4.0,4.0,1,0,3.0,0,1.0,,2.0,Made,1.0,2.0,5.0,CHI,https://cdn.nba.com/logos/nba/1610612741/primary/L/logo.svg,Tre Jones,https://cdn.nba.com/headshots/nba/latest/1040x760/1630200.png
0022501184,52,1,PT00M40.30S,PT00M33.20S,2,"Rebound, Missed Shot",Clifford REBOUND (Off:1 Def:1) | MISS Clifford 27' 3PT Jump Shot,SAC,Sacramento Kings,1610612758,1642363,N. Clifford,29,27,Missed,3.0,Jump Shot,N. Clifford,129.0,241.0,27.0,33.0,7.0,7.0,7.0,1,0,0.0,0,1.0,,3.0,Made,0.0,3.0,3.0,SAC,https://cdn.nba.com/logos/nba/1610612758/primary/L/logo.svg,Nique Clifford,https://cdn.nba.com/headshots/nba/latest/1040x760/1642363.png
0022501186,219,4,PT00M35.50S,PT00M31.70S,2,"Timeout, Made Shot",CELTICS Timeout: Regular (Full 7 Short 0) | Garza 28' 3PT Turnaround Jump Shot (27 PTS) (Banton 7 AST),BOS,Boston Celtics,1610612738,1630568,L. Garza,111,108,Made,3.0,Turnaround Jump Shot,L. Garza,-191.0,205.0,28.0,32.0,4.0,4.0,4.0,1,0,3.0,0,1.0,,2.0,,,2.0,5.0,BOS,https://cdn.nba.com/logos/nba/1610612738/primary/L/logo.svg,Luka Garza,https://cdn.nba.com/headshots/nba/latest/1040x760/1630568.png
0022501189,107,2,PT00M34.30S,PT00M28.50S,2,"Rebound, Made Shot",Risacher REBOUND (Off:1 Def:4) | Newell 1' Cutting Dunk Shot (8 PTS) (Hield 1 AST),ATL,Atlanta Hawks,1610612737,1642854,A. Newell,70,61,Made,2.0,Cutting Dunk Shot,A. Newell,-6.0,13.0,1.0,28.0,6.0,6.0,6.0,1,0,2.0,0,0.0,,,,,0.0,2.0,ATL,https://cdn.nba.com/logos/nba/1610612737/primary/L/logo.svg,Asa Newell,https://cdn.nba.com/headshots/nba/latest/1040x760/1642854.png
0022501192,57,1,PT00M35.10S,PT00M27.60S,2,"Rebound, Missed Shot",Mamukelashvili REBOUND (Off:0 Def:2) | MISS Quickley 11' Driving Floating Jump Shot,TOR,Toronto Raptors,1610612761,1630193,I. Quickley,32,25,Missed,2.0,Driving Floating Jump Shot,I. Quickley,-18.0,110.0,11.0,28.0,7.0,7.0,7.0,1,0,0.0,0,1.0,,0.0,Missed,1.0,0.0,0.0,TOR,https://cdn.nba.com/logos/nba/1610612761/primary/L/logo.svg,Immanuel Quickley,https://cdn.nba.com/headshots/nba/latest/1040x760/1630193.png
0022501193,178,3,PT00M33.50S,PT00M22.80S,2,"Rebound, Made Shot",Bulls Rebound | Dillingham 3' Driving Layup (24 PTS),CHI,Chicago Bulls,1610612741,1642265,R. Dillingham,116,88,Made,2.0,Driving Layup Shot,R. Dillingham,-33.0,1.0,3.0,23.0,11.0,11.0,11.0,0,1,2.0,0,,0.0,,,,0.0,2.0,CHI,https://cdn.nba.com/logos/nba/1610612741/primary/L/logo.svg,Rob Dillingham,https://cdn.nba.com/headshots/nba/latest/1040x760/1642265.png
0022501194,165,3,PT00M33.70S,PT00M15.70S,2,"Rebound, Made Shot",Davison REBOUND (Off:1 Def:5) | Green 2' Driving Layup (4 PTS),HOU,Houston Rockets,1610612745,201145,J. Green,100,69,Made,2.0,Driving Layup Shot,J. Green,22.0,9.0,2.0,16.0,18.0,18.0,18.0,0,1,2.0,0,,0.0,,,,0.0,2.0,HOU,https://cdn.nba.com/logos/nba/1610612745/primary/L/logo.svg,Jeff Green,https://cdn.nba.com/headshots/nba/latest/1040x760/201145.png
0022501195,60,1,PT00M37.00S,PT00M29.80S,4,"Rebound, Missed Shot, Rebound, Missed Shot",Pelicans Rebound | MISS Queen 4' Turnaround Hook Shot | Fears REBOUND (Off:1 Def:2) | MISS Fears Tip Layup Shot,NOP,New Orleans Pelicans,1610612740,1642847,J. Fears,32,24,Missed,2.0,Turnaround Hook Shot,D. Queen,2.0,43.0,4.0,33.0,7.0,4.0,4.0,1,0,0.0,0,1.0,,0.0,,,0.0,0.0,NOP,https://cdn.nba.com/logos/nba/1610612740/primary/L/logo.svg,Derik Queen,https://cdn.nba.com/headshots/nba/latest/1040x760/1642852.png
0022501196,155,3,PT00M36.90S,PT00M31.20S,2,"Rebound, Made Shot",Brea REBOUND (Off:1 Def:3) | Coffey 26' 3PT Running Jump Shot (15 PTS) (Bouyea 7 AST),PHX,Phoenix Suns,1610612756,1629599,A. Coffey,77,102,Made,3.0,Running Jump Shot,A. Coffey,159.0,206.0,26.0,31.0,6.0,6.0,6.0,1,0,3.0,0,1.0,,2.0,Made,0.0,2.0,5.0,PHX,https://cdn.nba.com/logos/nba/1610612756/primary/L/logo.svg,Amir Coffey,https://cdn.nba.com/headshots/nba/latest/1040x760/1629599.png
0022501200,160,3,PT00M36.80S,PT00M28.80S,4,"Rebound, Missed Shot, Rebound, Made Shot",Henderson REBOUND (Off:0 Def:2) | MISS Krejci 25' 3PT Running Jump Shot | Murray REBOUND (Off:2 Def:1) | Krejci 1' Cutting Layup Shot (2 PTS) (Murray 3 AST),POR,Portland Trail Blazers,1610612757,1630249,V. Krejčí,96,83,Missed,3.0,Running Jump Shot,V. Krejčí,214.0,127.0,25.0,33.0,8.0,4.0,4.0,1,0,2.0,0,1.0,,0.0,Missed,0.0,0.0,2.0,POR,https://cdn.nba.com/logos/nba/1610612757/primary/L/logo.svg,Vít Krejčí,https://cdn.nba.com/headshots/nba/latest/1040x760/1630249.png
0022501205,94,2,PT00M34.60S,PT00M23.90S,2,"Rebound, Made Shot",Smith Jr. REBOUND (Off:3 Def:2) | Sengun 1' Driving Layup (13 PTS),HOU,Houston Rockets,1610612745,1630578,A. Sengun,51,52,Made,2.0,Driving Layup Shot,A. Sengun,-1.0,5.0,1.0,24.0,11.0,11.0,11.0,0,1,2.0,0,,0.0,,,,0.0,2.0,HOU,https://cdn.nba.com/logos/nba/1610612745/primary/L/logo.svg,Alperen Şengün,https://cdn.nba.com/headshots/nba/latest/1040x760/1630578.png
0022501209,49,1,PT00M34.00S,PT00M29.40S,2,"Rebound, Made Shot",Williams REBOUND (Off:1 Def:2) | White 26' 3PT Running Pull-Up Jump Shot (6 PTS),CHI,Chicago Bulls,1610612741,1629632,C. White,27,33,Made,3.0,Running Pull-Up Jump Shot,C. White,136.0,221.0,26.0,29.0,5.0,5.0,5.0,1,0,3.0,0,1.0,,0.0,Missed,0.0,0.0,3.0,CHI,https://cdn.nba.com/logos/nba/1610612741/primary/L/logo.svg,Coby White,https://cdn.nba.com/headshots/nba/latest/1040x760/1629632.png
0022501209,205,4,PT00M39.10S,PT00M37.40S,2,"Timeout, Made Shot",HORNETS Timeout: Regular (Full 6 Short 0) | Bridges 1' Cutting Layup Shot (29 PTS) (James 1 AST),CHA,Charlotte Hornets,1610612766,1628970,M. Bridges,121,124,Made,2.0,Cutting Layup Shot,M. Bridges,13.0,4.0,1.0,37.0,2.0,2.0,2.0,1,0,2.0,0,1.0,,1.0,,,1.0,3.0,CHA,https://cdn.nba.com/logos/nba/1610612766/primary/L/logo.svg,Miles Bridges,https://cdn.nba.com/headshots/nba/latest/1040x760/1628970.png
0022501212,103,2,PT00M35.20S,PT00M12.90S,4,"Rebound, Missed Shot, Rebound, Missed Shot",Carrington REBOUND (Off:0 Def:3) | MISS Carrington 6' Driving Finger Roll Layup | Bagley III REBOUND (Off:1 Def:6) | MISS Bagley III Tip Layup Shot,WAS,Washington Wizards,1610612764,1628963,M. Bagley III,60,60,Missed,2.0,Driving Finger Roll Layup Shot,B. Carrington,61.0,3.0,6.0,16.0,22.0,19.0,19.0,0,1,0.0,0,,0.0,,,,0.0,0.0,WAS,https://cdn.nba.com/logos/nba/1610612764/primary/L/logo.svg,Bub Carrington,https://cdn.nba.com/headshots/nba/latest/1040x760/1642267.png
0022501212,156,3,PT00M35.30S,PT00M31.10S,2,"Rebound, Made Shot",Riley REBOUND (Off:1 Def:2) | Watkins 1' Running Dunk (12 PTS) (Riley 4 AST),WAS,Washington Wizards,1610612764,1642364,J. Watkins,100,83,Made,2.0,Running Dunk Shot,J. Watkins,10.0,-1.0,1.0,31.0,4.0,4.0,4.0,1,0,2.0,0,1.0,,0.0,,,0.0,2.0,WAS,https://cdn.nba.com/logos/nba/1610612764/primary/L/logo.svg,Jamir Watkins,https://cdn.nba.com/headshots/nba/latest/1040x760/1642364.png
0022501214,216,4,PT00M36.50S,PT00M36.50S,1,Missed Shot,MISS Porter Jr. 27' 3PT Jump Shot,BKN,Brooklyn Nets,1610612751,1629008,M. Porter Jr.,117,111,Missed,3.0,Jump Shot,M. Porter Jr.,170.0,207.0,27.0,36.0,3.0,0.0,3.0,1,0,0.0,0,1.0,,0.0,Missed,21.0,0.0,0.0,BKN,https://cdn.nba.com/logos/nba/1610612751/primary/L/logo.svg,Michael Porter Jr.,https://cdn.nba.com/headshots/nba/latest/1040x760/1629008.png
0022501215,50,1,PT00M34.30S,PT00M09.90S,3,"Rebound, Foul, Missed Shot",Podziemski REBOUND (Off:0 Def:1) | Reid P.FOUL (P1.T4) (C.Washington) | MISS Butler III 25' 3PT Step Back Jump Shot,GSW,Golden State Warriors,1610612744,202710,J. Butler III,27,28,Missed,3.0,Step Back Jump shot,J. Butler III,-75.0,243.0,25.0,10.0,24.0,24.0,24.0,0,1,0.0,0,,1.0,0.0,Missed,101.0,0.0,0.0,GSW,https://cdn.nba.com/logos/nba/1610612744/primary/L/logo.svg,Jimmy Butler,https://cdn.nba.com/headshots/nba/latest/1040x760/202710.png
0022501215,161,3,PT00M38.10S,PT00M22.00S,8,"Rebound, Missed Shot, Rebound, Foul, Foul, Free Throw, Rebound, Free Throw",Randle REBOUND (Off:1 Def:7) | MISS Randle 29' 3PT Pullup Jump Shot | Clark REBOUND (Off:1 Def:0) | Moody P.FOUL (P1.T3) (C.Washington) | Jackson-Davis S.FOUL (P1.PN) (J.Goble) | MISS Randle Free Throw 1 of 2 | Timberwolves Rebound | Randle Free Throw 2 of 2 (25 PTS),MIN,Minnesota Timberwolves,1610612750,203944,J. Randle,91,88,Missed,3.0,Pullup Jump shot,J. Randle,184.0,222.0,29.0,32.0,,6.0,6.0,1,0,1.0,1,0.0,,,,,0.0,1.0,MIN,https://cdn.nba.com/logos/nba/1610612750/primary/L/logo.svg,Julius Randle,https://cdn.nba.com/headshots/nba/latest/1040x760/203944.png
0022501217,49,1,PT00M37.80S,PT00M34.50S,2,"Rebound, Made Shot",McCain REBOUND (Off:0 Def:1) | Grimes 3PT Running Jump Shot (6 PTS) (McCain 2 AST),PHI,Philadelphia 76ers,1610612755,1629656,Q. Grimes,37,29,Made,3.0,Running Jump Shot,Q. Grimes,-230.0,0.0,0.0,34.0,4.0,4.0,4.0,1,0,3.0,0,1.0,,0.0,Missed,1.0,0.0,3.0,PHI,https://cdn.nba.com/logos/nba/1610612755/primary/L/logo.svg,Quentin Grimes,https://cdn.nba.com/headshots/nba/latest/1040x760/1629656.png
0022501217,109,2,PT00M38.70S,PT00M33.30S,5,"Instant Replay, Free Throw, Rebound, Free Throw, Made Shot",Instant Replay2nd Period (7:09 PM EST) | MISS Okongwu Free Throw Flagrant 1 of 2 | HAWKS Rebound | Okongwu Free Throw Flagrant 2 of 2 (9 PTS) | Krejci 10' Driving Floating Jump Shot (16 PTS) (Johnson 5 AST),ATL,Atlanta Hawks,1610612737,1630249,V. Krejčí,59,55,Made,2.0,Driving Floating Jump Shot,V. Krejčí,5.0,95.0,10.0,33.0,6.0,6.0,6.0,1,0,1.0,1,1.0,,0.0,Missed,7.0,0.0,1.0,ATL,https://cdn.nba.com/logos/nba/1610612737/primary/L/logo.svg,Vít Krejčí,https://cdn.nba.com/headshots/nba/latest/1040x760/1630249.png
0022501219,101,2,PT00M35.60S,PT00M30.60S,2,"Rebound, Made Shot",Porter Jr. REBOUND (Off:0 Def:2) | Williams 1' Running Finger Roll Layup (7 PTS) (Porter Jr. 5 AST),BKN,Brooklyn Nets,1610612751,1630533,Z. Williams,63,46,Made,2.0,Running Finger Roll Layup Shot,Z. Williams,12.0,-5.0,1.0,31.0,5.0,5.0,5.0,1,0,2.0,0,1.0,,2.0,Made,6.0,2.0,4.0,BKN,https://cdn.nba.com/logos/nba/1610612751/primary/L/logo.svg,Ziaire Williams,https://cdn.nba.com/headshots/nba/latest/1040x760/1630533.png
0022501220,107,2,PT00M37.40S,PT00M31.60S,2,"Rebound, Missed Shot",Randle REBOUND (Off:2 Def:2) | MISS Randle 3' Running Layup,MIN,Minnesota Timberwolves,1610612750,203944,J. Randle,51,52,Missed,2.0,Running Layup Shot,J. Randle,-10.0,25.0,3.0,32.0,5.0,5.0,5.0,1,0,0.0,0,1.0,,0.0,Missed,2.0,0.0,0.0,MIN,https://cdn.nba.com/logos/nba/1610612750/primary/L/logo.svg,Julius Randle,https://cdn.nba.com/headshots/nba/latest/1040x760/203944.png
0022501221,115,2,PT00M38.00S,PT00M31.10S,3,"Rebound, Foul, Missed Shot",Avdija REBOUND (Off:0 Def:6) | Podziemski P.FOUL (P1.T3) (M.Ervin) | MISS Avdija 25' 3PT Jump Shot,POR,Portland Trail Blazers,1610612757,1630166,D. Avdija,61,60,Missed,3.0,Jump Shot,D. Avdija,-173.0,180.0,25.0,31.0,7.0,7.0,7.0,1,0,0.0,0,1.0,,0.0,Missed,1.0,0.0,0.0,POR,https://cdn.nba.com/logos/nba/1610612757/primary/L/logo.svg,Deni Avdija,https://cdn.nba.com/headshots/nba/latest/1040x760/1630166.png
0022501221,218,4,PT00M35.70S,PT00M25.60S,6,"Steal, Missed Shot, Rebound, Missed Shot, Rebound, Missed Shot",St. Curry STEAL (3 STL) | MISS St. Curry 5' Running Layup | Butler III REBOUND (Off:2 Def:4) | MISS Butler III Tip Layup Shot | Butler III REBOUND (Off:3 Def:4) | MISS Butler III Tip Layup Shot,GSW,Golden State Warriors,1610612744,202710,J. Butler III,130,129,Missed,2.0,Running Layup Shot,S. Curry,34.0,31.0,5.0,30.0,10.0,6.0,6.0,1,0,0.0,0,1.0,,0.0,,,0.0,0.0,GSW,https://cdn.nba.com/logos/nba/1610612744/primary/L/logo.svg,Stephen Curry,https://cdn.nba.com/headshots/nba/latest/1040x760/201939.png
0022501222,52,1,PT00M36.20S,PT00M20.10S,2,"Rebound, Made Shot",Queta REBOUND (Off:0 Def:4) | White 27' 3PT Step Back Jump Shot (3 PTS),BOS,Boston Celtics,1610612738,1628401,D. White,33,25,Made,3.0,Step Back Jump shot,D. White,127.0,233.0,27.0,20.0,16.0,16.0,16.0,0,1,3.0,0,,0.0,,,,0.0,3.0,BOS,https://cdn.nba.com/logos/nba/1610612738/primary/L/logo.svg,Derrick White,https://cdn.nba.com/headshots/nba/latest/1040x760/1628401.png
0022501222,101,2,PT00M38.60S,PT00M32.20S,2,"Rebound, Made Shot",White REBOUND (Off:0 Def:1) | White 8' Running Layup (8 PTS),BOS,Boston Celtics,1610612738,1628401,D. White,55,53,Made,2.0,Running Layup Shot,D. White,77.0,34.0,8.0,32.0,7.0,7.0,7.0,1,0,2.0,0,1.0,,2.0,Made,14.0,2.0,4.0,BOS,https://cdn.nba.com/logos/nba/1610612738/primary/L/logo.svg,Derrick White,https://cdn.nba.com/headshots/nba/latest/1040x760/1628401.png
0022501224,56,1,PT00M34.10S,PT00M34.10S,1,Missed Shot,MISS Collier 10' Driving Floating Bank Jump Shot,UTA,Utah Jazz,1610612762,1642268,I. Collier,37,41,Missed,2.0,Driving Floating Bank Jump Shot,I. Collier,-26.0,96.0,10.0,34.0,6.0,0.0,6.0,1,0,0.0,0,1.0,,0.0,Missed,21.0,0.0,0.0,UTA,https://cdn.nba.com/logos/nba/1610612762/primary/L/logo.svg,Isaiah Collier,https://cdn.nba.com/headshots/nba/latest/1040x760/1642268.png
0022501224,117,2,PT00M33.50S,PT00M33.50S,1,Missed Shot,MISS George 2' Driving Layup,UTA,Utah Jazz,1610612762,1641718,K. George,71,73,Missed,2.0,Driving Layup Shot,K. George,-18.0,4.0,2.0,34.0,5.0,0.0,5.0,1,0,0.0,0,1.0,,0.0,,,0.0,0.0,UTA,https://cdn.nba.com/logos/nba/1610612762/primary/L/logo.svg,Keyonte George,https://cdn.nba.com/headshots/nba/latest/1040x760/1641718.png
0022501225,46,1,PT00M35.90S,PT00M30.60S,2,"Rebound, Made Shot",Brown REBOUND (Off:0 Def:2) | Hardaway Jr. 24' 3PT Running Jump Shot (5 PTS) (Jokic 4 AST),DEN,Denver Nuggets,1610612743,203501,T. Hardaway Jr.,24,30,Made,3.0,Running Jump Shot,T. Hardaway Jr.,223.0,75.0,24.0,31.0,5.0,5.0,5.0,1,0,3.0,0,0.0,,,,,0.0,3.0,DEN,https://cdn.nba.com/logos/nba/1610612743/primary/L/logo.svg,Tim Hardaway Jr.,https://cdn.nba.com/headshots/nba/latest/1040x760/203501.png
0022501225,93,2,PT00M38.20S,PT00M32.10S,2,"Rebound, Made Shot",Jones REBOUND (Off:0 Def:2) | Jones Driving Finger Roll Layup (4 PTS) (Jokic 5 AST),DEN,Denver Nuggets,1610612743,1642461,S. Jones,54,49,Made,2.0,Driving Finger Roll Layup Shot,S. Jones,-2.0,3.0,0.0,32.0,6.0,6.0,6.0,1,0,2.0,0,1.0,,2.0,Made,24.0,2.0,4.0,DEN,https://cdn.nba.com/logos/nba/1610612743/primary/L/logo.svg,Spencer Jones,https://cdn.nba.com/headshots/nba/latest/1040x760/1642461.png
0022501226,53,1,PT00M39.20S,PT00M33.20S,2,"Rebound, Missed Shot",Zubac REBOUND (Off:1 Def:4) | MISS Brown 27' 3PT Jump Shot,LAC,LA Clippers,1610612746,1641738,K. Brown,27,23,Missed,3.0,Jump Shot,K. Brown,119.0,237.0,27.0,33.0,6.0,6.0,6.0,1,0,0.0,0,1.0,,0.0,Missed,4.0,0.0,0.0,LAC,https://cdn.nba.com/logos/nba/1610612746/primary/L/logo.svg,Kobe Brown,https://cdn.nba.com/headshots/nba/latest/1040x760/1641738.png
0022501227,50,1,PT00M39.30S,PT00M24.30S,2,"Rebound, Missed Shot",Jaquez Jr. REBOUND (Off:0 Def:1) | MISS Johnson 26' 3PT Jump Shot,MIA,Miami Heat,1610612748,1642352,K. Johnson,22,20,Missed,3.0,Jump Shot,K. Johnson,-116.0,235.0,26.0,24.0,15.0,15.0,15.0,0,1,0.0,0,,0.0,,,,0.0,0.0,MIA,https://cdn.nba.com/logos/nba/1610612748/primary/L/logo.svg,Keshad Johnson,https://cdn.nba.com/headshots/nba/latest/1040x760/1642352.png
0022501227,152,3,PT00M35.70S,PT00M22.70S,2,"Timeout, Made Shot",Raptors Timeout: Regular (Reg.4 Short 0) | Barnes 1' Driving Layup (11 PTS) (Shead 7 AST),TOR,Toronto Raptors,1610612761,1630567,S. Barnes,77,74,Made,2.0,Driving Layup Shot,S. Barnes,-12.0,0.0,1.0,23.0,13.0,13.0,13.0,0,1,2.0,0,,0.0,,,,0.0,2.0,TOR,https://cdn.nba.com/logos/nba/1610612761/primary/L/logo.svg,Scottie Barnes,https://cdn.nba.com/headshots/nba/latest/1040x760/1630567.png
0022501227,208,4,PT00M35.50S,PT00M29.40S,6,"Rebound, Timeout, Timeout, Missed Shot, Rebound, Missed Shot",Adebayo REBOUND (Off:0 Def:10) | HEAT Timeout: Regular (Full 6 Short 0) | HEAT Timeout: Regular (Full 7 Short 0) | MISS Powell 24' 3PT Jump Shot | Powell REBOUND (Off:1 Def:2) | MISS Powell 1' Floating Jump Shot,MIA,Miami Heat,1610612748,1626181,N. Powell,96,104,Missed,3.0,Jump Shot,N. Powell,-201.0,127.0,24.0,34.0,7.0,2.0,2.0,1,0,0.0,0,1.0,,0.0,Missed,9.0,0.0,0.0,MIA,https://cdn.nba.com/logos/nba/1610612748/primary/L/logo.svg,Norman Powell,https://cdn.nba.com/headshots/nba/latest/1040x760/1626181.png
0022501228,158,3,PT00M38.90S,PT00M16.40S,4,"Rebound, Missed Shot, Rebound, Missed Shot",O'Neale REBOUND (Off:0 Def:4) | MISS Allen 27' 3PT Pullup Jump Shot | Gillespie REBOUND (Off:1 Def:2) | MISS Ighodaro 2' Floating Jump Shot,PHX,Phoenix Suns,1610612756,1642345,O. Ighodaro,77,83,Missed,3.0,Pullup Jump shot,G. Allen,-45.0,269.0,27.0,31.0,23.0,8.0,8.0,0,1,0.0,0,,1.0,0.0,,,0.0,0.0,PHX,https://cdn.nba.com/logos/nba/1610612756/primary/L/logo.svg,Grayson Allen,https://cdn.nba.com/headshots/nba/latest/1040x760/1628960.png
0022501229,47,1,PT00M39.20S,PT00M35.80S,2,"Steal, Made Shot",Bitadze STEAL (1 STL) | Banchero 4' Running Layup (4 PTS) (Jones 1 AST),ORL,Orlando Magic,1610612753,1631094,P. Banchero,36,30,Made,2.0,Running Layup Shot,P. Banchero,-38.0,18.0,4.0,36.0,3.0,3.0,3.0,1,0,2.0,0,1.0,,0.0,Missed,0.0,0.0,2.0,ORL,https://cdn.nba.com/logos/nba/1610612753/primary/L/logo.svg,Paolo Banchero,https://cdn.nba.com/headshots/nba/latest/1040x760/1631094.png
0022501230,162,3,PT00M34.80S,PT00M28.30S,2,"Rebound, Made Shot",Champagnie REBOUND (Off:0 Def:5) | Fox 25' 3PT Pullup Jump Shot (17 PTS),SAS,San Antonio Spurs,1610612759,1628368,D. Fox,74,76,Made,3.0,Pullup Jump shot,D. Fox,-118.0,220.0,25.0,28.0,7.0,7.0,7.0,1,0,3.0,0,1.0,,2.0,,,2.0,5.0,SAS,https://cdn.nba.com/logos/nba/1610612759/primary/L/logo.svg,De'Aaron Fox,https://cdn.nba.com/headshots/nba/latest/1040x760/1628368.png
0042500104,50,1,PT00M37.50S,PT00M13.50S,7,"Rebound, Missed Shot, Rebound, Missed Shot, Rebound, Timeout, Missed Shot",Bane REBOUND (Off:0 Def:1) | MISS F. Wagner 3PT Jump Shot | Cain REBOUND (Off:1 Def:0) | MISS Cain 3' Putback Layup | Bitadze REBOUND (Off:1 Def:0) | MAGIC Timeout: Regular (Full 1 Short 0) | MISS Bane 25' 3PT Pullup Jump Shot,ORL,Orlando Magic,1610612753,1630217,D. Bane,24,27,Missed,3.0,Jump Shot,F. Wagner,-230.0,15.0,0.0,27.0,24.0,11.0,11.0,0,1,0.0,0,,1.0,2.0,Made,3.0,2.0,2.0,ORL,https://cdn.nba.com/logos/nba/1610612753/primary/L/logo.svg,Franz Wagner,https://cdn.nba.com/headshots/nba/latest/1040x760/1630532.png
0042500106,137,3,PT00M34.30S,PT00M15.80S,2,"Rebound, Missed Shot",Robinson REBOUND (Off:0 Def:3) | MISS Reed 26' 3PT Jump Shot,DET,Detroit Pistons,1610612765,1630194,P. Reed,71,62,Missed,3.0,Jump Shot,P. Reed,-11.0,264.0,26.0,16.0,18.0,18.0,18.0,0,1,0.0,0,,0.0,,,,0.0,0.0,DET,https://cdn.nba.com/logos/nba/1610612765/primary/L/logo.svg,Paul Reed,https://cdn.nba.com/headshots/nba/latest/1040x760/1630194.png
0042500107,100,2,PT00M40.20S,PT00M33.20S,2,"Rebound, Made Shot",Duren REBOUND (Off:4 Def:4) | Robinson 9' Driving Floating Bank Jump Shot (5 PTS),DET,Detroit Pistons,1610612765,1629130,D. Robinson,58,47,Made,2.0,Driving Floating Bank Jump Shot,D. Robinson,-83.0,33.0,9.0,33.0,7.0,7.0,7.0,1,0,2.0,0,1.0,,0.0,Missed,3.0,0.0,2.0,DET,https://cdn.nba.com/logos/nba/1610612765/primary/L/logo.svg,Duncan Robinson,https://cdn.nba.com/headshots/nba/latest/1040x760/1629130.png
0042500111,53,1,PT00M36.80S,PT00M27.30S,4,"Rebound, Missed Shot, Rebound, Turnover",Tatum REBOUND (Off:0 Def:6) | MISS White 28' 3PT Running Pull-Up Jump Shot | White REBOUND (Off:1 Def:0) | White Out of Bounds - Bad Pass Turnover Turnover (P1.T4),BOS,Boston Celtics,1610612738,1628401,D. White,31,18,Missed,3.0,Running Pull-Up Jump Shot,D. White,-151.0,230.0,28.0,32.0,,5.0,5.0,1,0,0.0,0,1.0,,2.0,Made,1.0,2.0,2.0,BOS,https://cdn.nba.com/logos/nba/1610612738/primary/L/logo.svg,Derrick White,https://cdn.nba.com/headshots/nba/latest/1040x760/1628401.png
0042500112,96,2,PT00M33.70S,PT00M14.60S,5,"Missed Shot, Rebound, Missed Shot, Rebound, Missed Shot",MISS Brown 31' 3PT Pullup Jump Shot | Tatum REBOUND (Off:2 Def:4) | MISS Hauser 26' 3PT Jump Shot | Brown REBOUND (Off:3 Def:2) | MISS Brown 3PT Fadeaway Jumper,BOS,Boston Celtics,1610612738,1627759,J. Brown,54,62,Missed,3.0,Pullup Jump shot,J. Brown,-69.0,300.0,31.0,34.0,19.0,0.0,19.0,0,1,0.0,0,,1.0,0.0,Missed,1.0,0.0,0.0,BOS,https://cdn.nba.com/logos/nba/1610612738/primary/L/logo.svg,Jaylen Brown,https://cdn.nba.com/headshots/nba/latest/1040x760/1627759.png
0042500112,145,3,PT00M38.80S,PT00M33.30S,2,"Rebound, Missed Shot",Edgecombe REBOUND (Off:4 Def:5) | MISS Grimes 28' 3PT Running Jump Shot,PHI,Philadelphia 76ers,1610612755,1629656,Q. Grimes,77,84,Missed,3.0,Running Jump Shot,Q. Grimes,5.0,277.0,28.0,33.0,6.0,6.0,6.0,1,0,0.0,0,1.0,,0.0,Missed,2.0,0.0,0.0,PHI,https://cdn.nba.com/logos/nba/1610612755/primary/L/logo.svg,Quentin Grimes,https://cdn.nba.com/headshots/nba/latest/1040x760/1629656.png
0042500115,100,2,PT00M39.10S,PT00M34.70S,2,"Rebound, Made Shot",Pritchard REBOUND (Off:0 Def:1) | Brown 27' 3PT Running Pull-Up Jump Shot (11 PTS) (Pritchard 6 AST),BOS,Boston Celtics,1610612738,1627759,J. Brown,57,48,Made,3.0,Running Pull-Up Jump Shot,J. Brown,110.0,246.0,27.0,35.0,4.0,4.0,4.0,1,0,3.0,0,1.0,,0.0,Missed,0.0,0.0,3.0,BOS,https://cdn.nba.com/logos/nba/1610612738/primary/L/logo.svg,Jaylen Brown,https://cdn.nba.com/headshots/nba/latest/1040x760/1627759.png
0042500116,105,2,PT00M36.70S,PT00M13.40S,2,"Rebound, Made Shot",Walsh REBOUND (Off:0 Def:1) | Pritchard 5' Driving Layup (6 PTS),BOS,Boston Celtics,1610612738,1630202,P. Pritchard,56,49,Made,2.0,Driving Layup Shot,P. Pritchard,50.0,13.0,5.0,13.0,24.0,24.0,24.0,0,1,2.0,0,,1.0,0.0,Missed,0.0,0.0,2.0,BOS,https://cdn.nba.com/logos/nba/1610612738/primary/L/logo.svg,Payton Pritchard,https://cdn.nba.com/headshots/nba/latest/1040x760/1630202.png
0042500116,155,3,PT00M35.10S,PT00M29.90S,2,"Rebound, Missed Shot",Drummond REBOUND (Off:1 Def:5) | MISS Maxey 29' 3PT Running Pull-Up Jump Shot,PHI,Philadelphia 76ers,1610612755,1630178,T. Maxey,82,61,Missed,3.0,Running Pull-Up Jump Shot,T. Maxey,-135.0,253.0,29.0,30.0,5.0,5.0,5.0,1,0,0.0,0,0.0,,,,,0.0,0.0,PHI,https://cdn.nba.com/logos/nba/1610612755/primary/L/logo.svg,Tyrese Maxey,https://cdn.nba.com/headshots/nba/latest/1040x760/1630178.png
0042500117,193,4,PT00M33.50S,PT00M23.30S,4,"Rebound, Missed Shot, Rebound, Missed Shot",CELTICS Rebound | MISS Brown 25' 3PT Pullup Jump Shot | Brown REBOUND (Off:1 Def:8) | MISS White 27' 3PT Jump Shot,BOS,Boston Celtics,1610612738,1628401,D. White,98,103,Missed,3.0,Pullup Jump shot,J. Brown,156.0,201.0,25.0,28.0,11.0,6.0,6.0,1,0,0.0,0,1.0,,0.0,Missed,19.0,0.0,0.0,BOS,https://cdn.nba.com/logos/nba/1610612738/primary/L/logo.svg,Jaylen Brown,https://cdn.nba.com/headshots/nba/latest/1040x760/1627759.png
0042500121,147,3,PT00M38.10S,PT00M35.30S,2,"Rebound, Made Shot",Brunson REBOUND (Off:1 Def:4) | Anunoby 1' Running Dunk (16 PTS) (Brunson 6 AST),NYK,New York Knicks,1610612752,1628384,O. Anunoby,83,74,Made,2.0,Running Dunk Shot,O. Anunoby,1.0,-6.0,1.0,35.0,3.0,3.0,3.0,1,0,2.0,0,1.0,,0.0,Missed,2.0,0.0,2.0,NYK,https://cdn.nba.com/logos/nba/1610612752/primary/L/logo.svg,OG Anunoby,https://cdn.nba.com/headshots/nba/latest/1040x760/1628384.png
0042500124,45,1,PT00M33.70S,PT00M16.20S,2,"Rebound, Missed Shot",Alexander-Walker REBOUND (Off:0 Def:1) | MISS Alexander-Walker 25' 3PT Pullup Jump Shot,ATL,Atlanta Hawks,1610612737,1629638,N. Alexander-Walker,19,27,Missed,3.0,Pullup Jump shot,N. Alexander-Walker,77.0,242.0,25.0,16.0,18.0,18.0,18.0,0,1,0.0,0,,1.0,1.0,,,1.0,1.0,ATL,https://cdn.nba.com/logos/nba/1610612737/primary/L/logo.svg,Nickeil Alexander-Walker,https://cdn.nba.com/headshots/nba/latest/1040x760/1629638.png
0042500125,51,1,PT00M33.50S,PT00M21.30S,3,"Rebound, Foul, Missed Shot",Hawks Rebound | Clarkson L.B.FOUL (P1.T4) (J.Van Duyne) | MISS Kuminga 25' 3PT Jump Bank Shot,ATL,Atlanta Hawks,1610612737,1630228,J. Kuminga,33,22,Missed,3.0,Jump Bank Shot,J. Kuminga,206.0,138.0,25.0,21.0,13.0,13.0,13.0,0,1,0.0,0,,1.0,0.0,Missed,1.0,0.0,0.0,ATL,https://cdn.nba.com/logos/nba/1610612737/primary/L/logo.svg,Jonathan Kuminga,https://cdn.nba.com/headshots/nba/latest/1040x760/1630228.png
0042500126,50,1,PT00M33.60S,PT00M05.20S,2,"Rebound, Made Shot",Knicks Rebound | Bridges 11' Jump Shot (8 PTS) (Brunson 5 AST),NYK,New York Knicks,1610612752,1628969,M. Bridges,15,40,Made,2.0,Jump Shot,M. Bridges,4.0,114.0,11.0,5.0,29.0,29.0,29.0,0,1,2.0,0,,0.0,,,,0.0,2.0,NYK,https://cdn.nba.com/logos/nba/1610612752/primary/L/logo.svg,Mikal Bridges,https://cdn.nba.com/headshots/nba/latest/1040x760/1628969.png
0042500133,100,2,PT00M36.00S,PT00M21.00S,4,"Rebound, Missed Shot, Rebound, Turnover",Harden REBOUND (Off:0 Def:2) | MISS Harden 27' 3PT Step Back Jump Shot | Strus REBOUND (Off:2 Def:1) | Strus Bad Pass Turnover (P1.T13),CLE,Cleveland Cavaliers,1610612739,1629622,M. Strus,52,54,Missed,3.0,Step Back Jump shot,J. Harden,151.0,218.0,27.0,29.0,,7.0,7.0,1,0,0.0,0,1.0,,0.0,Missed,0.0,0.0,0.0,CLE,https://cdn.nba.com/logos/nba/1610612739/primary/L/logo.svg,James Harden,https://cdn.nba.com/headshots/nba/latest/1040x760/201935.png
0042500135,108,2,PT00M36.30S,PT00M26.10S,4,"Rebound, Missed Shot, Rebound, Missed Shot",Barrett REBOUND (Off:1 Def:5) | MISS Barrett 6' Driving Bank Hook Shot | Mamukelashvili REBOUND (Off:1 Def:2) | MISS Mamukelashvili Tip Layup Shot,TOR,Toronto Raptors,1610612761,1630572,S. Mamukelashvili,65,74,Missed,2.0,Driving Bank Hook Shot,R. Barrett,-51.0,39.0,6.0,29.0,10.0,7.0,7.0,1,0,0.0,0,1.0,,0.0,Missed,4.0,0.0,0.0,TOR,https://cdn.nba.com/logos/nba/1610612761/primary/L/logo.svg,RJ Barrett,https://cdn.nba.com/headshots/nba/latest/1040x760/1629628.png
0042500136,48,1,PT00M35.50S,PT00M24.30S,2,"Steal, Made Shot",Mamukelashvili STEAL (1 STL) | Mamukelashvili 1' Driving Finger Roll Layup (2 PTS) (Barnes 5 AST),TOR,Toronto Raptors,1610612761,1630572,S. Mamukelashvili,32,32,Made,2.0,Driving Finger Roll Layup Shot,S. Mamukelashvili,-4.0,13.0,1.0,24.0,12.0,12.0,12.0,0,1,2.0,0,,0.0,,,,0.0,2.0,TOR,https://cdn.nba.com/logos/nba/1610612761/primary/L/logo.svg,Sandro Mamukelashvili,https://cdn.nba.com/headshots/nba/latest/1040x760/1630572.png
0042500136,193,4,PT00M39.00S,PT00M15.80S,2,"Rebound, Missed Shot",Barrett REBOUND (Off:2 Def:7) | MISS Barrett 27' 3PT Step Back Jump Shot,TOR,Toronto Raptors,1610612761,1629628,R. Barrett,104,102,Missed,3.0,Step Back Jump shot,R. Barrett,-143.0,228.0,27.0,16.0,23.0,23.0,23.0,0,1,0.0,0,,1.0,0.0,Missed,0.0,0.0,0.0,TOR,https://cdn.nba.com/logos/nba/1610612761/primary/L/logo.svg,RJ Barrett,https://cdn.nba.com/headshots/nba/latest/1040x760/1629628.png
0042500141,101,2,PT00M33.90S,PT00M10.90S,2,"Rebound, Missed Shot",Green REBOUND (Off:0 Def:4) | MISS O'Neale 54' 3PT Pullup Jump Shot,PHX,Phoenix Suns,1610612756,1626220,R. O'Neale,63,44,Missed,3.0,Pullup Jump shot,R. O'Neale,-159.0,519.0,54.0,11.0,23.0,23.0,23.0,0,1,0.0,0,,1.0,0.0,Missed,0.0,0.0,0.0,PHX,https://cdn.nba.com/logos/nba/1610612756/primary/L/logo.svg,Royce O'Neale,https://cdn.nba.com/headshots/nba/latest/1040x760/1626220.png
0042500152,156,3,PT00M36.60S,PT00M31.30S,2,"Rebound, Made Shot",Williams III REBOUND (Off:3 Def:6) | Henderson 25' 3PT Running Jump Shot (26 PTS) (Holiday 7 AST),POR,Portland Trail Blazers,1610612757,1630703,S. Henderson,78,79,Made,3.0,Running Jump Shot,S. Henderson,-208.0,142.0,25.0,31.0,6.0,6.0,6.0,1,0,3.0,0,1.0,,0.0,Missed,0.0,0.0,3.0,POR,https://cdn.nba.com/logos/nba/1610612757/primary/L/logo.svg,Scoot Henderson,https://cdn.nba.com/headshots/nba/latest/1040x760/1630703.png
0042500154,100,2,PT00M38.80S,PT00M34.20S,2,"Rebound, Missed Shot",Holiday REBOUND (Off:0 Def:5) | MISS Avdija 3' Running Layup,POR,Portland Trail Blazers,1610612757,1630166,D. Avdija,58,39,Missed,2.0,Running Layup Shot,D. Avdija,2.0,27.0,3.0,34.0,5.0,5.0,5.0,1,0,0.0,0,1.0,,0.0,Missed,22.0,0.0,0.0,POR,https://cdn.nba.com/logos/nba/1610612757/primary/L/logo.svg,Deni Avdija,https://cdn.nba.com/headshots/nba/latest/1040x760/1630166.png
0042500154,101,2,PT00M34.20S,PT00M22.50S,2,"Rebound, Missed Shot",TRAIL BLAZERS Rebound | MISS Clingan 29' 3PT Jump Shot,POR,Portland Trail Blazers,1610612757,1642270,D. Clingan,58,39,Missed,3.0,Jump Shot,D. Clingan,-147.0,249.0,29.0,22.0,12.0,12.0,12.0,0,1,0.0,0,,0.0,,,,0.0,0.0,POR,https://cdn.nba.com/logos/nba/1610612757/primary/L/logo.svg,Donovan Clingan,https://cdn.nba.com/headshots/nba/latest/1040x760/1642270.png
0042500161,56,1,PT00M40.10S,PT00M19.80S,2,"Rebound, Missed Shot",Hyland REBOUND (Off:0 Def:1) | MISS Reid 7' Turnaround Bank Hook Shot,MIN,Minnesota Timberwolves,1610612750,1629675,N. Reid,23,33,Missed,2.0,Turnaround Bank Hook Shot,N. Reid,-69.0,21.0,7.0,20.0,20.0,20.0,20.0,0,1,0.0,0,,1.0,0.0,,,0.0,0.0,MIN,https://cdn.nba.com/logos/nba/1610612750/primary/L/logo.svg,Naz Reid,https://cdn.nba.com/headshots/nba/latest/1040x760/1629675.png
0042500163,104,2,PT00M37.60S,PT00M18.00S,2,"Rebound, Made Shot",McDaniels REBOUND (Off:3 Def:2) | Randle 8' Pullup Jump Shot (7 PTS) (Dosunmu 4 AST),MIN,Minnesota Timberwolves,1610612750,203944,J. Randle,61,39,Made,2.0,Pullup Jump shot,J. Randle,-43.0,68.0,8.0,18.0,20.0,20.0,20.0,0,1,2.0,0,,0.0,,,,0.0,2.0,MIN,https://cdn.nba.com/logos/nba/1610612750/primary/L/logo.svg,Julius Randle,https://cdn.nba.com/headshots/nba/latest/1040x760/203944.png
0042500165,161,3,PT00M36.90S,PT00M33.60S,2,"Steal, Made Shot",Johnson STEAL (3 STL) | Johnson 3' Running Dunk (16 PTS),DEN,Denver Nuggets,1610612743,1629661,C. Johnson,97,72,Made,2.0,Running Dunk Shot,C. Johnson,-25.0,1.0,3.0,34.0,3.0,3.0,3.0,1,0,2.0,0,1.0,,0.0,Missed,3.0,0.0,2.0,DEN,https://cdn.nba.com/logos/nba/1610612743/primary/L/logo.svg,Cameron Johnson,https://cdn.nba.com/headshots/nba/latest/1040x760/1629661.png
0042500166,49,1,PT00M39.30S,PT00M35.50S,2,"Steal, Made Shot",Hardaway Jr. STEAL (1 STL) | Johnson 1' Running Layup (9 PTS) (Jokic 5 AST),DEN,Denver Nuggets,1610612743,1629661,C. Johnson,29,28,Made,2.0,Running Layup Shot,C. Johnson,6.0,5.0,1.0,36.0,3.0,3.0,3.0,1,0,2.0,0,1.0,,1.0,,,1.0,3.0,DEN,https://cdn.nba.com/logos/nba/1610612743/primary/L/logo.svg,Cameron Johnson,https://cdn.nba.com/headshots/nba/latest/1040x760/1629661.png
0042500172,44,1,PT00M37.20S,PT00M31.00S,6,"Rebound, Missed Shot, Rebound, Foul, Free Throw, Free Throw",L. James REBOUND (Off:0 Def:2) | MISS Kennard 28' 3PT Running Jump Shot | Hayes REBOUND (Off:2 Def:0) | Sengun S.FOUL (P1.PN) (C.Kirkland) | Hayes Free Throw 1 of 2 (2 PTS) | Hayes Free Throw 2 of 2 (3 PTS),LAL,Los Angeles Lakers,1610612747,1629637,J. Hayes,30,26,Missed,3.0,Running Jump Shot,L. Kennard,-178.0,212.0,28.0,35.0,,2.0,2.0,1,0,2.0,2,1.0,,1.0,,,1.0,3.0,LAL,https://cdn.nba.com/logos/nba/1610612747/primary/L/logo.svg,Luke Kennard,https://cdn.nba.com/headshots/nba/latest/1040x760/1628379.png
0042500172,148,3,PT00M39.40S,PT00M33.70S,2,"Rebound, Missed Shot",Vanderbilt REBOUND (Off:1 Def:3) | MISS L. James 4' Running Reverse Layup,LAL,Los Angeles Lakers,1610612747,2544,L. James,75,68,Missed,2.0,Running Reverse Layup Shot,L. James,-37.0,10.0,4.0,34.0,5.0,5.0,5.0,1,0,0.0,0,0.0,,,,,0.0,0.0,LAL,https://cdn.nba.com/logos/nba/1610612747/primary/L/logo.svg,LeBron James,https://cdn.nba.com/headshots/nba/latest/1040x760/2544.png
0042500173,51,1,PT00M37.10S,PT00M32.70S,2,"Steal, Missed Shot",Hachimura STEAL (1 STL) | MISS Kennard 3' Running Reverse Layup,LAL,Los Angeles Lakers,1610612747,1628379,L. Kennard,32,38,Missed,2.0,Running Reverse Layup Shot,L. Kennard,-32.0,-6.0,3.0,33.0,4.0,4.0,4.0,1,0,0.0,0,1.0,,1.0,,,1.0,1.0,LAL,https://cdn.nba.com/logos/nba/1610612747/primary/L/logo.svg,Luke Kennard,https://cdn.nba.com/headshots/nba/latest/1040x760/1628379.png
0042500173,220,5,PT00M35.50S,PT00M28.60S,4,"Timeout, Missed Shot, Rebound, Made Shot",ROCKETS Timeout: Regular (Full 8 Short 0) | MISS Sheppard 3PT Jump Shot | Sengun REBOUND (Off:5 Def:10) | Sheppard 25' 3PT Pullup Jump Shot (17 PTS) (Smith Jr. 1 AST),HOU,Houston Rockets,1610612745,1642263,R. Sheppard,108,111,Missed,3.0,Jump Shot,R. Sheppard,-229.0,8.0,0.0,34.0,7.0,2.0,2.0,1,0,3.0,0,1.0,,0.0,Missed,12.0,0.0,3.0,HOU,https://cdn.nba.com/logos/nba/1610612745/primary/L/logo.svg,Reed Sheppard,https://cdn.nba.com/headshots/nba/latest/1040x760/1642263.png
0042500176,104,2,PT00M36.00S,PT00M23.70S,2,"Rebound, Missed Shot",Ayton REBOUND (Off:2 Def:6) | MISS L. James 26' 3PT Jump Shot,LAL,Los Angeles Lakers,1610612747,2544,L. James,31,49,Missed,3.0,Jump Shot,L. James,-163.0,198.0,26.0,24.0,12.0,12.0,12.0,0,1,0.0,0,,0.0,,,,0.0,0.0,LAL,https://cdn.nba.com/logos/nba/1610612747/primary/L/logo.svg,LeBron James,https://cdn.nba.com/headshots/nba/latest/1040x760/2544.png
0042500201,146,3,PT00M39.40S,PT00M31.70S,2,"Foul, Missed Shot",LeVert P.FOUL (P1.T4) (J.Capers) | MISS Strus 26' 3PT Pullup Jump Shot,CLE,Cleveland Cavaliers,1610612739,1629622,M. Strus,80,74,Missed,3.0,Pullup Jump shot,M. Strus,-211.0,150.0,26.0,32.0,7.0,7.0,7.0,1,0,0.0,0,1.0,,2.0,Made,3.0,2.0,2.0,CLE,https://cdn.nba.com/logos/nba/1610612739/primary/L/logo.svg,Max Strus,https://cdn.nba.com/headshots/nba/latest/1040x760/1629622.png
0042500204,48,1,PT00M36.50S,PT00M23.60S,2,"Rebound, Missed Shot",Holland II REBOUND (Off:0 Def:1) | MISS Holland II 26' 3PT Jump Shot,DET,Detroit Pistons,1610612765,1641842,R. Holland II,21,24,Missed,3.0,Jump Shot,R. Holland II,-129.0,220.0,26.0,24.0,12.0,12.0,12.0,0,1,0.0,0,,0.0,,,,0.0,0.0,DET,https://cdn.nba.com/logos/nba/1610612765/primary/L/logo.svg,Ron Holland,
0042500205,143,3,PT00M34.60S,PT00M09.30S,6,"Rebound, Missed Shot, Rebound, Missed Shot, Rebound, Missed Shot",Strus REBOUND (Off:0 Def:5) | MISS Schroder 3' Running Layup | Strus REBOUND (Off:1 Def:5) | MISS Mitchell 29' 3PT Jump Shot | Strus REBOUND (Off:2 Def:5) | MISS Mobley 27' 3PT Jump Shot,CLE,Cleveland Cavaliers,1610612739,1630596,E. Mobley,80,84,Missed,2.0,Running Layup Shot,D. Schröder,-29.0,3.0,3.0,27.0,26.0,8.0,8.0,0,1,0.0,0,,0.0,,,,0.0,0.0,CLE,https://cdn.nba.com/logos/nba/1610612739/primary/L/logo.svg,Dennis Schröder,https://cdn.nba.com/headshots/nba/latest/1040x760/203471.png
0042500206,152,3,PT00M33.90S,PT00M28.00S,2,"Rebound, Made Shot",Robinson REBOUND (Off:0 Def:2) | Reed 1' Cutting Layup Shot (12 PTS) (Robinson 2 AST),DET,Detroit Pistons,1610612765,1630194,P. Reed,70,82,Made,2.0,Cutting Layup Shot,P. Reed,1.0,9.0,1.0,28.0,6.0,6.0,6.0,1,0,2.0,0,1.0,,2.0,Made,0.0,2.0,4.0,DET,https://cdn.nba.com/logos/nba/1610612765/primary/L/logo.svg,Paul Reed,https://cdn.nba.com/headshots/nba/latest/1040x760/1630194.png
0042500207,159,3,PT00M37.30S,PT00M23.90S,2,"Rebound, Made Shot",Wade REBOUND (Off:2 Def:3) | Mobley 4' Cutting Dunk Shot (16 PTS) (Harden 6 AST),CLE,Cleveland Cavaliers,1610612739,1630596,E. Mobley,73,99,Made,2.0,Cutting Dunk Shot,E. Mobley,29.0,20.0,4.0,24.0,13.0,13.0,13.0,0,1,2.0,0,,0.0,,,,0.0,2.0,CLE,https://cdn.nba.com/logos/nba/1610612739/primary/L/logo.svg,Evan Mobley,https://cdn.nba.com/headshots/nba/latest/1040x760/1630596.png
0042500231,47,1,PT00M40.10S,PT00M35.70S,2,"Rebound, Missed Shot",Harper REBOUND (Off:0 Def:1) | MISS Wembanyama 27' 3PT Running Jump Shot,SAS,San Antonio Spurs,1610612759,1641705,V. Wembanyama,23,22,Missed,3.0,Running Jump Shot,V. Wembanyama,-2.0,267.0,27.0,36.0,4.0,4.0,4.0,1,0,0.0,0,1.0,,0.0,Missed,5.0,0.0,0.0,SAS,https://cdn.nba.com/logos/nba/1610612759/primary/L/logo.svg,Victor Wembanyama,https://cdn.nba.com/headshots/nba/latest/1040x760/1641705.png
0042500231,97,2,PT00M34.60S,PT00M22.70S,2,"Rebound, Missed Shot",Gobert REBOUND (Off:1 Def:7) | MISS Reid 1' Driving Layup,MIN,Minnesota Timberwolves,1610612750,1629675,N. Reid,45,45,Missed,2.0,Driving Layup Shot,N. Reid,-4.0,13.0,1.0,23.0,12.0,12.0,12.0,0,1,0.0,0,,0.0,,,,0.0,0.0,MIN,https://cdn.nba.com/logos/nba/1610612750/primary/L/logo.svg,Naz Reid,https://cdn.nba.com/headshots/nba/latest/1040x760/1629675.png
0042500232,55,1,PT00M35.50S,PT00M30.70S,2,"Rebound, Made Shot",Timberwolves Rebound | Edwards 27' 3PT Pullup Jump Shot (3 PTS) (Gobert 1 AST),MIN,Minnesota Timberwolves,1610612750,1630162,A. Edwards,21,17,Made,3.0,Pullup Jump shot,A. Edwards,175.0,199.0,27.0,31.0,5.0,5.0,5.0,1,0,3.0,0,1.0,,0.0,Missed,0.0,0.0,3.0,MIN,https://cdn.nba.com/logos/nba/1610612750/primary/L/logo.svg,Anthony Edwards,https://cdn.nba.com/headshots/nba/latest/1040x760/1630162.png
0042500234,108,2,PT00M39.00S,PT00M33.60S,2,"Rebound, Made Shot",Reid REBOUND (Off:1 Def:3) | McDaniels 1' Driving Floating Bank Jump Shot (6 PTS),MIN,Minnesota Timberwolves,1610612750,1630183,J. McDaniels,60,54,Made,2.0,Driving Floating Bank Jump Shot,J. McDaniels,4.0,9.0,1.0,34.0,5.0,5.0,5.0,1,0,2.0,0,1.0,,0.0,Missed,1.0,0.0,2.0,MIN,https://cdn.nba.com/logos/nba/1610612750/primary/L/logo.svg,Jaden McDaniels,https://cdn.nba.com/headshots/nba/latest/1040x760/1630183.png
0042500301,228,5,PT00M34.90S,PT00M32.50S,2,"Foul, Missed Shot",Anunoby P.FOUL (P3.T2) (J.DeRosa) | MISS Mitchell 32' 3PT Pullup Jump Shot,CLE,Cleveland Cavaliers,1610612739,1628378,D. Mitchell,113,104,Missed,3.0,Pullup Jump shot,D. Mitchell,154.0,284.0,32.0,32.0,3.0,3.0,3.0,1,0,0.0,0,1.0,,0.0,Missed,26.0,0.0,0.0,CLE,https://cdn.nba.com/logos/nba/1610612739/primary/L/logo.svg,Donovan Mitchell,https://cdn.nba.com/headshots/nba/latest/1040x760/1628378.png
0042500304,50,1,PT00M35.10S,PT00M11.10S,4,"Rebound, Missed Shot, Rebound, Missed Shot",Robinson REBOUND (Off:1 Def:2) | MISS Brunson 7' Driving Floating Bank Jump Shot | Robinson REBOUND (Off:2 Def:2) | MISS Robinson Tip Layup Shot,NYK,New York Knicks,1610612752,1629011,M. Robinson,26,38,Missed,2.0,Driving Floating Bank Jump Shot,J. Brunson,-71.0,24.0,7.0,15.0,24.0,20.0,20.0,0,1,0.0,0,,0.0,,,,0.0,0.0,NYK,https://cdn.nba.com/logos/nba/1610612752/primary/L/logo.svg,Jalen Brunson,https://cdn.nba.com/headshots/nba/latest/1040x760/1628973.png
0042500311,50,1,PT00M35.80S,PT00M15.90S,2,"Rebound, Made Shot",Wembanyama REBOUND (Off:4 Def:1) | Harper 3' Driving Layup (4 PTS),SAS,San Antonio Spurs,1610612759,1642844,D. Harper,25,27,Made,2.0,Driving Layup Shot,D. Harper,-16.0,22.0,3.0,16.0,20.0,20.0,20.0,0,1,2.0,0,,1.0,0.0,,,0.0,2.0,SAS,https://cdn.nba.com/logos/nba/1610612759/primary/L/logo.svg,Dylan Harper,https://cdn.nba.com/headshots/nba/latest/1040x760/1642844.png
0042500311,240,6,PT00M37.60S,PT00M22.00S,2,"Rebound, Made Shot",Harper REBOUND (Off:1 Def:10) | Wembanyama 2' Alley Oop Dunk (41 PTS) (Castle 11 AST),SAS,San Antonio Spurs,1610612759,1641705,V. Wembanyama,114,120,Made,2.0,Alley Oop Dunk Shot,V. Wembanyama,17.0,-1.0,2.0,22.0,16.0,16.0,16.0,0,1,2.0,0,,1.0,2.0,,,2.0,4.0,SAS,https://cdn.nba.com/logos/nba/1610612759/primary/L/logo.svg,Victor Wembanyama,https://cdn.nba.com/headshots/nba/latest/1040x760/1641705.png
0042500312,150,3,PT00M36.60S,PT00M29.80S,2,"Foul, Made Shot",Wembanyama L.B.FOUL (P3.T4) (K.Lane) | Gilgeous-Alexander 13' Pullup Jump Shot (24 PTS),OKC,Oklahoma City Thunder,1610612760,1628983,S. Gilgeous-Alexander,93,88,Made,2.0,Pullup Jump shot,S. Gilgeous-Alexander,113.0,57.0,13.0,30.0,7.0,7.0,7.0,1,0,2.0,0,1.0,,3.0,Made,5.0,3.0,5.0,OKC,https://cdn.nba.com/logos/nba/1610612760/primary/L/logo.svg,Shai Gilgeous-Alexander,https://cdn.nba.com/headshots/nba/latest/1040x760/1628983.png
0042500313,99,2,PT00M34.30S,PT00M27.50S,2,"Rebound, Made Shot",Dort REBOUND (Off:0 Def:1) | J. Williams 24' 3PT Jump Shot (14 PTS) (Caruso 1 AST),OKC,Oklahoma City Thunder,1610612760,1631119,J. Williams,51,58,Made,3.0,Jump Shot,J. Williams,-238.0,20.0,24.0,28.0,6.0,6.0,6.0,1,0,3.0,0,0.0,,,,,0.0,3.0,OKC,https://cdn.nba.com/logos/nba/1610612760/primary/L/logo.svg,Jalen Williams,https://cdn.nba.com/headshots/nba/latest/1040x760/1631114.png
0042500316,154,3,PT00M34.90S,PT00M28.90S,2,"Rebound, Missed Shot",Jay. Williams REBOUND (Off:0 Def:7) | MISS Jay. Williams 25' 3PT Jump Shot,OKC,Oklahoma City Thunder,1610612760,1631119,J. Williams,92,66,Missed,3.0,Jump Shot,J. Williams,-203.0,145.0,25.0,29.0,6.0,6.0,6.0,1,0,0.0,0,0.0,,,,,0.0,0.0,OKC,https://cdn.nba.com/logos/nba/1610612760/primary/L/logo.svg,Jalen Williams,https://cdn.nba.com/headshots/nba/latest/1040x760/1631114.png
0042500317,47,1,PT00M40.20S,PT00M22.50S,2,"Free Throw, Missed Shot",Wembanyama Free Throw Technical (5 PTS) | MISS McCain 2' Driving Layup,OKC,Oklahoma City Thunder,1610612760,1642272,J. McCain,22,32,Missed,2.0,Driving Layup Shot,J. McCain,16.0,-4.0,2.0,22.0,18.0,18.0,18.0,0,1,1.0,1,,1.0,3.0,Made,16.0,3.0,4.0,OKC,https://cdn.nba.com/logos/nba/1610612760/primary/L/logo.svg,Jared McCain,https://cdn.nba.com/headshots/nba/latest/1040x760/1642272.png
0042500317,94,2,PT00M39.50S,PT00M35.20S,4,"Steal, Missed Shot, Rebound, Made Shot",Vassell STEAL (2 STL) | MISS Castle 2' Running Layup | Johnson REBOUND (Off:1 Def:0) | Johnson 2' Tip Dunk Shot (2 PTS),SAS,San Antonio Spurs,1610612759,1629640,K. Johnson,53,54,Missed,2.0,Running Layup Shot,S. Castle,13.0,16.0,2.0,35.0,5.0,5.0,5.0,1,0,2.0,0,1.0,,2.0,Made,5.0,2.0,4.0,SAS,https://cdn.nba.com/logos/nba/1610612759/primary/L/logo.svg,Stephon Castle,https://cdn.nba.com/headshots/nba/latest/1040x760/1642264.png
0042500401,104,2,PT00M39.20S,PT00M37.40S,2,"Steal, Made Shot",Fox STEAL (1 STL) | Fox 1' Running Dunk (4 PTS),SAS,San Antonio Spurs,1610612759,1628368,D. Fox,52,48,Made,2.0,Running Dunk Shot,D. Fox,-12.0,7.0,1.0,37.0,2.0,2.0,2.0,1,0,2.0,0,1.0,,3.0,Made,24.0,3.0,5.0,SAS,https://cdn.nba.com/logos/nba/1610612759/primary/L/logo.svg,De'Aaron Fox,https://cdn.nba.com/headshots/nba/latest/1040x760/1628368.png
0042500402,51,1,PT00M34.00S,PT00M31.20S,2,"Steal, Made Shot",Brunson STEAL (1 STL) | Shamet 1' Running Layup (2 PTS) (Brunson 2 AST),NYK,New York Knicks,1610612752,1629013,L. Shamet,32,25,Made,2.0,Running Layup Shot,L. Shamet,11.0,6.0,1.0,31.0,3.0,3.0,3.0,1,0,2.0,0,1.0,,0.0,Missed,4.0,0.0,2.0,NYK,https://cdn.nba.com/logos/nba/1610612752/primary/L/logo.svg,Landry Shamet,https://cdn.nba.com/headshots/nba/latest/1040x760/1629013.png
0042500402,157,3,PT00M40.20S,PT00M35.00S,2,"Rebound, Made Shot",Knicks Rebound | Robinson 1' Alley Oop Dunk (7 PTS) (Bridges 5 AST),NYK,New York Knicks,1610612752,1629011,M. Robinson,73,84,Made,2.0,Alley Oop Dunk Shot,M. Robinson,-2.0,-11.0,1.0,35.0,5.0,5.0,5.0,1,0,2.0,0,1.0,,0.0,Missed,5.0,0.0,2.0,NYK,https://cdn.nba.com/logos/nba/1610612752/primary/L/logo.svg,Mitchell Robinson,https://cdn.nba.com/headshots/nba/latest/1040x760/1629011.png
0042500403,201,4,PT00M38.90S,PT00M33.70S,2,"Rebound, Made Shot",Brunson REBOUND (Off:2 Def:3) | Brunson 25' 3PT Running Pull-Up Jump Shot (32 PTS),NYK,New York Knicks,1610612752,1628973,J. Brunson,108,111,Made,3.0,Running Pull-Up Jump Shot,J. Brunson,-91.0,232.0,25.0,34.0,5.0,5.0,5.0,1,0,3.0,0,1.0,,3.0,Made,9.0,3.0,6.0,NYK,https://cdn.nba.com/logos/nba/1610612752/primary/L/logo.svg,Jalen Brunson,https://cdn.nba.com/headshots/nba/latest/1040x760/1628973.png
0042500404,195,4,PT00M38.80S,PT00M30.30S,6,"Timeout, Missed Shot, Rebound, Foul, Free Throw, Free Throw",Spurs Timeout: Regular (Reg.6 Short 0) | MISS Fox 19' Pullup Jump Shot | Castle REBOUND (Off:2 Def:3) | Hart S.FOUL (P3.PN) (C.Kirkland) | Castle Free Throw 1 of 2 (12 PTS) | Castle Free Throw 2 of 2 (13 PTS),SAS,San Antonio Spurs,1610612759,1642264,S. Castle,105,106,Missed,2.0,Pullup Jump shot,D. Fox,32.0,185.0,19.0,32.0,,7.0,7.0,1,0,2.0,2,1.0,,0.0,Missed,11.0,0.0,2.0,SAS,https://cdn.nba.com/logos/nba/1610612759/primary/L/logo.svg,De'Aaron Fox,https://cdn.nba.com/headshots/nba/latest/1040x760/1628368.png
